Timestamp,Temperature,Humidity,Label
26/04/2026 09:30,29.162434536366323,71.48030822932995,0
26/04/2026 09:30,28.938824358634992,71.34271221662736,0
26/04/2026 09:30,28.947182824773655,71.33937011681948,0
26/04/2026 09:30,28.892703137784384,71.34147489572332,0
26/04/2026 09:30,29.08654076293247,71.1900092594157,0
26/04/2026 09:30,28.769846130311972,71.42540070791513,0
26/04/2026 09:30,29.174481176421647,71.53150386662067,0
26/04/2026 09:30,28.92387930991049,71.41382084901468,0
26/04/2026 09:30,29.03190390960571,71.43273632216973,0
26/04/2026 09:30,28.97506296245226,71.16840777216227,0
26/04/2026 09:30,29.146210793704498,71.16983191656905,0
26/04/2026 09:31,28.793985929050233,71.08386859635623,0
26/04/2026 09:31,28.967758279598648,71.48483796062426,0
26/04/2026 09:31,28.961594564533158,71.2618730198589,0
26/04/2026 09:31,29.113376944233543,71.50997659137215,0
26/04/2026 09:31,28.890010873268597,71.18271324759698,0
26/04/2026 09:31,28.982757179244956,71.23437365257571,0
26/04/2026 09:31,28.912214158207863,71.31431376307869,0
26/04/2026 09:31,29.00422137467156,71.43821751029893,0
26/04/2026 09:31,29.058281521371583,71.30911252936993,0
26/04/2026 09:31,28.889938082278707,71.33166871325116,0
26/04/2026 09:31,29.11447237098396,71.30247913509584,0
26/04/2026 09:31,29.09015907205928,71.32657815804139,0
26/04/2026 09:32,29.050249433890187,71.13252949731728,0
26/04/2026 09:32,29.090085594926443,71.31213906514598,0
26/04/2026 09:32,28.931627214082567,71.27201315097328,0
26/04/2026 09:32,28.987710977448135,71.29147632786712,0
26/04/2026 09:32,28.90642305657409,71.3738504833905,0
26/04/2026 09:32,28.973211192037397,71.19789827884867,0
26/04/2026 09:32,29.05303554667382,71.28732379588931,0
26/04/2026 09:32,28.930833924827468,71.25539571758397,0
26/04/2026 09:32,28.9603246473144,71.36259530074622,0
26/04/2026 09:32,28.93128272998804,71.41771559765233,0
26/04/2026 09:32,28.915479435850127,71.15668621064394,0
26/04/2026 09:32,28.93287538691632,71.3878865646654,0
26/04/2026 09:33,28.99873354010811,71.60986749803283,0
26/04/2026 09:33,28.888268965136472,71.0793264611251,0
26/04/2026 09:33,29.02344156978171,71.17547421570274,0
26/04/2026 09:33,29.165980217710988,71.16791336002338,0
26/04/2026 09:33,29.074204416057732,71.25813534176851,0
26/04/2026 09:33,28.98081644476384,71.5434273628931,0
26/04/2026 09:33,28.911237103591517,71.30200290145207,0
26/04/2026 09:33,28.925284170624916,71.19579596070692,0
26/04/2026 09:33,29.169245460102776,71.39327052564583,0
26/04/2026 09:33,29.0050807754776,71.21002932033937,0
26/04/2026 09:33,28.936300435343064,71.46851182430329,0
26/04/2026 09:33,29.019091548466747,71.3457900560366,0
26/04/2026 09:34,29.210025513647885,71.50831690945554,0
26/04/2026 09:34,29.01201589524816,71.20079836352704,0
26/04/2026 09:34,29.061720310970742,71.7546285668558,0
26/04/2026 09:34,29.030017031995584,71.42368769375501,0
26/04/2026 09:34,28.964775015350646,71.398187022888,0
26/04/2026 09:34,28.885748180197787,71.29232173285885,0
26/04/2026 09:34,28.965065727758713,71.19116043212983,0
26/04/2026 09:34,28.97911057666252,71.16983469835645,0
26/04/2026 09:34,29.05866231911822,71.27960340108491,0
26/04/2026 09:34,29.08389834138745,71.18040953217603,0
26/04/2026 09:34,29.093110208130355,71.34240135683726,0
26/04/2026 09:34,29.028558732525426,71.1760853852229,0
26/04/2026 09:35,29.088514116427074,71.39316240512585,0
26/04/2026 09:35,28.924560205900335,71.4434182556187,0
26/04/2026 09:35,29.125286815523328,71.19412392388965,0
26/04/2026 09:35,29.0512929820418,71.4789029101632,0
26/04/2026 09:35,28.97019071648973,71.26430870963716,0
26/04/2026 09:35,29.048851814653748,71.47329318291322,0
26/04/2026 09:35,28.992442828697893,71.36572495209369,0
26/04/2026 09:35,29.11316293874514,71.46834924824856,0
26/04/2026 09:35,29.15198168164222,71.15044703067055,0
26/04/2026 09:35,29.218557540653315,71.28398090198311,0
26/04/2026 09:35,28.860350366451186,71.51771438908864,0
26/04/2026 09:35,28.85558861945704,71.20729447284776,0
26/04/2026 09:36,28.949553413705356,70.99441981614788,0
26/04/2026 09:36,29.016003706944783,71.00861162277853,0
26/04/2026 09:36,29.087616892111622,70.92403390209859,0
26/04/2026 09:36,29.03156349472416,70.98287541171247,0
26/04/2026 09:36,28.7977798784176,71.23825412552172,0
26/04/2026 09:36,28.969379598737163,71.49177921242625,0
26/04/2026 09:36,29.082797464260725,71.23366560807303,0
26/04/2026 09:36,29.023009473536437,71.3485291030402,0
26/04/2026 09:36,29.076201118031204,71.28350127647546,0
26/04/2026 09:36,28.977767185738966,71.3012823418154,0
26/04/2026 09:36,28.979924193107,71.2747701740383,0
26/04/2026 09:36,29.018656139098827,71.2738729483538,0
26/04/2026 09:37,29.041005164720826,71.36917461499655,0
26/04/2026 09:37,29.019829972012676,71.1236025992838,0
26/04/2026 09:37,29.011900864580745,71.4515190766002,0
26/04/2026 09:37,28.932933771371097,71.43800268998716,0
26/04/2026 09:37,29.037756378632093,71.27074139886861,0
26/04/2026 09:37,29.012182127099145,71.42080901363482,0
26/04/2026 09:37,29.112948390791193,71.19479833606142,0
26/04/2026 09:37,29.119891787990152,71.2194165464187,0
26/04/2026 09:37,29.018515641748394,71.32343957754051,0
26/04/2026 09:37,28.96247150499099,71.27146684623727,0
26/04/2026 09:37,28.936126959254576,71.23268929509925,0
26/04/2026 09:37,29.04234943540641,71.199132794182,0
26/04/2026 09:38,29.007734006834855,71.21637579173209,0
26/04/2026 09:38,28.965614632442893,71.44087531162947,0
26/04/2026 09:38,29.004359685683426,71.00850148914975,0
26/04/2026 09:38,28.937999915605186,71.3528741546554,0
26/04/2026 09:38,29.069803203407222,71.26453445722805,0
26/04/2026 09:38,28.9552871435214,71.40917202499995,0
26/04/2026 09:38,29.12245077048055,71.3772610420459,0
26/04/2026 09:38,29.04034916417908,70.88261982985206,0
26/04/2026 09:38,29.059357852323707,71.38769699157162,0
26/04/2026 09:38,28.890508815425896,71.34864113651726,0
26/04/2026 09:38,29.016938243305866,71.30327942549398,0
26/04/2026 09:38,29.074055645109627,71.22969892755832,0
26/04/2026 09:39,28.904629939819205,71.42799218329334,0
26/04/2026 09:39,28.973378149399636,71.23804560354334,0
26/04/2026 09:39,29.003261454669335,71.57520764399744,0
26/04/2026 09:39,28.862688267975326,71.38465742832415,0
26/04/2026 09:39,29.03151593920423,71.62067421011592,0
26/04/2026 09:39,29.084616064758503,71.18216990046196,0
26/04/2026 09:39,28.9140484059168,71.03661115396507,0
26/04/2026 09:39,29.03505459786641,71.40721843962287,0
26/04/2026 09:39,28.868771658876256,71.42790560925879,0
26/04/2026 09:39,28.996130449073394,71.30530401455822,0
26/04/2026 09:39,28.83842276452967,71.0691810131383,0
26/04/2026 09:39,29.112141770823566,71.23281572229259,0
26/04/2026 09:40,29.04089005379368,71.39269783008805,0
26/04/2026 09:40,28.997538304412423,71.27237355115193,0
26/04/2026 09:40,28.922483838083085,71.28260222217914,0
26/04/2026 09:40,29.127375593015877,71.27368115470074,0
26/04/2026 09:40,29.196710174925474,71.15991280165602,0
26/04/2026 09:40,28.814201813555325,71.22004695108745,0
26/04/2026 09:40,29.123616403045283,71.08601668692192,0
26/04/2026 09:40,29.16276507531489,71.56519399224665,0
26/04/2026 09:40,29.033801169657448,71.2286940687293,0
26/04/2026 09:40,28.88007319676648,71.37164152727263,0
26/04/2026 09:40,29.086334531754403,71.1467171083038,0
26/04/2026 09:40,28.981907969792186,71.41917923594016,0
26/04/2026 09:41,28.939607937220675,71.0190258533547,0
26/04/2026 09:41,28.876994186433304,71.43809226770824,0
26/04/2026 09:41,29.055053749597622,71.29469481126819,0
26/04/2026 09:41,29.079280686591936,71.6165907580401,0
26/04/2026 09:41,28.93764692703202,71.1040198890734,0
26/04/2026 09:41,29.05205763370734,71.31145707202394,0
26/04/2026 09:41,28.885565861037687,71.35508477208258,0
26/04/2026 09:41,29.080186103187135,71.48493487885644,0
26/04/2026 09:41,29.004656729842413,71.23657145579138,0
26/04/2026 09:41,28.981343022809266,71.31296966097864,0
26/04/2026 09:41,28.989825412747084,70.9786299906384,0
26/04/2026 09:41,29.086888615700587,71.1754746703966,0
26/04/2026 09:42,29.0750411639865,71.36774239258328,0
26/04/2026 09:42,29.05294653243527,71.46562614894547,0
26/04/2026 09:42,29.013770120999737,71.25773955964016,0
26/04/2026 09:42,29.007782112791272,71.60845332847974,0
26/04/2026 09:42,29.06183802619985,71.56403738396736,0
26/04/2026 09:42,29.023249455917874,71.29090212623377,0
26/04/2026 09:42,29.06825514068645,70.93797454982393,0
26/04/2026 09:42,28.968988322648194,71.0333650436291,0
26/04/2026 09:42,28.756516223589287,71.18332117600589,0
26/04/2026 09:42,29.103882460185943,71.46737616618863,0
26/04/2026 09:42,29.218697964697427,71.34654084316756,0
26/04/2026 09:42,29.04413644435686,70.98586282756658,0
26/04/2026 09:43,28.98998447667165,71.26568512566948,0
26/04/2026 09:43,28.986355525610396,71.54200420618446,0
26/04/2026 09:43,28.98809458122252,71.2437792969046,0
26/04/2026 09:43,29.00174094083,71.18750455740864,0
26/04/2026 09:43,28.88779812712531,71.60819361537771,0
26/04/2026 09:43,28.948290554207976,71.30801143051976,0
26/04/2026 09:43,28.900297317234973,71.22812643518209,0
26/04/2026 09:43,29.024879916138776,71.35252507382424,0
26/04/2026 09:43,28.970335884762914,71.30257470895612,0
26/04/2026 09:43,29.049521132397796,71.23562865826473,0
26/04/2026 09:43,28.98252968402575,71.4812684492828,0
26/04/2026 09:43,29.098633518782123,71.46735527041767,0
26/04/2026 09:44,29.021353390133545,71.42612923372116,0
26/04/2026 09:44,29.219069972896975,71.28456691736396,0
26/04/2026 09:44,28.81036390771089,71.47203505645992,0
26/04/2026 09:44,28.93530833117451,71.2925446131262,0
26/04/2026 09:44,29.09014868916487,71.36999649008432,0
26/04/2026 09:44,29.25283257068064,71.45505303019092,0
26/04/2026 09:44,28.975136522228453,71.42132665403985,0
26/04/2026 09:44,29.004366899317837,71.56846320248094,0
26/04/2026 09:44,28.97736857574864,71.36769260240602,0
26/04/2026 09:44,29.13314571125876,71.04739100211977,0
26/04/2026 09:44,28.9712692136524,71.12597448425265,0
26/04/2026 09:44,29.06800698398781,71.50251602280225,0
26/04/2026 09:45,28.968019840110134,71.2503075245101,0
26/04/2026 09:45,28.8727441244754,71.35798087176997,0
26/04/2026 09:45,29.031354772046342,71.17228165152038,0
26/04/2026 09:45,29.05031848134353,71.45013221355204,0
26/04/2026 09:45,29.129322588253228,71.24227516267509,0
26/04/2026 09:45,28.988955297358267,71.51871623579143,0
26/04/2026 09:45,28.938263793628764,71.22016489686527,0
26/04/2026 09:45,29.0562761096619,71.46772000950766,0
26/04/2026 09:45,29.024073709223774,71.40115941572313,0
26/04/2026 09:45,29.028066507712264,71.19164121418787,0
26/04/2026 09:45,28.99268872962527,71.46484944991208,0
26/04/2026 09:45,29.116033856999376,71.16475482642859,0
26/04/2026 09:46,29.03694927163757,71.17662992166436,0
26/04/2026 09:46,29.1904658708341,71.4082566938169,0
26/04/2026 09:46,29.11110566985605,71.2061986997801,0
26/04/2026 09:46,29.06590497961002,71.21092353991182,0
26/04/2026 09:46,28.837256165938374,71.24841489361845,0
26/04/2026 09:46,29.060231928029562,71.14997462151912,0
26/04/2026 09:46,29.042028220364706,71.45674916145109,0
26/04/2026 09:46,29.081095167280356,71.39127720477272,0
26/04/2026 09:46,29.104444209470724,71.28960069549642,0
26/04/2026 09:46,28.959912180821107,71.28374118992397,0
26/04/2026 09:46,29.08240056184504,71.36752332691508,0
26/04/2026 09:46,28.943769456898092,71.56480026507786,0
26/04/2026 09:47,29.195487807500903,71.43064547037983,0
26/04/2026 09:47,28.866804833348276,71.22373142985869,0
26/04/2026 09:47,28.82393114396012,71.41661288078733,0
26/04/2026 09:47,28.83492787341759,71.28218432418453,0
26/04/2026 09:47,28.910944441583695,71.27015027242943,0
26/04/2026 09:47,28.888088460144026,71.57997070627282,0
26/04/2026 09:47,29.195607890370365,71.23715931534828,0
26/04/2026 09:47,28.96735005019218,71.22812226273089,0
26/04/2026 09:47,28.865732421062255,71.00718420691321,0
26/04/2026 09:47,29.111438297677978,71.08965062818203,0
26/04/2026 09:47,28.94134760611784,71.36766844081019,0
26/04/2026 09:47,28.87631466234586,71.19576186482222,0
26/04/2026 09:48,29.08758389276493,71.37731207026748,0
26/04/2026 09:48,29.062336217657805,71.13276934214511,0
26/04/2026 09:48,28.956504331704476,71.18490352605023,0
26/04/2026 09:48,29.140754000024124,71.4011856060434,0
26/04/2026 09:48,29.012910157971074,71.51913385706946,0
26/04/2026 09:48,29.16169495988573,71.3888709202136,0
26/04/2026 09:48,29.05027408819999,71.47967462625819,0
26/04/2026 09:48,29.155880554061987,71.55568912570585,0
26/04/2026 09:48,29.010940269642543,71.45601337297312,0
26/04/2026 09:48,28.878025560302095,71.16223399425499,0
26/04/2026 09:48,29.24493686490614,71.28419829312386,0
26/04/2026 09:48,28.945422583201744,71.39452935060274,0
26/04/2026 09:49,28.98011621371111,71.23777296480677,0
26/04/2026 09:49,28.929960149507874,71.36779190559818,0
26/04/2026 09:49,28.979660555103543,71.06312655719083,0
26/04/2026 09:49,29.02426694410818,71.17570580317154,0
26/04/2026 09:49,29.0201830178874,71.37933196183778,0
26/04/2026 09:49,29.066102028759868,70.96443702333313,0
26/04/2026 09:49,29.179215820897557,71.13384312465732,0
26/04/2026 09:49,28.98795354282115,71.29734225231347,0
26/04/2026 09:49,28.876687926455357,71.04209082880706,0
26/04/2026 09:49,28.881768187349035,71.30856814941231,0
26/04/2026 09:49,28.93342454818009,71.18006787639624,0
26/04/2026 09:49,28.832580419238106,71.25626081067487,0
26/04/2026 09:50,29.0825029824439,71.26115257198991,0
26/04/2026 09:50,28.950178643636892,71.3283939796338,0
26/04/2026 09:50,28.968901502169714,71.21543168981265,0
26/04/2026 09:50,28.999810851716198,71.31345296109839,0
26/04/2026 09:50,28.860337957540455,71.20982647990259,0
26/04/2026 09:50,28.913868363922397,71.38341102651161,0
26/04/2026 09:50,29.067471152568796,71.55407136699321,0
26/04/2026 09:50,29.06185391307863,71.32953046688755,0
26/04/2026 09:50,28.955682806929936,71.32548038830214,0
26/04/2026 09:50,29.181053491412545,71.12539880432581,0
26/04/2026 09:50,28.869427307744225,71.40400493384905,0
26/04/2026 09:50,28.9655012789845,71.18628990071656,0
26/04/2026 09:51,28.976916025686453,71.17867292052918,0
26/04/2026 09:51,28.720691499985346,71.38361591792871,0
26/04/2026 09:51,29.193752881361608,71.32715581165368,0
26/04/2026 09:51,29.036633201454006,71.46607631764236,0
26/04/2026 09:51,28.895541061809222,71.51643153927445,0
26/04/2026 09:51,29.205117344285746,71.21904776566963,0
26/04/2026 09:51,29.05856620001724,71.31925654852338,0
26/04/2026 09:51,29.042952614002196,71.5640622775363,0
26/04/2026 09:51,28.939300160179997,71.44498088753436,0
26/04/2026 09:51,29.010622272403523,71.4069573575455,0
26/04/2026 09:51,28.847431968377066,71.49593090977031,0
26/04/2026 09:51,29.079502609442486,71.20930955462534,0
26/04/2026 09:52,28.96255616811568,71.39548751141218,0
26/04/2026 09:52,29.013404819655463,71.5113880084046,0
26/04/2026 09:52,28.93748632288918,71.50397094587385,1
26/04/2026 09:52,29.179100564742136,71.35514550848437,1
26/04/2026 09:52,29.05454868540925,72.17234631541751,1
26/04/2026 09:52,29.80825013282309,72.45373086385275,1
26/04/2026 09:52,29.480116578495576,72.72992317807656,1
26/04/2026 09:52,29.80938047092823,72.77056771935153,1
26/04/2026 09:52,30.19707119082879,73.35271826055431,1
26/04/2026 09:52,30.12022568155716,73.44132550502506,1
26/04/2026 09:52,30.332987601504097,73.68037042722622,1
26/04/2026 09:52,30.539170959890125,75.09755302171445,1
26/04/2026 09:53,30.941160959761827,74.9787526135328,1
26/04/2026 09:53,31.384173350415654,75.48416009890481,1
26/04/2026 09:53,31.227350920049766,75.37879735711054,1
26/04/2026 09:53,31.232988263235697,75.9405091209274,1
26/04/2026 09:53,31.659773413376346,76.27494825187269,1
26/04/2026 09:53,31.66631084730369,76.58730591699843,1
26/04/2026 09:53,31.928170730867798,76.79643247066657,1
26/04/2026 09:53,32.28098500430304,77.07572827844494,1
26/04/2026 09:53,32.16454224029797,77.02993295251451,1
26/04/2026 09:53,32.44826374717376,77.88498499139588,1
26/04/2026 09:53,32.48348632801342,78.16320409008759,1
26/04/2026 09:53,32.75804291595083,78.61390492451864,1
26/04/2026 09:54,32.98422070938345,78.6434049726959,1
26/04/2026 09:54,32.95947669080329,79.35047534041708,1
26/04/2026 09:54,33.21677089408418,79.21223892911502,1
26/04/2026 09:54,33.3896216283737,79.34588186820882,1
26/04/2026 09:54,33.48442388630393,80.07526799333591,1
26/04/2026 09:54,33.55443585635039,80.07991393429118,1
26/04/2026 09:54,33.669299510702714,80.2037098663243,1
26/04/2026 09:54,34.00667865337553,80.75565772814045,1
26/04/2026 09:54,34.13380075210519,81.1528491088685,1
26/04/2026 09:54,34.65047680584356,81.31536002735066,1
26/04/2026 09:54,34.089247435925344,81.62660245304151,1
26/04/2026 09:54,34.60706439795322,82.60327994144366,1
26/04/2026 09:55,34.77834243666051,82.19442871826429,1
26/04/2026 09:55,35.05619576151024,82.57932209221842,1
26/04/2026 09:55,35.05378761781781,82.11253528924263,1
26/04/2026 09:55,34.97484936930857,82.81328837494388,1
26/04/2026 09:55,35.22110172129076,83.11937938868721,1
26/04/2026 09:55,35.41865267311139,83.1095412828444,1
26/04/2026 09:55,35.402989919268826,83.21858438350037,1
26/04/2026 09:55,35.67483915009781,83.6777803868387,1
26/04/2026 09:55,35.384539907048165,83.73348933518018,1
26/04/2026 09:55,36.02633417396984,83.86872977230993,1
26/04/2026 09:55,36.08499198858717,84.40147565167075,1
26/04/2026 09:55,35.908899378491746,84.61570881979999,1
26/04/2026 09:56,36.141537776888285,84.57896960464605,1
26/04/2026 09:56,36.14374312923932,84.59018106741757,1
26/04/2026 09:56,36.09496566855649,84.93912907207192,1
26/04/2026 09:56,36.31131295408043,85.14993497609612,1
26/04/2026 09:56,36.5230204796013,85.25043488711549,1
26/04/2026 09:56,36.38655849282939,84.96630657467495,1
26/04/2026 09:56,36.45403743934124,85.31437366853454,1
26/04/2026 09:56,36.56175478788937,85.57106179571527,1
26/04/2026 09:56,36.69632509602972,85.73313279511527,1
26/04/2026 09:56,36.8772383851555,85.90243420262124,1
26/04/2026 09:56,36.640236289425104,85.95562066668711,1
26/04/2026 09:56,36.85740267900102,85.66277988326608,1
26/04/2026 09:57,36.85498895288311,85.82583748238142,1
26/04/2026 09:57,36.580908485086084,85.79265231011449,1
26/04/2026 09:57,36.82961173636947,86.45935009461414,1
26/04/2026 09:57,36.9011307815117,86.18791967940207,1
26/04/2026 09:57,36.939161881346394,86.30769051226987,1
26/04/2026 09:57,37.01374837118323,86.44069554351398,1
26/04/2026 09:57,36.67417212016277,86.19711309582,1
26/04/2026 09:57,36.99814546035695,86.05331278345744,1
26/04/2026 09:57,36.896150144279325,86.21057328247618,1
26/04/2026 09:57,36.784084145989205,86.27037056176454,1
26/04/2026 09:57,37.07644594538008,86.59616515969854,1
26/04/2026 09:57,37.101499068295475,86.45743301179466,1
26/04/2026 09:58,36.88223303730328,86.04549546779167,1
26/04/2026 09:58,37.091216298410885,86.3669340130076,1
26/04/2026 09:58,36.88786994503567,86.3440345909865,1
26/04/2026 09:58,36.930953467649125,85.9395645692336,1
26/04/2026 09:58,36.72769836664297,86.07675140151439,1
26/04/2026 09:58,37.09737340146396,85.66685734837534,1
26/04/2026 09:58,36.42365413348604,86.03341927269395,1
26/04/2026 09:58,36.7674253491649,85.82650493781165,1
26/04/2026 09:58,36.839706125959054,85.53394617672065,1
26/04/2026 09:58,36.38046151869633,85.57064361413602,1
26/04/2026 09:58,36.602880256811375,85.65667895187626,1
26/04/2026 09:58,36.56134260252053,85.38864524144387,1
26/04/2026 09:59,36.63409330361864,85.44188258664182,1
26/04/2026 09:59,36.630954308546244,85.36751218372714,1
26/04/2026 09:59,36.31238175621801,84.95622189116176,1
26/04/2026 09:59,36.0904786213388,84.92158915604172,1
26/04/2026 09:59,36.42442127549777,85.26519054640103,1
26/04/2026 09:59,36.319230385417534,84.70524775467646,1
26/04/2026 09:59,35.98053585772922,84.34907798702204,1
26/04/2026 09:59,36.011884253383485,84.36068807593243,1
26/04/2026 09:59,35.922120222120164,83.90385776215345,1
26/04/2026 09:59,35.85159779028914,84.21403010407312,1
26/04/2026 09:59,35.695384702069845,83.87047379086081,1
26/04/2026 09:59,35.7701918256366,83.81563763590579,1
26/04/2026 10:00,35.189322223160154,83.57421615812157,1
26/04/2026 10:00,35.49342338029764,83.2604963911291,1
26/04/2026 10:00,35.27817105260227,83.159664864452,1
26/04/2026 10:00,35.06891113457132,82.77859240097727,1
26/04/2026 10:00,35.15453876157486,82.3772626416423,1
26/04/2026 10:00,34.500710203459356,82.06826703199542,1
26/04/2026 10:00,34.89700397977214,81.94056957813304,1
26/04/2026 10:00,34.64806712937128,81.28044979026775,1
26/04/2026 10:00,34.284492581351955,81.89231621468349,1
26/04/2026 10:00,34.38073567070907,80.92425861936312,1
26/04/2026 10:00,34.12854633031739,80.9862207674585,1
26/04/2026 10:00,34.41749716293676,80.46717954491247,1
26/04/2026 10:01,34.15778200322806,80.04953520937995,1
26/04/2026 10:01,33.79868118017045,80.15713411119621,1
26/04/2026 10:01,33.47218406196257,79.82670194211114,1
26/04/2026 10:01,33.33753704381474,79.56502248585372,1
26/04/2026 10:01,33.21883674473129,79.41152841631806,1
26/04/2026 10:01,33.02375837218307,78.87843780570509,1
26/04/2026 10:01,32.81039823137268,78.77401228361,1
26/04/2026 10:01,32.69286220018811,78.49297786669034,1
26/04/2026 10:01,32.57377558816186,78.01153588490746,1
26/04/2026 10:01,32.36937737546788,77.70625227084189,1
26/04/2026 10:01,32.17193439020159,77.55154025760571,1
26/04/2026 10:01,31.965401032699422,77.13282797938797,1
26/04/2026 10:02,32.31360604072792,76.82751826985373,1
26/04/2026 10:02,31.53475881510468,75.99212221745175,1
26/04/2026 10:02,31.42570245571092,76.14716898447344,1
26/04/2026 10:02,31.465536435149666,75.87657870721192,1
26/04/2026 10:02,31.172583000588528,75.43750406795188,1
26/04/2026 10:02,31.103915854673293,75.19282320744702,1
26/04/2026 10:02,30.978319852335115,75.16545553136079,1
26/04/2026 10:02,30.864914151627875,74.45867682817669,1
26/04/2026 10:02,30.604475161715683,74.22996766995966,1
26/04/2026 10:02,30.15795474708045,73.58066132673494,1
26/04/2026 10:02,30.288010470459334,73.23260472489059,1
26/04/2026 10:02,29.6709049165353,72.9583328072747,1
26/04/2026 10:03,29.73196872172029,72.50069252312008,1
26/04/2026 10:03,29.48748338247408,72.35262260649674,1
26/04/2026 10:03,29.21585824430996,71.81631780476572,1
26/04/2026 10:03,29.276290566935234,71.61663923530195,1
26/04/2026 10:03,28.972511513933064,71.01257131355383,1
26/04/2026 10:03,29.178862847343034,71.21133818922712,0
26/04/2026 10:03,29.043650985051197,71.22253739483173,0
26/04/2026 10:03,29.009649746807202,71.15600057296591,0
26/04/2026 10:03,28.81365072966355,71.35659428511698,0
26/04/2026 10:03,28.97226117974856,71.21379373692609,0
26/04/2026 10:03,28.964524102073103,71.28358184991791,0
26/04/2026 10:03,28.991725851851754,71.40186073997383,0
26/04/2026 10:04,28.937299932317615,71.17168442470101,0
26/04/2026 10:04,28.99561818310241,71.25496908882207,0
26/04/2026 10:04,28.95227819696405,71.62372240130854,0
26/04/2026 10:04,28.868613524663733,71.43114285839158,0
26/04/2026 10:04,29.08846223804996,71.10596950521173,0
26/04/2026 10:04,29.088131804220755,71.28803885927216,0
26/04/2026 10:04,29.170957306365295,71.38467282774418,0
26/04/2026 10:04,29.005003364217686,71.48502065666797,0
26/04/2026 10:04,28.959532258539912,71.32234795920215,0
26/04/2026 10:04,28.945464005238048,71.22041267834673,0
26/04/2026 10:04,28.845352268441705,71.19042100344599,0
26/04/2026 10:04,29.098236743425815,71.39675929774758,0
26/04/2026 10:05,28.889893236988854,71.34695905610361,0
26/04/2026 10:05,28.88149534729798,71.22250281128028,0
26/04/2026 10:05,28.979435010057745,71.27163925003464,0
26/04/2026 10:05,29.14861483550746,71.23757029773047,0
26/04/2026 10:05,29.02367162672269,71.40869864873592,0
26/04/2026 10:05,28.897621486007353,71.19650589840292,0
26/04/2026 10:05,28.928700679988793,71.37296217129028,0
26/04/2026 10:05,29.062524496616284,71.42772784257271,0
26/04/2026 10:05,28.983948663681307,71.37293739891625,0
26/04/2026 10:05,28.923116364968077,71.17486402239923,0
26/04/2026 10:05,28.976996927772205,71.50174886849334,0
26/04/2026 10:05,29.074505626640537,71.19826809809882,0
26/04/2026 10:06,29.19761107831263,71.36396526116602,0
26/04/2026 10:06,28.875587667104405,71.18699978096038,0
26/04/2026 10:06,28.937358308881162,71.03838346240383,0
26/04/2026 10:06,28.91962339054234,71.33386253993687,0
26/04/2026 10:06,28.75809168268213,71.34305527470423,0
26/04/2026 10:06,28.907620797830422,71.28838385591601,0
26/04/2026 10:06,28.897612423915717,71.34141027458642,0
26/04/2026 10:06,29.112397795895745,71.20273836675402,0
26/04/2026 10:06,28.98680857671991,71.18938027438118,0
26/04/2026 10:06,28.837671455416476,71.2747864852067,0
26/04/2026 10:06,29.064667545227017,71.58639152138998,0
26/04/2026 10:06,28.964372924055326,71.42222218118769,0
26/04/2026 10:07,28.825685896304655,71.22200123688536,0
26/04/2026 10:07,28.94033503583158,71.38380698072712,0
26/04/2026 10:07,28.941140562031176,71.22824530093351,0
26/04/2026 10:07,28.91261177022377,71.23141088192925,0
26/04/2026 10:07,29.002971381536103,71.4288926012397,0
26/04/2026 10:07,28.775174223242338,71.22121030322666,0
26/04/2026 10:07,28.973223813515393,71.04865480487231,0
26/04/2026 10:07,29.10131834418865,71.16402579491385,0
26/04/2026 10:07,29.085279784095416,71.3132622809303,0
26/04/2026 10:07,29.1108187499935,71.31920117316741,0
26/04/2026 10:07,29.11193906553189,71.48624247772378,0
26/04/2026 10:07,29.148754313199255,71.19259613037238,0
26/04/2026 10:08,28.888169931559965,71.40971986037302,0
26/04/2026 10:08,29.08458334070572,71.36389501247747,0
26/04/2026 10:08,28.813911047105787,71.27764793416767,0
26/04/2026 10:08,28.93971148959928,71.4253765853273,0
26/04/2026 10:08,28.80855279565942,71.37381783543707,0
26/04/2026 10:08,29.104814751224627,71.17065372695947,0
26/04/2026 10:08,29.13337378194425,71.46075258946742,0
26/04/2026 10:08,28.980258532084175,71.11686471201558,0
26/04/2026 10:08,29.177464503140595,71.30894231496355,0
26/04/2026 10:08,28.932527248968828,71.30036662429838,0
26/04/2026 10:08,29.0150616865365,71.36369535812898,0
26/04/2026 10:08,29.015294570276247,71.19118497794022,0
26/04/2026 10:09,28.89358047260635,71.29475849216719,0
26/04/2026 10:09,29.043794661128008,71.27890699594761,0
26/04/2026 10:09,29.19389784604005,71.44956325506405,0
26/04/2026 10:09,28.897506912539193,71.18061279601649,0
26/04/2026 10:09,29.08993384458408,71.31091182937271,0
26/04/2026 10:09,28.98454931481007,71.2608139272992,0
26/04/2026 10:09,29.176962730329375,71.10529300434958,0
26/04/2026 10:09,29.048378834760054,71.70141687014805,0
26/04/2026 10:09,29.067621639986307,71.2893171459259,0
26/04/2026 10:09,29.064316328059572,71.07700128936189,0
26/04/2026 10:09,29.024908670672584,71.51129404382733,0
26/04/2026 10:09,28.86042364973593,71.13941217512712,0
26/04/2026 10:10,29.13916629077448,71.35563049580453,0
26/04/2026 10:10,28.862933098744797,71.42942481424441,0
26/04/2026 10:10,29.02385631924059,71.20273519658359,0
26/04/2026 10:10,29.06140770877541,71.23536649169216,0
26/04/2026 10:10,28.91620877272977,71.21895946043142,0
26/04/2026 10:10,29.01450632141035,71.28059584853735,0
26/04/2026 10:10,29.116788228630163,71.05663082442956,0
26/04/2026 10:10,28.997589552992878,71.11465450638408,0
26/04/2026 10:10,28.911134258214705,71.2788820336723,0
26/04/2026 10:10,28.70842622482073,71.45584281760317,0
26/04/2026 10:10,28.902815949742738,71.39476162661435,0
26/04/2026 10:10,29.010112341428588,70.74773723996043,1
26/04/2026 10:11,29.853476500999328,70.36940645301347,1
26/04/2026 10:11,30.304817016550277,69.43077991196019,1
26/04/2026 10:11,31.38729547668696,68.25565830384704,1
26/04/2026 10:11,31.900618341972876,67.62347490683433,1
26/04/2026 10:11,32.39128848547694,66.22808478621711,1
26/04/2026 10:11,33.28795327879176,65.94498727661497,1
26/04/2026 10:11,34.22906653357435,65.06624428288542,1
26/04/2026 10:11,34.847494095742576,64.16382855135873,1
26/04/2026 10:11,35.20042621315886,64.00557332375,1
26/04/2026 10:11,36.177156965315056,62.58892423457733,1
26/04/2026 10:11,36.63149049131622,61.758881453934855,1
26/04/2026 10:11,37.29957975044167,60.812114001138895,1
26/04/2026 10:12,37.814074158131405,60.454612951762826,1
26/04/2026 10:12,38.014795661125646,59.45376831803248,1
26/04/2026 10:12,38.77840336311588,59.54629066957355,1
26/04/2026 10:12,39.0105576494047,58.440787757577425,1
26/04/2026 10:12,39.82507602632951,58.20294066043352,1
26/04/2026 10:12,40.0025929513418,58.324619117909464,1
26/04/2026 10:12,40.16654494410505,57.702608979873816,1
26/04/2026 10:12,40.21607986485814,57.10695030314284,1
26/04/2026 10:12,40.633884481316606,57.18522861218547,1
26/04/2026 10:12,40.819425595758794,56.54932362743379,1
26/04/2026 10:12,40.66358678394795,56.65684966507074,1
26/04/2026 10:12,41.420992784521495,56.33532606214832,1
26/04/2026 10:13,41.07885904294288,56.02836855897966,1
26/04/2026 10:13,41.31479228418689,56.45868047295346,1
26/04/2026 10:13,40.68281398500297,56.6986744991969,1
26/04/2026 10:13,41.11459651710457,56.46186067740209,1
26/04/2026 10:13,40.350804815176275,56.44211601800559,1
26/04/2026 10:13,40.282433028875886,56.87569343482837,1
26/04/2026 10:13,40.26580809233968,56.63942012948012,1
26/04/2026 10:13,39.867525879030374,57.545289105562375,1
26/04/2026 10:13,39.04406543392405,57.832812772250925,1
26/04/2026 10:13,38.9108182972603,59.24180263744745,1
26/04/2026 10:13,38.8757712032834,58.995282495331914,1
26/04/2026 10:13,38.6637330869661,59.279422643185356,1
26/04/2026 10:14,37.93059172061707,60.62672312235876,1
26/04/2026 10:14,37.15932460029126,60.97923025301505,1
26/04/2026 10:14,36.80839025672926,61.753221055776464,1
26/04/2026 10:14,35.824663313140434,62.53981507658345,1
26/04/2026 10:14,35.531905496342,63.32539212185743,1
26/04/2026 10:14,34.511552030202296,63.96136141352238,1
26/04/2026 10:14,34.10747947865489,65.19972020569918,1
26/04/2026 10:14,33.3913537044985,65.93510600848298,1
26/04/2026 10:14,32.868621255225236,66.51599952839486,1
26/04/2026 10:14,31.923685852552563,67.51821230964157,1
26/04/2026 10:14,31.4889762929911,68.20596970139103,1
26/04/2026 10:14,30.46464974707598,69.50426089916087,1
26/04/2026 10:15,29.92079197477788,70.57961634044956,1
26/04/2026 10:15,29.15732045655083,71.49522596930662,1
26/04/2026 10:15,29.044122748688505,71.21317613262173,0
26/04/2026 10:15,28.96691298481059,71.36358013899374,0
26/04/2026 10:15,29.24307711870078,71.2419002954975,0
26/04/2026 10:15,28.97479078703969,71.171469777752,0
26/04/2026 10:15,29.01096098415782,71.42229708396096,0
26/04/2026 10:15,29.158248111706158,71.27512759728216,0
26/04/2026 10:15,28.909076759514377,71.69680301680908,0
26/04/2026 10:15,28.94083633420697,71.2625795185153,0
26/04/2026 10:15,29.018760322583702,71.19239931575943,0
26/04/2026 10:15,28.967013004222064,71.21757540014549,0
26/04/2026 10:16,28.88072353875782,71.35566304258772,0
26/04/2026 10:16,28.979512348941242,71.19539812913143,0
26/04/2026 10:16,28.964117105299877,71.11050482552508,0
26/04/2026 10:16,29.06034716026095,71.54588185021909,0
26/04/2026 10:16,28.83352114705283,71.11397830461351,0
26/04/2026 10:16,28.929982096231004,71.52704686519965,0
26/04/2026 10:16,29.115139100948717,71.3211584849855,0
26/04/2026 10:16,29.18573310072313,71.14068530616674,0
26/04/2026 10:16,28.848882044231164,71.54995706023536,0
26/04/2026 10:16,29.064484751089278,71.2694819593969,0
26/04/2026 10:16,28.901939211478137,71.14886787078825,0
26/04/2026 10:16,28.914314684528392,71.30981143389202,0
26/04/2026 10:17,28.912812081674435,71.4929668607438,0
26/04/2026 10:17,28.95774920708376,71.40256149758287,0
26/04/2026 10:17,29.099643982691337,71.42393671939034,0
26/04/2026 10:17,29.071242127087658,71.56315044863673,0
26/04/2026 10:17,29.005914424321904,71.33218459767936,0
26/04/2026 10:17,28.963668912151807,71.35637221781171,0
26/04/2026 10:17,29.00032888429341,71.26610237517485,0
26/04/2026 10:17,28.98940695579426,71.0817959193344,0
26/04/2026 10:17,29.0793053319462,71.27831980103278,0
26/04/2026 10:17,28.93684283702078,71.54254682082647,0
26/04/2026 10:17,28.999380509151425,71.04034195578312,0
26/04/2026 10:17,28.989893238819075,71.50159192019915,0
26/04/2026 10:18,28.994769184914816,71.33923093608445,0
26/04/2026 10:18,29.02492176585649,71.16342209691108,0
26/04/2026 10:18,29.01976600910425,71.30982042361344,0
26/04/2026 10:18,29.133484857424158,71.56644831937226,0
26/04/2026 10:18,28.991312439372237,71.21403002174378,0
26/04/2026 10:18,29.156153229344888,71.41858904193455,0
26/04/2026 10:18,28.969414697883337,71.46972709606038,0
26/04/2026 10:18,28.95222685827218,71.1654359003739,0
26/04/2026 10:18,29.010073818875284,71.39490677929223,0
26/04/2026 10:18,29.035543847234937,71.38027327289326,0
26/04/2026 10:18,29.02696124064467,71.22887713845306,0
26/04/2026 10:18,29.129196338338797,71.40274788715672,0
26/04/2026 10:19,29.11393429788253,71.24582087221246,0
26/04/2026 10:19,29.04944403981211,71.2133855098288,0
26/04/2026 10:19,28.966366374086345,71.11479057513014,0
26/04/2026 10:19,28.98993856536929,71.35782198398762,0
26/04/2026 10:19,29.141339801792178,71.23562150113182,0
26/04/2026 10:19,29.0221254122851,71.21616105938824,0
26/04/2026 10:19,28.868922686662025,71.12765000338992,0
26/04/2026 10:19,28.931043476795182,71.09522663356024,0
26/04/2026 10:19,28.942248676676858,71.18161414770174,0
26/04/2026 10:19,29.115220477037568,71.40949397265904,0
26/04/2026 10:19,28.989283601517585,71.17791771986245,0
26/04/2026 10:19,29.226010677372027,71.51672892464364,0
26/04/2026 10:20,29.065661947026044,71.36123891876991,0
26/04/2026 10:20,29.01248068253302,71.32370977160569,0
26/04/2026 10:20,28.95642960809715,71.11951390020225,0
26/04/2026 10:20,29.09721793096792,71.59303830194783,0
26/04/2026 10:20,28.975928885773595,71.08390497529831,0
26/04/2026 10:20,28.917587654658288,71.38011126642044,0
26/04/2026 10:20,29.056813271773088,71.55414924851469,0
26/04/2026 10:20,29.001275831670615,71.27015791637194,0
26/04/2026 10:20,29.118906072582455,71.19747114818063,0
26/04/2026 10:20,28.992640668125116,71.29715028161601,0
26/04/2026 10:20,28.714031203337743,71.43734938929748,0
26/04/2026 10:20,29.078936640417997,71.50380608454306,0
26/04/2026 10:21,28.812225911605275,71.39066565262866,0
26/04/2026 10:21,29.153875614540905,71.13958765632405,0
26/04/2026 10:21,29.182136473858407,71.19887153006219,0
26/04/2026 10:21,28.957296861409517,71.33051120791204,0
26/04/2026 10:21,28.88352980898846,71.1085752258552,0
26/04/2026 10:21,28.860292597533174,71.26395450018026,0
26/04/2026 10:21,29.087265462125185,71.63614303546423,0
26/04/2026 10:21,28.979788182237954,71.14138071269076,0
26/04/2026 10:21,28.940164006657785,71.47408385171721,0
26/04/2026 10:21,28.975658029875376,71.16005233466531,0
26/04/2026 10:21,29.20885146875977,71.24889141702573,0
26/04/2026 10:21,29.034691932708775,71.28948033059919,0
26/04/2026 10:22,29.074572695003244,71.07417152711248,0
26/04/2026 10:22,29.0776907591123,71.28423802499998,0
26/04/2026 10:22,29.101842113318796,71.494523124184,0
26/04/2026 10:22,29.106135143868737,71.40757887473063,0
26/04/2026 10:22,28.928953355300404,71.40466566610397,0
26/04/2026 10:22,28.978481219757636,71.17932532376436,0
26/04/2026 10:22,28.923923969140432,71.27824223287735,0
26/04/2026 10:22,28.928883677169495,71.33034843493701,0
26/04/2026 10:22,29.114150773743468,71.40180493241168,0
26/04/2026 10:22,28.94982444528055,71.50137678196091,0
26/04/2026 10:22,28.992084863881686,71.15010038983453,0
26/04/2026 10:22,28.930717365799417,71.55493221350459,0
26/04/2026 10:23,28.94065972289569,71.25706756497567,0
26/04/2026 10:23,29.07882379435397,71.26225445511086,0
26/04/2026 10:23,28.95545700085014,71.11873297078503,0
26/04/2026 10:23,28.95178798132928,71.2898307373017,0
26/04/2026 10:23,29.049355766095143,71.26577210234309,0
26/04/2026 10:23,29.050048732749705,71.11482434997266,0
26/04/2026 10:23,29.079242261730663,71.25629243987721,0
26/04/2026 10:23,29.017076445246555,71.31820357722528,0
26/04/2026 10:23,28.824625913952296,71.2382849215959,0
26/04/2026 10:23,29.06302964765895,71.41688905278941,0
26/04/2026 10:23,29.049832921470024,71.1462973121326,0
26/04/2026 10:23,29.10181376095646,71.4334823252388,0
26/04/2026 10:24,28.91535313831217,71.27210262990725,0
26/04/2026 10:24,29.2520807634155,71.3558404669173,0
26/04/2026 10:24,28.87676138851967,71.02322222955071,0
26/04/2026 10:24,29.07269532606898,71.3193718807367,0
26/04/2026 10:24,29.00459552241023,71.2907149653193,0
26/04/2026 10:24,28.951286735448882,71.44035618560922,0
26/04/2026 10:24,29.081613236115665,71.12301452438422,0
26/04/2026 10:24,28.971856987878834,71.50460622625643,0
26/04/2026 10:24,28.766437817905608,71.13760532431938,0
26/04/2026 10:24,28.883272155028983,71.49750412812165,0
26/04/2026 10:24,29.04576580715863,71.38672934405798,0
26/04/2026 10:24,29.22379656117363,71.18683079025595,0
26/04/2026 10:25,28.8518740798524,71.6254642388826,0
26/04/2026 10:25,28.99830546822723,71.12065634891096,0
26/04/2026 10:25,29.145073354351858,71.27420386853971,0
26/04/2026 10:25,29.060687031914185,71.33106005833,0
26/04/2026 10:25,28.962437915592144,71.3782675617397,0
26/04/2026 10:25,28.857807545090154,71.33395839364643,0
26/04/2026 10:25,28.8218848701993,71.41986954146769,0
26/04/2026 10:25,28.925209421268693,71.36888687145459,0
26/04/2026 10:25,28.96315904690149,71.30490495049114,0
26/04/2026 10:25,28.775088187155653,71.16056556152643,0
26/04/2026 10:25,28.830632495915783,71.24824444926847,0
26/04/2026 10:25,29.030364846530823,71.43537192842699,0
26/04/2026 10:26,28.959100766196222,71.1250251038497,0
26/04/2026 10:26,28.924516940958874,71.31664877175432,0
26/04/2026 10:26,28.959248083479782,70.99274051310029,0
26/04/2026 10:26,28.91873752388937,71.19565835806267,0
26/04/2026 10:26,29.0927516207917,71.05652591200104,0
26/04/2026 10:26,29.163995406621876,71.48668111709587,0
26/04/2026 10:26,29.207361552865677,71.02658762093353,0
26/04/2026 10:26,29.070979785979382,71.26405904019282,0
26/04/2026 10:26,29.07471525922097,71.40926645966154,0
26/04/2026 10:26,29.146309547967334,71.39133264032506,0
26/04/2026 10:26,29.17384488142377,71.41597770680158,0
26/04/2026 10:26,29.146520488443315,71.45935307438587,0
26/04/2026 10:27,29.121228340554435,71.37102575356997,0
26/04/2026 10:27,28.936534750038337,71.42518968075106,0
26/04/2026 10:27,28.840030149611177,71.29187880863604,0
26/04/2026 10:27,29.087715281218674,71.29615404683568,0
26/04/2026 10:27,28.990616755133395,71.03593990338051,0
26/04/2026 10:27,28.994432896531208,71.3253057817295,0
26/04/2026 10:27,28.911057926588835,71.49009152336325,0
26/04/2026 10:27,28.869904854830445,71.18780772507633,0
26/04/2026 10:27,29.140216662037584,71.12453792766443,0
26/04/2026 10:27,29.04651009937137,71.31368516986028,0
26/04/2026 10:27,28.8934967380618,71.47016284806521,0
26/04/2026 10:27,29.039042060804487,71.48098615040317,0
26/04/2026 10:28,29.030560017220832,71.07493021373459,0
26/04/2026 10:28,29.052184949031634,71.3675031044815,0
26/04/2026 10:28,29.22332708137449,71.20156259869943,0
26/04/2026 10:28,28.996529789876934,71.34162064533666,0
26/04/2026 10:28,28.87203768177354,70.96134457121067,0
26/04/2026 10:28,29.003654264148725,71.43826815654917,0
26/04/2026 10:28,28.93536434144762,71.2406612574417,0
26/04/2026 10:28,29.054856783685658,71.33075145106253,0
26/04/2026 10:28,29.02105424560283,71.27305234626826,0
26/04/2026 10:28,29.0346501750476,71.14490510576853,0
26/04/2026 10:28,28.94329488317328,71.37883063131984,0
26/04/2026 10:28,29.04136788083431,71.22774942563248,0
26/04/2026 10:29,28.948974394392373,71.19673758003913,0
26/04/2026 10:29,29.051725935471623,71.39887896674895,0
26/04/2026 10:29,28.969899487161584,71.28745975717518,0
26/04/2026 10:29,28.888159356871864,71.19507300899407,0
26/04/2026 10:29,29.049852362361857,71.44089322205154,0
26/04/2026 10:29,28.929390613006266,71.2114374026463,0
26/04/2026 10:29,29.144388110337616,71.29529735185011,0
26/04/2026 10:29,29.044295626086395,71.41013340308972,0
26/04/2026 10:29,29.046770521462875,71.44155644808261,0
26/04/2026 10:29,29.010134479014205,71.48002403594457,0
26/04/2026 10:29,28.99406480191222,71.54851158601521,0
26/04/2026 10:29,28.761330225562062,71.3067474783299,0
26/04/2026 10:30,29.12221705568781,71.18027354746293,0
26/04/2026 10:30,28.918608799225346,71.54720510310068,0
26/04/2026 10:30,29.095626185738077,71.50874114471718,0
26/04/2026 10:30,28.93614894445795,71.25509580751572,0
26/04/2026 10:30,28.985687358234287,71.40518073685885,0
26/04/2026 10:30,28.977581016742747,71.24335976588888,0
26/04/2026 10:30,28.896150475989064,71.0664048393775,0
26/04/2026 10:30,28.98282909515607,71.45572634270856,0
26/04/2026 10:30,29.04763461763468,71.35190777968779,0
26/04/2026 10:30,28.95858217344121,71.31835726634024,0
26/04/2026 10:30,28.87359166568565,71.55350090563613,0
26/04/2026 10:30,28.942678444398616,71.51490682125147,0
26/04/2026 10:31,29.02498173159212,71.2037564564244,0
26/04/2026 10:31,29.11472020816149,71.13372109157228,0
26/04/2026 10:31,29.08359439567722,71.01579451052714,0
26/04/2026 10:31,29.028740364503843,71.30093334307269,0
26/04/2026 10:31,28.900440370108683,71.24208129016343,0
26/04/2026 10:31,29.090688946756593,71.35447957302863,0
26/04/2026 10:31,29.00242107443861,71.30192731235431,0
26/04/2026 10:31,28.976001826530897,71.20155014298439,0
26/04/2026 10:31,29.09101105639068,71.23934754507475,0
26/04/2026 10:31,29.06178447508393,71.06629905055787,0
26/04/2026 10:31,29.049961804386534,71.4842570055923,0
26/04/2026 10:31,28.884845575472458,71.2201171817028,0
26/04/2026 10:32,28.938948359936287,71.39185340956756,0
26/04/2026 10:32,28.829611459247996,71.20133775437213,0
26/04/2026 10:32,29.01944373777997,71.31062783385725,0
26/04/2026 10:32,29.002824124847862,71.39451002010759,0
26/04/2026 10:32,29.093256050631698,71.25892974293427,0
26/04/2026 10:32,29.021204331876966,71.17771697958757,0
26/04/2026 10:32,28.963205543144877,71.64878155859837,0
26/04/2026 10:32,29.211148840437325,71.27022727691954,0
26/04/2026 10:32,28.897042650576484,71.38524095733588,0
26/04/2026 10:32,28.866371969077846,71.28785894183501,0
26/04/2026 10:32,28.938943264220896,71.18401578726828,0
26/04/2026 10:32,29.052469426247328,71.49713889360645,0
26/04/2026 10:33,28.965069187445135,71.35867435264043,0
26/04/2026 10:33,28.955926153735152,71.3511368254083,0
26/04/2026 10:33,28.887871239910215,70.95865184264065,0
26/04/2026 10:33,29.147284472972025,71.34307291300755,0
26/04/2026 10:33,28.937662776247368,71.42593426844029,0
26/04/2026 10:33,28.891929804775376,71.34244908023692,0
26/04/2026 10:33,28.98774699073059,71.2777349188127,0
26/04/2026 10:33,28.919225690444904,71.47892728891291,0
26/04/2026 10:33,28.976744377618463,71.33691618962638,0
26/04/2026 10:33,29.13351503366259,71.38709036148389,0
26/04/2026 10:33,28.95535432733075,71.45550025682363,0
26/04/2026 10:33,28.995021131568844,71.45013347613563,0
26/04/2026 10:34,28.963145522091914,71.10286407291298,0
26/04/2026 10:34,28.980826043154828,71.35044466684731,0
26/04/2026 10:34,29.081967992007623,71.18575670462607,0
26/04/2026 10:34,29.05316337242935,70.99883238913718,0
26/04/2026 10:34,28.96583849641013,71.34281370182092,0
26/04/2026 10:34,28.906909951947316,71.03931183666603,0
26/04/2026 10:34,28.986578300571903,71.2300278191432,0
26/04/2026 10:34,29.08325936130243,70.92361477316531,0
26/04/2026 10:34,28.998264673104792,71.14684664587004,0
26/04/2026 10:34,28.98723417780464,71.22952870571704,0
26/04/2026 10:34,28.8192083375784,71.2988362318501,0
26/04/2026 10:34,29.099396897687168,71.21902094139838,0
26/04/2026 10:35,28.850887114118176,71.16133437398189,0
26/04/2026 10:35,28.87178925199381,71.164845859489,0
26/04/2026 10:35,28.962429259021906,71.52983194803774,0
26/04/2026 10:35,29.00346438757678,71.22940287281298,0
26/04/2026 10:35,29.004507815808385,71.28531492876775,0
26/04/2026 10:35,28.923625310715366,71.58262538789468,0
26/04/2026 10:35,28.968686149280337,71.03860515758947,0
26/04/2026 10:35,28.939301046442377,70.98966577785903,0
26/04/2026 10:35,28.819044877117634,71.14666958560967,0
26/04/2026 10:35,28.974448225772896,71.24064112502334,0
26/04/2026 10:35,28.93062006531832,71.12787583232188,0
26/04/2026 10:35,29.04191977576402,71.29353424238211,0
26/04/2026 10:36,28.985479981343794,71.28660535079251,0
26/04/2026 10:36,29.09638012998821,71.06728686957179,0
26/04/2026 10:36,29.06962219882267,71.32411581132152,0
26/04/2026 10:36,29.08994054623759,71.08446501957592,0
26/04/2026 10:36,29.120837807315198,71.40470863389098,0
26/04/2026 10:36,29.069325370431233,71.33289383675732,0
26/04/2026 10:36,28.9833639388635,71.6280137250381,0
26/04/2026 10:36,29.1353113110507,71.42314142380567,0
26/04/2026 10:36,28.907137348698285,71.2683831246684,0
26/04/2026 10:36,28.996452751305384,71.35061644792383,0
26/04/2026 10:36,29.085964595176282,71.32096290592227,0
26/04/2026 10:36,28.97125033903928,71.18791071104327,0
26/04/2026 10:37,29.071494994623745,71.0809118769197,0
26/04/2026 10:37,28.919654739918478,71.46374770635565,0
26/04/2026 10:37,28.945951804200927,71.52678049664962,0
26/04/2026 10:37,29.05461774263684,71.22938217288818,0
26/04/2026 10:37,29.071188926051864,71.26020707315524,0
26/04/2026 10:37,29.119715449028206,71.2262475642166,0
26/04/2026 10:37,28.99299329749473,71.45060542722666,0
26/04/2026 10:37,29.029822712172624,71.48055968871994,0
26/04/2026 10:37,29.06261926072814,71.16824129130758,0
26/04/2026 10:37,29.046743205826928,71.24801255511466,0
26/04/2026 10:37,28.869737856825022,71.21864203676175,0
26/04/2026 10:37,28.94299103503,71.33119970315471,0
26/04/2026 10:38,29.144295001009677,71.41438026219119,0
26/04/2026 10:38,28.87560048657781,71.45965805009398,0
26/04/2026 10:38,29.06288803314609,71.25772072643196,0
26/04/2026 10:38,28.957440787373258,71.15152494573013,0
26/04/2026 10:38,29.100320955981807,71.38008562629412,0
26/04/2026 10:38,28.92218223913064,71.388403827871,0
26/04/2026 10:38,29.004894463011272,71.2467613517512,0
26/04/2026 10:38,28.797359811150145,71.32465231205065,0
26/04/2026 10:38,28.995806364987374,71.35320627403316,0
26/04/2026 10:38,29.107454277934053,71.43160139043071,0
26/04/2026 10:38,28.84991405997209,71.31027517756075,0
26/04/2026 10:38,29.118574443447176,71.37265100755471,0
26/04/2026 10:39,28.928491875802205,71.3265042213727,0
26/04/2026 10:39,28.994876147492405,71.1547579310876,0
26/04/2026 10:39,28.72254166392291,71.40535629711641,0
26/04/2026 10:39,29.10786281312529,71.31472911832222,0
26/04/2026 10:39,28.91243140830757,71.45796888392024,0
26/04/2026 10:39,28.946189068080482,71.12191466395801,0
26/04/2026 10:39,28.872178430098995,71.19456817123802,0
26/04/2026 10:39,28.900723055384574,71.34886149975257,0
26/04/2026 10:39,29.11434278876346,71.04251004042868,0
26/04/2026 10:39,28.94909274015408,71.27990662182401,0
26/04/2026 10:39,29.089500093879,71.23277859977752,0
26/04/2026 10:39,28.982379663382076,71.23771218704235,0
26/04/2026 10:40,29.034608346855563,71.26213899175896,0
26/04/2026 10:40,28.949368987071125,70.96558078218516,0
26/04/2026 10:40,29.04271640199639,71.30622851417981,0
26/04/2026 10:40,29.2588569585641,71.31112150665716,0
26/04/2026 10:40,29.065289301477744,71.45742714593685,0
26/04/2026 10:40,29.05058397918953,71.51657384038666,0
26/04/2026 10:40,28.952404916935365,71.35320584003158,0
26/04/2026 10:40,29.10109087396597,71.4388039501279,0
26/04/2026 10:40,29.13592009708925,70.94091810772763,0
26/04/2026 10:40,28.8297910033389,71.38206556698547,0
26/04/2026 10:40,28.861966777021657,71.46577833330151,0
26/04/2026 10:40,29.210177668320977,71.43052347842321,0
26/04/2026 10:41,29.042589916753446,71.33558492914943,0
26/04/2026 10:41,29.01292002290299,71.24662752959888,0
26/04/2026 10:41,29.056296251320056,71.24529880918202,0
26/04/2026 10:41,29.109676472435435,71.303486069569,0
26/04/2026 10:41,29.080081885075302,71.36433750274266,0
26/04/2026 10:41,28.977691673321534,71.38574602259696,0
26/04/2026 10:41,29.20636706641082,71.28581821858174,0
26/04/2026 10:41,29.00126235014145,71.11152991300894,0
26/04/2026 10:41,28.912522620289273,71.57347451761414,0
26/04/2026 10:41,28.944292061938246,71.1701926271508,0
26/04/2026 10:41,28.98676980495437,70.89823162811798,0
26/04/2026 10:41,28.962077501479637,71.51390352352803,0
26/04/2026 10:42,28.98122062938037,71.45196605133289,0
26/04/2026 10:42,29.03154661502201,71.32828935272275,0
26/04/2026 10:42,28.671608455237333,71.44593880122336,0
26/04/2026 10:42,28.922130674727676,71.36672507744234,0
26/04/2026 10:42,29.09503447080453,71.17509700688333,0
26/04/2026 10:42,29.05630013013693,71.3174419516668,0
26/04/2026 10:42,28.931934593464582,71.11462508541882,0
26/04/2026 10:42,28.93754966095575,71.20252407774655,0
26/04/2026 10:42,29.11404959380937,71.16998935153507,0
26/04/2026 10:42,28.975227105678194,71.32343144305717,0
26/04/2026 10:42,28.946979472510208,71.45949965902898,0
26/04/2026 10:42,29.185571440429836,71.20318131302948,0
26/04/2026 10:43,28.963012787332794,71.36904393213203,0
26/04/2026 10:43,29.06842468161801,70.98018715706796,0
26/04/2026 10:43,28.995432970294154,71.13918853709382,0
26/04/2026 10:43,29.005078664982705,71.38030096142005,0
26/04/2026 10:43,28.905277444396177,71.4436727990313,0
26/04/2026 10:43,28.917301258164063,71.44149040828229,0
26/04/2026 10:43,29.125807360667647,71.46041249025878,0
26/04/2026 10:43,28.886110974175708,71.05418740959311,0
26/04/2026 10:43,29.027736011743265,71.22190466307042,0
26/04/2026 10:43,28.880555403558347,70.91301964729224,0
26/04/2026 10:43,28.9759563165093,71.2766177393072,0
26/04/2026 10:43,28.996279173418422,71.33523267667266,0
26/04/2026 10:44,28.837032160110276,71.2490671798994,0
26/04/2026 10:44,29.113486337534777,71.16096101871794,0
26/04/2026 10:44,28.98162005684797,71.36442263511135,0
26/04/2026 10:44,29.121473772840414,71.3797488878275,0
26/04/2026 10:44,28.90657214050096,71.32003928350751,0
26/04/2026 10:44,29.0911862413003,71.20950035182582,0
26/04/2026 10:44,29.233424009509992,71.30645773408486,0
26/04/2026 10:44,29.02165319556753,71.3127946856383,0
26/04/2026 10:44,28.93529315226459,71.34009454296165,0
26/04/2026 10:44,29.047870605481716,71.39332762960852,0
26/04/2026 10:44,29.01408271527216,71.29596356860175,0
26/04/2026 10:44,28.979000139897824,71.08320468211704,0
26/04/2026 10:45,28.987949335598444,71.25890236835194,0
26/04/2026 10:45,30.937643265302498,67.75403421152205,1
26/04/2026 10:45,31.613043587545302,67.45756060309817,1
26/04/2026 10:45,31.971652459454273,66.81597192801907,1
26/04/2026 10:45,32.19640842328842,66.54151616789088,1
26/04/2026 10:45,32.30816637979489,65.82665190289013,1
26/04/2026 10:45,33.392748041206254,65.10911578902841,1
26/04/2026 10:45,33.80982592418631,64.75145574429176,1
26/04/2026 10:45,33.62052521138646,64.17527369115778,1
26/04/2026 10:45,34.550107483005476,63.87509072591489,1
26/04/2026 10:45,34.391058191567254,64.03353487118109,1
26/04/2026 10:45,35.210474454060936,63.518796074674,1
26/04/2026 10:46,34.96132136145852,63.08679082387291,1
26/04/2026 10:46,34.87793029321433,62.97256684160132,1
26/04/2026 10:46,35.24278904886127,62.827989399080124,1
26/04/2026 10:46,35.01290071011566,62.95535891762098,1
26/04/2026 10:46,34.957300176813035,62.63974496212139,1
26/04/2026 10:46,34.83366216757981,63.410522518325365,1
26/04/2026 10:46,34.622097205792485,63.352643234018664,1
26/04/2026 10:46,34.56463698429204,63.91050803708521,1
26/04/2026 10:46,34.33752310616997,64.31915986585692,1
26/04/2026 10:46,33.940477803280665,64.50763058971276,1
26/04/2026 10:46,33.88686984006622,64.54016062745015,1
26/04/2026 10:46,32.873329885330406,64.95244597747134,1
26/04/2026 10:47,32.642808563291965,66.07742508293373,1
26/04/2026 10:47,32.467613376925335,66.62258919508089,1
26/04/2026 10:47,31.616708147977935,66.52157863179485,1
26/04/2026 10:47,31.70253904081441,67.2293199717973,1
26/04/2026 10:47,31.064493980560677,68.4249447395972,1
26/04/2026 10:47,30.419132084042563,68.70306256526551,1
26/04/2026 10:47,30.103011110484672,69.86401409802747,1
26/04/2026 10:47,29.433430442308815,69.9666271189422,1
26/04/2026 10:47,28.828806726146684,70.62218548402608,1
26/04/2026 10:47,28.89672057962683,70.8181598762929,1
26/04/2026 10:47,28.545129219200756,71.16979351353588,1
26/04/2026 10:47,28.04682970268314,71.28509485193676,1
26/04/2026 10:48,27.727729091239517,71.27277022810463,1
26/04/2026 10:48,27.059613046452345,72.72840568865853,1
26/04/2026 10:48,27.11920740637393,72.88061985224502,1
26/04/2026 10:48,27.044883585366303,72.67623834605102,1
26/04/2026 10:48,27.089500892613756,73.26230451200692,1
26/04/2026 10:48,27.278720329754996,72.55774237818649,1
26/04/2026 10:48,26.91148533895448,73.45296780196264,1
26/04/2026 10:48,26.927633221546127,73.03712165356795,1
26/04/2026 10:48,27.39665938997973,73.2461571724792,1
26/04/2026 10:48,27.354016300263993,72.01843225916902,1
26/04/2026 10:48,27.329039438283097,72.67488972857763,1
26/04/2026 10:48,28.11637019931509,72.18772554978,1
26/04/2026 10:49,28.01390396039561,71.6200857218913,1
26/04/2026 10:49,28.42437658342067,70.81852693543304,1
26/04/2026 10:49,28.714960219979073,70.70437104915267,1
26/04/2026 10:49,29.406867584593062,70.15995089759899,1
26/04/2026 10:49,29.986093824899847,69.35309261724676,1
26/04/2026 10:49,30.149322861457524,68.55815461492676,1
26/04/2026 10:49,30.767382453544656,68.06927639390511,1
26/04/2026 10:49,31.061775105302264,67.64570933269317,1
26/04/2026 10:49,32.08920457329688,67.56372891725641,1
26/04/2026 10:49,32.37974419085563,67.00713360056427,1
26/04/2026 10:49,32.40262341151976,66.60512455445374,1
26/04/2026 10:49,33.049077112025586,65.71782328373814,1
26/04/2026 10:50,33.52645901899803,64.6432233705502,1
26/04/2026 10:50,33.78681855907087,64.40011790495883,1
26/04/2026 10:50,33.87600878576208,63.86923643506006,1
26/04/2026 10:50,34.27979225354527,63.78236571848477,1
26/04/2026 10:50,34.696902865787806,63.97361812104457,1
26/04/2026 10:50,34.83100639804783,63.2685685251808,1
26/04/2026 10:50,34.710237623162485,63.018808337088224,1
26/04/2026 10:50,35.05725481994833,63.1988853231351,1
26/04/2026 10:50,34.796880025604,63.220247210590344,1
26/04/2026 10:50,34.55052161885108,63.3187818823595,1
26/04/2026 10:50,34.93448426232335,62.84477820846153,1
26/04/2026 10:50,34.95928393950217,63.02523291009614,1
26/04/2026 10:51,34.675150948955554,63.379817182468045,1
26/04/2026 10:51,34.64919407571577,64.02868452556497,1
26/04/2026 10:51,34.427972310722346,64.21040305179045,1
26/04/2026 10:51,33.829309903471916,64.26034827342782,1
26/04/2026 10:51,33.272701346460806,65.56735064908435,1
26/04/2026 10:51,33.00180782734062,65.32293976763746,1
26/04/2026 10:51,32.30379640208891,65.97085614656541,1
26/04/2026 10:51,32.14689652637386,66.5283582466496,1
26/04/2026 10:51,31.68069324932118,66.88041730985073,1
26/04/2026 10:51,31.269280330260703,67.6967991544363,1
26/04/2026 10:51,30.984901820624074,68.30943294977071,1
26/04/2026 10:51,29.875842435585696,68.95217474506036,1
26/04/2026 10:52,29.99615528694349,69.53733976833978,1
26/04/2026 10:52,29.29827423185307,69.83216834591664,1
26/04/2026 10:52,29.147389233030747,70.23647831809467,1
26/04/2026 10:52,28.633361864600978,71.32988693851166,1
26/04/2026 10:52,28.034309363666928,71.38284971430188,1
26/04/2026 10:52,28.096784637479537,72.17690757869917,1
26/04/2026 10:52,27.49669498752591,72.33026412301528,1
26/04/2026 10:52,27.51781759912578,73.28830292045136,1
26/04/2026 10:52,27.112581015297387,72.68253223416505,1
26/04/2026 10:52,27.004790930071753,72.3783869940819,1
26/04/2026 10:52,27.04551963707556,72.87661767996511,1
26/04/2026 10:52,27.381138841569108,73.36325581335942,1
26/04/2026 10:53,27.170961494175696,73.530189678036,1
26/04/2026 10:53,27.11448158136436,73.37724514406797,1
26/04/2026 10:53,27.59037876619371,72.87841427544706,1
26/04/2026 10:53,27.454580812156664,72.92054331699846,1
26/04/2026 10:53,27.62823450998117,71.84637495620663,1
26/04/2026 10:53,27.778732280945057,71.61918289874372,1
26/04/2026 10:53,28.33185186440589,71.10364592390614,1
26/04/2026 10:53,28.68482633361836,71.10953675326546,1
26/04/2026 10:53,28.920139634381393,70.82902022335644,1
26/04/2026 10:53,29.095480414581903,69.9232519972808,1
26/04/2026 10:53,29.892832452420198,69.48453039160313,1
26/04/2026 10:53,30.401101906510764,68.650813139524,1
26/04/2026 10:54,30.76493471104644,68.09607690403449,1
26/04/2026 10:54,31.12122780816781,67.6593633929953,1
26/04/2026 10:54,31.56101072254506,67.50582071175145,1
26/04/2026 10:54,32.131753322415385,66.61938282144558,1
26/04/2026 10:54,32.93747417761814,66.08651121499129,1
26/04/2026 10:54,33.10887335416725,65.73766886825702,1
26/04/2026 10:54,33.13680512168683,65.12718994775436,1
26/04/2026 10:54,33.94325604113122,64.27904159767145,1
26/04/2026 10:54,34.037746920274024,64.62624530012286,1
26/04/2026 10:54,34.86504484266526,63.7260576967012,1
26/04/2026 10:54,34.55797185117563,63.492556415056484,1
26/04/2026 10:54,34.7825390155198,63.24705504860173,1
26/04/2026 10:55,34.95517001710433,63.2985480657729,1
26/04/2026 10:55,35.04196510340363,62.96718458448037,1
26/04/2026 10:55,35.00865865398219,63.12541182419273,1
26/04/2026 10:55,34.96755141440751,63.5797710021609,1
26/04/2026 10:55,34.81809730180335,62.948314101302884,1
26/04/2026 10:55,34.603259800422414,62.81162362343005,1
26/04/2026 10:55,34.4401758702704,64.00127993950791,1
26/04/2026 10:55,34.030996200322825,64.00592738088093,1
26/04/2026 10:55,33.87042394859498,64.49394408746618,1
26/04/2026 10:55,33.51078380077352,64.91679364502939,1
26/04/2026 10:55,33.18798164728089,65.05572880692192,1
26/04/2026 10:55,32.78577380523271,65.71942459778136,1
26/04/2026 10:56,32.420855120540146,65.68026248866286,1
26/04/2026 10:56,32.0943089831468,66.72591033101615,1
26/04/2026 10:56,31.48277408319025,67.34958537372961,1
26/04/2026 10:56,31.096206431134338,67.55566950355202,1
26/04/2026 10:56,30.664412208906498,68.28285637897142,1
26/04/2026 10:56,30.08510719059028,69.03053183466798,1
26/04/2026 10:56,29.668322276615353,69.7264149731774,1
26/04/2026 10:56,29.335539156403982,70.11889775233924,1
26/04/2026 10:56,28.515591036273076,71.09872108366363,1
26/04/2026 10:56,28.607099736615215,71.3786009263456,1
26/04/2026 10:56,28.03600879260557,71.83116476774943,1
26/04/2026 10:56,27.086560762936486,71.44232771178582,1
26/04/2026 10:57,27.66897640094929,72.17730688197042,1
26/04/2026 10:57,27.106606883589873,72.62713941249895,1
26/04/2026 10:57,27.359893901473033,72.65976351039349,1
26/04/2026 10:57,26.871584486679733,72.9829417050285,1
26/04/2026 10:57,26.96719952862217,72.81787089296289,1
26/04/2026 10:57,27.137990104631836,72.74355272133954,1
26/04/2026 10:57,26.895643734128022,72.91664356335471,1
26/04/2026 10:57,26.959959123658354,72.82744228678386,1
26/04/2026 10:57,27.29295622544195,72.51728648539248,1
26/04/2026 10:57,27.796999392488445,72.3339821282882,1
26/04/2026 10:57,27.997681401561152,72.31802846786694,1
26/04/2026 10:57,28.356772434261913,71.80575322450468,1
26/04/2026 10:58,28.492528429904137,71.47541333735957,1
26/04/2026 10:58,28.887559085951473,70.94401084159468,1
26/04/2026 10:58,29.40853943607152,70.29275058310624,1
26/04/2026 10:58,29.737483897898684,69.6251104795235,1
26/04/2026 10:58,29.910918583644747,69.71333905429805,1
26/04/2026 10:58,30.689283274565042,68.63040268586185,1
26/04/2026 10:58,30.90131629167703,68.2416743840316,1
26/04/2026 10:58,29.169052570380035,71.41719527165758,0
26/04/2026 10:58,28.953406262945915,71.3732938123839,0
26/04/2026 10:58,29.00328201636786,71.35432850014266,0
26/04/2026 10:58,29.040751628299653,71.44463007265871,0
26/04/2026 10:58,28.921107697137426,71.34254546357522,0
26/04/2026 10:59,29.000206557290596,71.20746170763643,0
26/04/2026 10:59,28.99991096141421,71.24565766573704,0
26/04/2026 10:59,28.824527569365458,71.22185414970436,0
26/04/2026 10:59,29.101765800566348,71.33145830854649,0
26/04/2026 10:59,29.060049851591955,71.1383022658624,0
26/04/2026 10:59,28.937457102603325,71.02513610499071,0
26/04/2026 10:59,28.982845173880428,71.31322323868976,0
26/04/2026 10:59,29.050529937419675,71.09952191750665,0
26/04/2026 10:59,28.973864358480835,71.00720328521822,0
26/04/2026 10:59,28.975725092132745,71.3559996175725,0
26/04/2026 10:59,28.85467585875092,71.19334202058147,0
26/04/2026 10:59,29.05545803118919,71.37441881333586,0
26/04/2026 11:00,29.012388090528702,71.2203719372113,0
26/04/2026 11:00,29.027445992375995,71.13170564176916,0
26/04/2026 11:00,28.847347546813015,71.11347237292159,0
26/04/2026 11:00,29.165069969118647,71.22276091659444,0
26/04/2026 11:00,29.015433553545634,71.25899257906313,0
26/04/2026 11:00,28.96128600567136,71.17648098739757,0
26/04/2026 11:00,29.20290722207611,71.25783381307798,0
26/04/2026 11:00,28.995461397013937,71.06958465556812,0
26/04/2026 11:00,28.85493213008534,71.30217334174644,0
26/04/2026 11:00,28.95947721445723,71.03095268872994,0
26/04/2026 11:00,28.77116848980283,71.27092155245687,0
26/04/2026 11:00,29.104939654934327,71.40459411646694,0
26/04/2026 11:01,28.958352568147998,71.46379082033673,0
26/04/2026 11:01,28.925744647479544,71.55715703703036,0
26/04/2026 11:01,29.10724701315755,71.0665568529727,0
26/04/2026 11:01,28.834892441059417,71.41380878008317,0
26/04/2026 11:01,29.05354293563261,71.48094232911737,0
26/04/2026 11:01,28.79355851968788,71.4470835477257,0
26/04/2026 11:01,28.93378406603332,71.16060142773406,0
26/04/2026 11:01,28.87957801544003,71.3617695246674,0
26/04/2026 11:01,29.14619756272135,71.57900835083407,0
26/04/2026 11:01,29.176616087792933,71.0754089536465,0
26/04/2026 11:01,28.967058624808693,71.37145065503859,0
26/04/2026 11:01,29.084073324214355,71.46684357284886,0
26/04/2026 11:02,28.982001359874765,71.1955113476512,0
26/04/2026 11:02,29.0568061887328,71.3874455454929,0
26/04/2026 11:02,28.924716280357853,71.13936612380077,0
26/04/2026 11:02,28.829166079683294,71.17816871278524,0
26/04/2026 11:02,28.819690134152026,71.17743796297567,0
26/04/2026 11:02,29.03831218517575,71.32884615482284,0
26/04/2026 11:02,29.22475950528077,71.28635281009508,0
26/04/2026 11:02,29.02694116305079,71.44311728115831,0
26/04/2026 11:02,28.947539538059914,71.15895813286416,0
26/04/2026 11:02,29.191201886233195,71.28030865248613,0
26/04/2026 11:02,29.02373018466372,71.44416146954202,0
26/04/2026 11:02,29.010143398521162,71.38411657583524,0
26/04/2026 11:03,29.02525777355553,71.10130379966282,0
26/04/2026 11:03,28.986762280243315,71.39978055274365,0
26/04/2026 11:03,28.969052365941113,71.22823731802931,0
26/04/2026 11:03,28.856503653396445,71.3578079806842,0
26/04/2026 11:03,29.050162412318105,71.34510206225343,0
26/04/2026 11:03,28.99052245495601,71.48289783259528,0
26/04/2026 11:03,29.1193085922344,71.3174839909603,0
26/04/2026 11:03,28.963118153155214,71.02192911927384,0
26/04/2026 11:03,28.809363012146953,71.09452104215312,0
26/04/2026 11:03,28.990038936810514,71.40967315781411,0
26/04/2026 11:03,29.169953729674667,71.26125255001436,0
26/04/2026 11:03,28.96165768770685,71.47069685901411,0
26/04/2026 11:04,28.911014313897926,71.34101582268966,0
26/04/2026 11:04,28.88064080777418,71.18764013960816,0
26/04/2026 11:04,28.894998318892462,71.46236101395849,0
26/04/2026 11:04,28.969980626319984,71.17889034777062,0
26/04/2026 11:04,28.88200179065418,70.99210467375869,0
26/04/2026 11:04,29.14976391155976,71.60956933265942,0
26/04/2026 11:04,28.97173647639246,71.01338766835667,0
26/04/2026 11:04,29.010864837149473,71.3954619288469,0
26/04/2026 11:04,29.143823952073376,71.4408277653438,0
26/04/2026 11:04,29.150331852041692,71.32205987946523,0
26/04/2026 11:04,28.978726703298243,71.04749047345429,0
26/04/2026 11:04,29.03319742154885,71.45225224031913,0
26/04/2026 11:05,29.073502658437736,71.08376844250422,0
26/04/2026 11:05,28.98071445396502,71.09845571526643,0
26/04/2026 11:05,28.82219871470415,71.24574975310026,0
26/04/2026 11:05,29.065470570370312,71.41827568611755,0
26/04/2026 11:05,29.089435230482053,71.34501708585961,0
26/04/2026 11:05,29.0415502614298,71.42161524286813,0
26/04/2026 11:05,28.90764553432868,71.23345342541793,0
26/04/2026 11:05,28.980397268769202,71.2741725070166,0
26/04/2026 11:05,28.940923018113686,71.12942948177522,0
26/04/2026 11:05,28.970028876267218,71.2524701820166,0
26/04/2026 11:05,29.129688519272666,71.38896922277148,0
26/04/2026 11:05,29.152957963339315,71.25502579190373,0
26/04/2026 11:06,29.066941819340965,71.37131893322218,0
26/04/2026 11:06,29.054874511977832,71.21400886226758,0
26/04/2026 11:06,29.06766289895559,71.21114126108154,0
26/04/2026 11:06,28.998775781339354,71.30587529745914,0
26/04/2026 11:06,28.992433653851293,71.27076777457876,0
26/04/2026 11:06,28.93263548126239,71.38885778639022,0
26/04/2026 11:06,28.994413254994992,71.3267435362409,0
26/04/2026 11:06,29.225994698662625,71.56105194430891,0
26/04/2026 11:06,29.08690393292538,71.26707582432334,0
26/04/2026 11:06,28.965788297657312,71.26591210253655,0
26/04/2026 11:06,28.952807334786648,71.14398034043222,0
26/04/2026 11:06,28.913551000841426,71.30341669511287,0
26/04/2026 11:07,29.037437034973756,71.40242434080082,0
26/04/2026 11:07,29.03915456935026,71.18895565378904,0
26/04/2026 11:07,28.855687834299907,71.29254916058605,0
26/04/2026 11:07,29.04863351972417,71.40778351402697,0
26/04/2026 11:07,28.94305277294815,71.28096362764839,0
26/04/2026 11:07,29.142672115664883,71.22212940482777,0
26/04/2026 11:07,29.015684398370418,71.44596397261702,0
26/04/2026 11:07,29.171773004966024,71.31455293483344,0
26/04/2026 11:07,28.954187320711398,71.35948467586142,0
26/04/2026 11:07,28.971201613347922,71.47570901753157,0
26/04/2026 11:07,29.02998083522699,71.47179738777044,0
26/04/2026 11:07,29.105594829916456,71.2479193726289,0
26/04/2026 11:08,29.05658824886274,71.22118554207906,0
26/04/2026 11:08,28.876647605627245,71.34264633999982,0
26/04/2026 11:08,29.018290070161477,71.28008186971418,0
26/04/2026 11:08,29.002224473854056,71.01502080210764,0
26/04/2026 11:08,28.9570931406444,71.49130426019988,0
26/04/2026 11:08,28.935189470710764,71.30290419912488,0
26/04/2026 11:08,29.174757723934864,71.41045669499727,0
26/04/2026 11:08,28.960961351863844,71.12406251535798,0
26/04/2026 11:08,28.915407736287218,71.49323053381376,0
26/04/2026 11:08,29.063711283281243,71.21176057909065,0
26/04/2026 11:08,29.013062297726226,71.283849938979,0
26/04/2026 11:08,28.99241861336941,71.08978629954089,0
26/04/2026 11:09,32.0,65.0,2
26/04/2026 11:09,34.666666666666664,60.0,2
26/04/2026 11:09,37.333333333333336,55.0,2
26/04/2026 11:09,40.0,50.0,2
26/04/2026 11:09,42.666666666666664,45.0,2
26/04/2026 11:09,45.33333333333333,40.0,2
26/04/2026 11:09,48.0,35.0,2
26/04/2026 11:09,35.00011085547122,49.9725749979244,1
26/04/2026 11:09,34.64751618131028,51.49480992006307,1
26/04/2026 11:09,34.24133454616415,52.60564246878055,1
26/04/2026 11:09,34.0281234890313,53.712273976334515,1
26/04/2026 11:09,33.66804620652038,55.12480564984773,1
26/04/2026 11:10,33.334239404888784,56.252572481523345,1
26/04/2026 11:10,32.9070904115322,57.51503820332994,1
26/04/2026 11:10,32.686206919524885,58.57601093186019,1
26/04/2026 11:10,32.38769664803209,59.92410834142191,1
26/04/2026 11:10,32.023440548095486,61.18332927401722,1
26/04/2026 11:10,31.828294990377625,62.25329622317469,1
26/04/2026 11:10,31.61518820111675,63.16987993940956,1
26/04/2026 11:10,31.14731528059467,64.8070118636404,1
26/04/2026 11:10,30.86486801324401,66.54986005987178,1
26/04/2026 11:10,30.65286981160594,66.75969564622444,1
26/04/2026 11:10,30.1901357264793,68.34675590858853,1
26/04/2026 11:10,29.977802374313516,69.71924301090402,1
26/04/2026 11:11,29.40992788285833,71.0538630753922,1
26/04/2026 11:11,29.133158650412952,71.39309009945129,0
26/04/2026 11:11,29.07152789743984,71.14323011937283,0
26/04/2026 11:11,28.845459970788873,71.18029867734916,0
26/04/2026 11:11,28.999161615007147,71.59776268871386,0
26/04/2026 11:11,29.06213359738905,71.5617221222509,0
26/04/2026 11:11,28.92799144392811,71.02157217790833,0
26/04/2026 11:11,29.026551158569212,71.26658394513454,0
26/04/2026 11:11,29.010854852571498,71.29012282284332,0
26/04/2026 11:11,29.000429143093402,70.98024318372775,0
26/04/2026 11:11,28.982539978940707,71.29267542329919,0
26/04/2026 11:11,29.04330261899536,71.35900118256225,0
26/04/2026 11:12,29.12030373738122,71.3325897717677,0
26/04/2026 11:12,28.903493432948324,71.00084093453884,0
26/04/2026 11:12,29.10282740779827,71.4661562352174,0
26/04/2026 11:12,29.022863013012465,71.3366815964972,0
26/04/2026 11:12,29.044513761283035,71.29071319557613,0
26/04/2026 11:12,28.886339778816897,71.18691605588785,0
26/04/2026 11:12,29.013513687844863,71.40679385247797,0
26/04/2026 11:12,29.14845370018366,71.4377403727219,0
26/04/2026 11:12,28.892019511421474,71.22768602917468,0
26/04/2026 11:12,28.80222717193421,71.31343814188843,0
26/04/2026 11:12,28.82566277041011,71.42404979339933,0
26/04/2026 11:12,29.026607016400057,71.00682318199978,0
26/04/2026 11:13,29.23849673307111,71.317621349154,0
26/04/2026 11:13,29.112369125340944,71.01388146678134,0
26/04/2026 11:13,29.167262221330784,71.16156361027265,0
26/04/2026 11:13,29.009914921583526,71.37046271511245,0
26/04/2026 11:13,29.13979963770936,71.27834498554596,0
26/04/2026 11:13,28.972875201203422,71.23997924720214,0
26/04/2026 11:13,29.061320418485963,71.25560242205911,0
26/04/2026 11:13,28.973268281132643,71.42723129135325,0
26/04/2026 11:13,28.945069098589453,71.40602456821274,0
26/04/2026 11:13,29.013270829575994,71.18190966106292,0
26/04/2026 11:13,28.952385798507265,71.34394110872479,0
26/04/2026 11:13,29.13084730808635,71.22937891227717,0
26/04/2026 11:14,29.019501327923308,71.6606488408906,0
26/04/2026 11:14,29.040020998825234,71.1890964892237,0
26/04/2026 11:14,28.96623676629145,71.25307568639943,0
26/04/2026 11:14,29.125647226375516,71.24766771226737,0
26/04/2026 11:14,28.92680304979988,71.234146064567,0
26/04/2026 11:14,29.066023155122632,71.32116562520966,0
26/04/2026 11:14,28.964912810856013,71.3409573980143,0
26/04/2026 11:14,28.906056664023744,71.05721438782763,0
26/04/2026 11:14,28.951066278311536,71.21403299576606,0
26/04/2026 11:14,28.919540885773003,71.10193286811628,0
26/04/2026 11:14,28.97873023612895,71.48543079892802,0
26/04/2026 11:14,28.966085975393657,71.66979876230921,0
26/04/2026 11:15,29.031216993631322,71.50748483443033,0
26/04/2026 11:15,29.05651526696566,71.35193496730267,0
26/04/2026 11:15,28.9852579742273,71.45337741608512,0
26/04/2026 11:15,28.99740946631838,71.32502154005296,0
26/04/2026 11:15,29.028909420380394,71.54850749367174,0
26/04/2026 11:15,28.94601209286673,71.40018344132501,0
26/04/2026 11:15,29.07081600199266,71.2655080034338,0
26/04/2026 11:15,29.084222473838267,71.13056732083493,0
26/04/2026 11:15,29.02035807973275,71.20400560936572,0
26/04/2026 11:15,29.239470366488455,71.34707457823384,0
26/04/2026 11:15,29.091745893751042,71.11612460288929,0
26/04/2026 11:15,28.988772752880585,71.26673102954007,0
26/04/2026 11:16,28.963781955285775,71.50098894649364,0
26/04/2026 11:16,28.97678177440559,71.30439645664147,0
26/04/2026 11:16,28.949827110040513,71.59780786191341,0
26/04/2026 11:16,29.11287851531099,71.51707484010024,0
26/04/2026 11:16,28.930218996952828,71.25685558795242,0
26/04/2026 11:16,28.991887781618306,71.0961034140341,0
26/04/2026 11:16,28.947070391900052,71.29279380121558,0
26/04/2026 11:16,29.104618285680825,71.2278818989802,0
26/04/2026 11:16,28.85814439707766,71.3566629628948,0
26/04/2026 11:16,28.963750081684434,71.54216119612181,0
26/04/2026 11:16,28.98780943088381,71.13153439471634,0
26/04/2026 11:16,29.031935642109122,71.24169080797178,0
26/04/2026 11:17,29.04609029016717,71.34985249242972,0
26/04/2026 11:17,28.978421010766947,71.47024597596229,0
26/04/2026 11:17,29.098907245749945,71.37660716170967,0
26/04/2026 11:17,29.031475377881172,71.3621446461791,0
26/04/2026 11:17,29.246765105643462,71.5016824135049,0
26/04/2026 11:17,28.849167851283678,71.37402729758725,0
26/04/2026 11:17,36.0,55.0,2
26/04/2026 11:17,38.5,51.625,2
26/04/2026 11:17,41.0,48.25,2
26/04/2026 11:17,43.5,44.875,2
26/04/2026 11:17,46.0,41.5,2
26/04/2026 11:17,48.5,38.125,2
26/04/2026 11:18,51.0,34.75,2
26/04/2026 11:18,53.5,31.375,2
26/04/2026 11:18,56.0,28.0,2
26/04/2026 11:18,42.070947874723494,45.30456835244088,1
26/04/2026 11:18,41.790223092874,45.511704217341645,1
26/04/2026 11:18,41.8212398740834,45.44618665482481,1
26/04/2026 11:18,41.422200579264,45.608743753410025,1
26/04/2026 11:18,41.68271932425205,45.74445140963181,1
26/04/2026 11:18,41.23197667291838,46.16690576304769,1
26/04/2026 11:18,41.35539091045934,46.21916010010274,1
26/04/2026 11:18,41.22902467300599,46.23267666566812,1
26/04/2026 11:18,41.01844851653339,46.60191575128872,1
26/04/2026 11:19,41.46270568235759,47.023790221742075,1
26/04/2026 11:19,40.8346963099882,46.875315589412985,1
26/04/2026 11:19,40.88767527171944,47.216699857550545,1
26/04/2026 11:19,40.87363711518027,47.65648509886054,1
26/04/2026 11:19,40.41940535210507,48.18911892295774,1
26/04/2026 11:19,40.69547110277452,48.10613820833782,1
26/04/2026 11:19,40.36823215369849,48.29631717049532,1
26/04/2026 11:19,40.43086891818523,48.89588681035164,1
26/04/2026 11:19,40.03434819942269,48.51615248628515,1
26/04/2026 11:19,39.90943601511231,48.80137333988212,1
26/04/2026 11:19,40.13777198845316,49.33577516938556,1
26/04/2026 11:19,39.92402034136517,49.601902619344926,1
26/04/2026 11:20,39.76200339716167,49.69742046054643,1
26/04/2026 11:20,39.729727612379406,49.30131141953147,1
26/04/2026 11:20,39.605150319934666,50.19234708359371,1
26/04/2026 11:20,39.245333359675485,50.397365757771055,1
26/04/2026 11:20,38.97892434783838,50.49247380452797,1
26/04/2026 11:20,38.95109786797855,50.83573652770367,1
26/04/2026 11:20,38.827584181668406,51.203438436250565,1
26/04/2026 11:20,38.65545505236293,51.15140630785582,1
26/04/2026 11:20,38.78355765188272,51.17330922950669,1
26/04/2026 11:20,38.693848595575325,51.212010071251974,1
26/04/2026 11:20,38.65966484226308,51.811915409561834,1
26/04/2026 11:20,38.590229585539674,51.87569377546856,1
26/04/2026 11:21,38.3927663476842,52.125438193424976,1
26/04/2026 11:21,38.30477153114336,52.23064908702254,1
26/04/2026 11:21,38.24628192883765,52.731328788836365,1
26/04/2026 11:21,37.97815051682327,53.04298074147829,1
26/04/2026 11:21,37.913089624085885,53.2019898002403,1
26/04/2026 11:21,37.91791749393788,53.11044556060179,1
26/04/2026 11:21,37.703350212038316,53.73160043463033,1
26/04/2026 11:21,37.61169683235866,53.83601063276383,1
26/04/2026 11:21,37.574036619086705,53.49483608198018,1
26/04/2026 11:21,37.68272764197724,54.330946427982035,1
26/04/2026 11:21,37.42258970916881,54.02392002971675,1
26/04/2026 11:21,37.2165876032488,54.42276383752428,1
26/04/2026 11:22,37.07187362384511,55.08127635643899,1
26/04/2026 11:22,37.034862849217674,55.219629338319585,1
26/04/2026 11:22,37.28081048428533,55.1795099910527,1
26/04/2026 11:22,36.36486231168437,55.35103867424487,1
26/04/2026 11:22,36.809682148697895,55.81619729817745,1
26/04/2026 11:22,36.65672230540336,55.60702106263415,1
26/04/2026 11:22,36.644427506918056,56.26785620954035,1
26/04/2026 11:22,36.23449078193869,56.34667732703738,1
26/04/2026 11:22,36.61631130008387,56.77119927762135,1
26/04/2026 11:22,36.341738052758885,56.81859834597286,1
26/04/2026 11:22,36.07632136415246,56.84532172709316,1
26/04/2026 11:22,36.0004387429463,57.32279912610609,1
26/04/2026 11:23,35.76146802507647,57.43171379209211,1
26/04/2026 11:23,35.76892296179393,57.436753023660536,1
26/04/2026 11:23,35.6322809004227,57.70761846724954,1
26/04/2026 11:23,35.68775479597308,57.95832860804872,1
26/04/2026 11:23,35.49230209600527,58.38899594860358,1
26/04/2026 11:23,35.318575056551126,58.75140535478455,1
26/04/2026 11:23,35.32520032720252,58.811944083315254,1
26/04/2026 11:23,35.19937544264475,58.79584566989838,1
26/04/2026 11:23,35.04181128047241,59.17999355257947,1
26/04/2026 11:23,34.671492514211394,59.58899897971321,1
26/04/2026 11:23,34.94765898725669,59.91042533230174,1
26/04/2026 11:23,34.510775471796094,59.72621396959186,1
26/04/2026 11:24,34.42671701265779,60.19033486974088,1
26/04/2026 11:24,34.454798036989466,60.27487708035355,1
26/04/2026 11:24,34.43982853380409,60.14144401942432,1
26/04/2026 11:24,34.46662134943203,60.532659888952466,1
26/04/2026 11:24,33.894744710006805,60.89768023082905,1
26/04/2026 11:24,34.261021233348984,61.12671025886811,1
26/04/2026 11:24,34.178242545360185,61.37040417040611,1
26/04/2026 11:24,33.75600084360077,61.54816851402051,1
26/04/2026 11:24,33.687442718300055,61.961713872342074,1
26/04/2026 11:24,33.52431152407109,61.91576066232396,1
26/04/2026 11:24,33.412026141192065,62.00783141180521,1
26/04/2026 11:24,33.19404960002869,62.6477230234692,1
26/04/2026 11:25,33.03394701993012,62.641872114463624,1
26/04/2026 11:25,33.14993283188199,63.14303254714643,1
26/04/2026 11:25,33.11093479538279,63.03732067393852,1
26/04/2026 11:25,33.23902898961418,63.68542340279423,1
26/04/2026 11:25,32.70699262539072,63.39510872667617,1
26/04/2026 11:25,32.43582614993087,63.62163737625191,1
26/04/2026 11:25,32.66400076260958,64.22074192513226,1
26/04/2026 11:25,32.46450111623156,64.65663721856896,1
26/04/2026 11:25,32.48032420739859,64.36090461097835,1
26/04/2026 11:25,32.25964577113115,65.05346364091199,1
26/04/2026 11:25,32.02288117854097,65.26315623180301,1
26/04/2026 11:25,32.00086987680546,65.33613437974503,1
26/04/2026 11:26,32.1170332229993,65.35403481262854,1
26/04/2026 11:26,31.929934286349383,65.17999475283082,1
26/04/2026 11:26,31.636136130244182,65.52268077214943,1
26/04/2026 11:26,31.804744798129068,65.89352813268088,1
26/04/2026 11:26,31.349432638202387,66.37488893739011,1
26/04/2026 11:26,31.37835133982489,66.4554156764069,1
26/04/2026 11:26,31.380948581648813,66.58060473815262,1
26/04/2026 11:26,31.03885150690279,66.9494784783572,1
26/04/2026 11:26,30.95696779635573,66.82041578355987,1
26/04/2026 11:26,31.030961609968866,67.44745128858776,1
26/04/2026 11:26,30.90900188400636,67.39942169613953,1
26/04/2026 11:26,30.775824971177865,68.06405583167763,1
26/04/2026 11:27,30.621110918842884,68.0595156397235,1
26/04/2026 11:27,30.432918536789156,68.09571322374703,1
26/04/2026 11:27,30.373413936400677,68.36066315584027,1
26/04/2026 11:27,30.839446208266747,68.36513597793792,1
26/04/2026 11:27,30.181718068943972,68.93972045850059,1
26/04/2026 11:27,30.39395236382005,68.92389517641504,1
26/04/2026 11:27,29.972403788626913,69.32229827738445,1
26/04/2026 11:27,30.157819113578096,69.79271361850994,1
26/04/2026 11:27,30.030184882336133,69.85163410232762,1
26/04/2026 11:27,29.80544851107225,70.09846423690176,1
26/04/2026 11:27,29.534040628182247,70.7504982917631,1
26/04/2026 11:27,29.316049670630633,70.58023832139261,1
26/04/2026 11:28,29.559988002609003,70.88359165121413,1
26/04/2026 11:28,29.114962506239344,70.82913540533994,1
26/04/2026 11:28,29.008814184936405,70.86080974289544,1
26/04/2026 11:28,28.92876093379494,71.37517515316753,0
26/04/2026 11:28,29.075376637865972,71.4379977696938,0
26/04/2026 11:28,28.995549692166193,71.17332853786192,0
26/04/2026 11:28,29.04518123387458,71.22253357254466,0
26/04/2026 11:28,29.1345101708451,70.96896993567508,0
26/04/2026 11:28,29.053233788829456,71.23953065047296,0
26/04/2026 11:28,29.135018789972253,71.40699881288481,0
26/04/2026 11:28,29.08612113741693,71.15800453085211,0
26/04/2026 11:28,29.14786857374359,71.35270422934023,0
26/04/2026 11:29,28.895462286946145,71.41828557186754,0
26/04/2026 11:29,28.921101097504845,71.35400476813996,0
26/04/2026 11:29,28.873839405468093,71.23426978440399,0
26/04/2026 11:29,29.056284678528105,71.3342502806685,0
26/04/2026 11:29,28.975667374811444,71.19869374135718,0
26/04/2026 11:29,29.09137407048597,71.23711095169868,0
26/04/2026 11:29,29.031735092273635,71.65801187007486,0
26/04/2026 11:29,29.012730328020698,71.22374851508113,0
26/04/2026 11:29,29.21503829673811,71.19706453433011,0
26/04/2026 11:29,29.06062886568963,71.3232355394303,0
26/04/2026 11:29,28.997322835001356,71.34167542346198,0
26/04/2026 11:29,28.90158392182274,71.41320575133186,0
26/04/2026 11:30,29.1190705272506,71.18601728317653,0
26/04/2026 11:30,29.09528306110452,71.14180142342406,0
26/04/2026 11:30,28.891281840924908,71.1533451492167,0
26/04/2026 11:30,28.9854788667414,71.41210573933172,0
26/04/2026 11:30,29.0237857838285,71.46135223012465,0
26/04/2026 11:30,28.836090658879808,71.1863784342036,0
26/04/2026 11:30,28.97218654834912,71.22337606487262,0
26/04/2026 11:30,29.13992384201682,71.29615313810957,0
26/04/2026 11:30,28.838489203674783,71.15614402990961,0
26/04/2026 11:30,29.04908718325095,71.22530429667914,0
26/04/2026 11:30,29.18927422187767,71.44076907032864,0
26/04/2026 11:30,28.93790202976845,71.1165332376654,0
26/04/2026 11:31,28.954624761875838,71.35528926234156,0
26/04/2026 11:31,29.02174516594502,71.47685521152277,0
26/04/2026 11:31,29.05143288551448,71.13858628012818,0
26/04/2026 11:31,29.039724132640753,71.46414126486502,0
26/04/2026 11:31,28.84871548847392,71.30069208517631,0
26/04/2026 11:31,28.923596603034213,71.21972249027522,0
26/04/2026 11:31,29.010126978564376,71.43025662649262,0
26/04/2026 11:31,28.96827340289973,71.3109486721961,0
26/04/2026 11:31,29.113833304749214,71.2639908928042,0
26/04/2026 11:31,28.96778763430226,71.2133237515266,0
26/04/2026 11:31,28.962988392189523,71.17374926946927,0
26/04/2026 11:31,29.18496125662058,71.21698960737297,0
26/04/2026 11:32,28.991834844383575,71.26377420314162,0
26/04/2026 11:32,28.901972568147414,71.41433462338385,0
26/04/2026 11:32,28.999761097439947,71.26212236177318,0
26/04/2026 11:32,28.976757412797255,71.34374607661469,0
26/04/2026 11:32,29.071097479485815,71.2415516712435,0
26/04/2026 11:32,29.045315861323882,71.37127815466907,0
26/04/2026 11:32,28.96673242247141,71.28914552626641,0
26/04/2026 11:32,28.961554231499644,71.49035871465313,0
26/04/2026 11:32,28.946967259241728,71.33858735075599,0
26/04/2026 11:32,29.135030599593087,71.05036153459096,0
26/04/2026 11:32,29.20152208250444,71.28173803498632,0
26/04/2026 11:32,28.994246761212647,71.23377316532147,0
26/04/2026 11:33,29.0564654288087,71.44328700386595,0
26/04/2026 11:33,29.035953229551797,71.30299563836812,0
26/04/2026 11:33,28.948803490580577,71.4294225340303,0
26/04/2026 11:33,28.947683578510272,71.41153178691977,0
26/04/2026 11:33,28.951862858420526,71.20061282524529,0
26/04/2026 11:33,28.8075840550907,71.25422284586098,0
26/04/2026 11:33,28.924254677441247,71.30621711032475,0
26/04/2026 11:33,29.045348104026747,71.1399555739429,0
26/04/2026 11:33,29.092234414825686,71.8101658578471,0
26/04/2026 11:33,28.979265030172346,71.37879943996015,0
26/04/2026 11:33,28.962408003879084,71.10846832300105,0
26/04/2026 11:33,29.06398839732802,71.08787683005627,0
26/04/2026 11:34,29.205369323629537,71.31900950441208,0
26/04/2026 11:34,28.907166477418997,71.24227264246957,0
26/04/2026 11:34,28.922533996687118,71.06735646182035,0
26/04/2026 11:34,28.95628543443185,71.04188068172935,0
26/04/2026 11:34,29.054791830960735,71.30269732082097,0
26/04/2026 11:34,28.914585704653515,71.23018377753446,0
26/04/2026 11:34,29.046565797200405,71.36007160761753,0
26/04/2026 11:34,28.927900032656463,71.2824140751394,0
26/04/2026 11:34,29.056226170605814,71.46512543968349,0
26/04/2026 11:34,28.968514192386742,71.0254468965389,0
26/04/2026 11:34,28.95701029181312,71.39029033532374,0
26/04/2026 11:34,29.08149954430712,71.17796993574527,0
26/04/2026 11:35,28.88145811908466,71.1596067167602,0
26/04/2026 11:35,28.923137297922153,71.4444547067999,0
26/04/2026 11:35,29.072916547068065,71.01081833971453,0
26/04/2026 11:35,29.076591104922528,71.28678555957087,0
26/04/2026 11:35,29.020780005335112,71.24572280549455,0
26/04/2026 11:35,28.781288472675268,71.47925380622615,0
26/04/2026 11:35,29.072196505740763,71.08077412857614,0
26/04/2026 11:35,29.034875059386902,71.3525319701833,0
26/04/2026 11:35,28.966138174589798,71.37102134527852,0
26/04/2026 11:35,28.805460931848117,71.29723672862936,0
26/04/2026 11:35,29.083090565780214,71.31615119668308,0
26/04/2026 11:35,29.1749241790081,71.2766300437745,0
26/04/2026 11:36,29.050113729493745,71.0804783365071,0
26/04/2026 11:36,29.13303169236725,71.21997582459248,0
26/04/2026 11:36,28.93424827323021,71.01014659977362,0
26/04/2026 11:36,29.018494595039222,71.44099688293616,0
26/04/2026 11:36,28.93489435210463,71.44259104941591,0
26/04/2026 11:36,28.8879493128616,71.08831360521692,0
26/04/2026 11:36,28.96533932124524,71.48071155964486,0
26/04/2026 11:36,28.908865521864264,71.27325409067674,0
26/04/2026 11:36,28.92538647473333,71.07151796069712,0
26/04/2026 11:36,28.922903147146997,71.19019124220031,0
26/04/2026 11:36,28.958604628617273,71.38627264487094,0
26/04/2026 11:36,28.97081886124768,71.28451720591221,0
26/04/2026 11:37,29.012677274472598,71.13814809565952,0
26/04/2026 11:37,28.87526638433556,71.3983792298485,0
26/04/2026 11:37,29.031717096074154,71.26629813718492,0
26/04/2026 11:37,28.8181578579341,71.22294811930006,0
26/04/2026 11:37,29.005569219339296,71.111411939754,0
26/04/2026 11:37,29.008086618839435,71.37534286669276,0
26/04/2026 11:37,28.768015244561102,71.42587903029808,0
26/04/2026 11:37,28.965887882867968,71.14165116534326,0
26/04/2026 11:37,29.108984611105328,71.25374360085702,0
26/04/2026 11:37,29.04505311792093,71.25738442923392,0
26/04/2026 11:37,28.950570135260214,71.3225050495608,0
26/04/2026 11:37,28.94534232582811,71.13586107311124,0
26/04/2026 11:38,29.0292026489818,71.59743877738939,0
26/04/2026 11:38,29.015420459268583,71.34014148450981,0
26/04/2026 11:38,29.081730551903107,71.43176898365357,0
26/04/2026 11:38,29.014375578038447,71.25013857911387,0
26/04/2026 11:38,29.090517153317865,71.61382529019394,0
26/04/2026 11:38,29.040067366816604,71.36612110809776,0
26/04/2026 11:38,28.923540610137703,71.02819631702398,0
26/04/2026 11:38,28.89829979744559,71.4494314200499,0
26/04/2026 11:38,28.94730107467009,71.29250711849046,0
26/04/2026 11:38,29.040865864630465,71.13994402932961,0
26/04/2026 11:38,28.913220018507385,71.29111087492454,0
26/04/2026 11:38,29.08917941660324,71.16438426027757,0
26/04/2026 11:39,28.846093588014593,71.40541300688287,0
26/04/2026 11:39,28.973575258873797,71.39128884654262,0
26/04/2026 11:39,28.906764073627976,71.09097121613769,0
26/04/2026 11:39,29.031287871866606,71.39879991002326,0
26/04/2026 11:39,29.013679032249524,71.45692467446564,0
26/04/2026 11:39,28.98482998085863,70.92563706765287,0
26/04/2026 11:39,28.87631622988982,71.49565366696946,0
26/04/2026 11:39,28.91175096084032,71.39913549375795,0
26/04/2026 11:39,28.933936750139488,71.42337084524532,0
26/04/2026 11:39,29.099294912595468,71.5140089675728,0
26/04/2026 11:39,28.935620294287798,71.29269535840398,0
26/04/2026 11:39,54.0,30.0,2
26/04/2026 11:40,54.833333333333336,29.5,2
26/04/2026 11:40,55.666666666666664,29.0,2
26/04/2026 11:40,56.5,28.5,2
26/04/2026 11:40,57.333333333333336,28.0,2
26/04/2026 11:40,58.166666666666664,27.5,2
26/04/2026 11:40,59.0,27.0,2
26/04/2026 11:40,59.833333333333336,26.5,2
26/04/2026 11:40,60.666666666666664,26.0,2
26/04/2026 11:40,61.5,25.5,2
26/04/2026 11:40,62.333333333333336,25.0,2
26/04/2026 11:40,63.16666666666667,24.5,2
26/04/2026 11:40,64.0,24.0,2
26/04/2026 11:41,64.83333333333333,23.5,2
26/04/2026 11:41,65.66666666666667,23.0,2
26/04/2026 11:41,66.5,22.5,2
26/04/2026 11:41,28.968767151845647,71.21909956019537,1
26/04/2026 11:41,29.194186358462893,70.78676644700408,1
26/04/2026 11:41,29.304760246515293,70.66458681969928,1
26/04/2026 11:41,29.429936162208634,70.51024191679733,1
26/04/2026 11:41,29.662942697595135,70.50370734798223,1
26/04/2026 11:41,29.621638949486474,69.81595158261975,1
26/04/2026 11:41,29.84620693911239,70.07300245681522,1
26/04/2026 11:41,30.003828095633775,69.34617777095086,1
26/04/2026 11:41,30.237755914332087,69.54920944917461,1
26/04/2026 11:42,30.375263095959543,69.45879793777718,1
26/04/2026 11:42,30.55548163626585,69.03893849844384,1
26/04/2026 11:42,30.762344949408,68.49946329222239,1
26/04/2026 11:42,30.945286796719632,68.6316686152329,1
26/04/2026 11:42,31.064975683148855,68.29264809772357,1
26/04/2026 11:42,31.112920851851445,67.92529056616715,1
26/04/2026 11:42,31.372630520219776,67.56408624095124,1
26/04/2026 11:42,31.43729412949858,67.29702295711338,1
26/04/2026 11:42,31.751984291795925,67.1268445957912,1
26/04/2026 11:42,31.79583722648708,67.40764550485312,1
26/04/2026 11:42,31.862071310743914,66.82646666142905,1
26/04/2026 11:42,31.981774689236246,66.60338669000626,1
26/04/2026 11:43,32.019237225260675,66.21693667564723,1
26/04/2026 11:43,32.25331102439296,66.17984943636117,1
26/04/2026 11:43,32.247760722697095,65.86503177109712,1
26/04/2026 11:43,32.513313010808126,65.59049580618772,1
26/04/2026 11:43,32.40589543441662,65.57089697271324,1
26/04/2026 11:43,32.58467179677785,65.28327289111623,1
26/04/2026 11:43,32.94971947482879,65.23442672601408,1
26/04/2026 11:43,33.05881394857667,65.02398138308213,1
26/04/2026 11:43,33.13606131490852,64.74783046400593,1
26/04/2026 11:43,32.91968674626623,64.84205746267264,1
26/04/2026 11:43,33.040609803477025,64.7114644033318,1
26/04/2026 11:43,33.13069949323301,63.89449948590946,1
26/04/2026 11:44,33.187202824478256,64.27952688338212,1
26/04/2026 11:44,33.45572293462484,64.17178679768897,1
26/04/2026 11:44,33.45587086842471,64.0409818903364,1
26/04/2026 11:44,33.57201026442769,64.2390019505044,1
26/04/2026 11:44,33.585558525045215,63.90086162178735,1
26/04/2026 11:44,33.61302116807944,63.70866448088951,1
26/04/2026 11:44,33.95016861138752,63.55416411529004,1
26/04/2026 11:44,33.85365780903725,63.75697039694891,1
26/04/2026 11:44,33.73665410739563,63.23635174538342,1
26/04/2026 11:44,33.9961437159965,63.43777164798981,1
26/04/2026 11:44,33.8410441358249,63.324432319873,1
26/04/2026 11:44,33.90865833936816,63.322748879077146,1
26/04/2026 11:45,34.10062751721288,63.30196709865756,1
26/04/2026 11:45,33.89863466897011,63.10080100716014,1
26/04/2026 11:45,33.964694894047746,63.08186811870918,1
26/04/2026 11:45,33.96659963485566,63.2936461541379,1
26/04/2026 11:45,34.17296880298092,63.13076322196333,1
26/04/2026 11:45,34.19525831785076,63.587008660027756,1
26/04/2026 11:45,34.01169576693197,63.383607560716555,1
26/04/2026 11:45,34.166377549701764,63.1143949980956,1
26/04/2026 11:45,33.82214012543319,63.468301118781966,1
26/04/2026 11:45,33.916778378470454,63.35688197995121,1
26/04/2026 11:45,34.03652153829227,63.49428421720999,1
26/04/2026 11:45,33.849951166492716,63.80889543674525,1
26/04/2026 11:46,33.87072942343465,63.745375954794696,1
26/04/2026 11:46,33.815610969379584,63.44794335093065,1
26/04/2026 11:46,33.81343810561784,63.8080436472552,1
26/04/2026 11:46,33.717486998776245,63.706639806150115,1
26/04/2026 11:46,33.486398892876366,64.08926835986402,1
26/04/2026 11:46,33.53338093755937,63.97825491846037,1
26/04/2026 11:46,33.43147626845102,63.77338868804125,1
26/04/2026 11:46,33.491594352414594,63.51395360478445,1
26/04/2026 11:46,33.18301464465251,64.19387822926684,1
26/04/2026 11:46,33.193044293830035,64.29320370798689,1
26/04/2026 11:46,33.308823947412805,64.43746679336476,1
26/04/2026 11:46,33.136365877413645,65.1733481176145,1
26/04/2026 11:47,33.251353100802135,64.91207372104091,1
26/04/2026 11:47,32.905464865490295,65.21919011572614,1
26/04/2026 11:47,32.53605838646932,65.01803784271235,1
26/04/2026 11:47,32.8005389486974,65.50894374793627,1
26/04/2026 11:47,32.61097102750772,65.44240022990594,1
26/04/2026 11:47,32.44313349044841,65.42021650804642,1
26/04/2026 11:47,32.22755216857109,65.85660487439183,1
26/04/2026 11:47,32.22227471791281,66.1033105180254,1
26/04/2026 11:47,32.17710767397245,66.09496132717894,1
26/04/2026 11:47,32.024598100669145,66.8011042311862,1
26/04/2026 11:47,31.868925835013528,66.73320339818424,1
26/04/2026 11:47,31.788273718288117,66.62641707485645,1
26/04/2026 11:48,31.608856563052363,66.66190773122294,1
26/04/2026 11:48,31.349698634890984,67.52652904666567,1
26/04/2026 11:48,31.341215259616522,67.75792479317569,1
26/04/2026 11:48,31.21965783412816,67.95668044636086,1
26/04/2026 11:48,31.217304213815915,67.87719617865685,1
26/04/2026 11:48,30.881167512182138,68.11747155129446,1
26/04/2026 11:48,30.621648403035703,68.6545546712456,1
26/04/2026 11:48,30.69219932877803,68.69685382135633,1
26/04/2026 11:48,30.49618465067461,69.02479305470008,1
26/04/2026 11:48,30.21195992624832,69.40677809578636,1
26/04/2026 11:48,29.991303850352274,69.74441308762638,1
26/04/2026 11:48,30.11060595955488,69.61724753380774,1
26/04/2026 11:49,29.628211941238032,69.99293974717446,1
26/04/2026 11:49,29.57620651283111,70.33074632401932,1
26/04/2026 11:49,29.508751789857065,70.41068396482616,1
26/04/2026 11:49,29.215553893254008,70.98375343102359,1
26/04/2026 11:49,29.141612865223795,70.83612869078502,1
26/04/2026 11:49,29.049755488927868,71.39474850236955,1
26/04/2026 11:49,29.012794872113393,71.27946810994652,0
26/04/2026 11:49,28.847152654117412,71.07653634324517,0
26/04/2026 11:49,28.940553201999535,71.22548617840874,0
26/04/2026 11:49,29.00663303737459,71.2173124096096,0
26/04/2026 11:49,28.876450512675937,71.265188171012,0
26/04/2026 11:49,28.93786313915373,71.22375623766358,0
26/04/2026 11:50,28.91110522009389,71.3377118117551,0
26/04/2026 11:50,29.049890985554267,71.23025484645787,0
26/04/2026 11:50,28.921310289801912,71.32149159511147,0
26/04/2026 11:50,29.01187435637649,71.19511845021432,0
26/04/2026 11:50,28.924313686446688,71.20106582665345,0
26/04/2026 11:50,29.04933669087719,71.18134899296571,0
26/04/2026 11:50,28.916059568677372,71.10186135659683,0
26/04/2026 11:50,28.89849781458716,71.1597541350653,0
26/04/2026 11:50,28.96574803150202,71.37855634548164,0
26/04/2026 11:50,29.18844640083636,71.37599436108071,0
26/04/2026 11:50,28.972908709061848,71.18270619924151,0
26/04/2026 11:50,28.854828066150016,71.45114973656874,0
26/04/2026 11:51,28.891984103888717,71.30639909497326,0
26/04/2026 11:51,29.25650765627142,71.27776095276276,0
26/04/2026 11:51,28.977977724494867,71.10275939923105,0
26/04/2026 11:51,28.991059960795134,71.11192515051154,0
26/04/2026 11:51,29.027634147214147,71.17275566555462,0
26/04/2026 11:51,29.161226118596062,71.35263880045976,0
26/04/2026 11:51,29.07159647567147,71.19187994602402,0
26/04/2026 11:51,29.065863226287973,71.32687196900366,0
26/04/2026 11:51,29.02107411634586,71.2342266812778,0
26/04/2026 11:51,28.943555650228706,71.37362715769528,0
26/04/2026 11:51,29.014018591227277,71.44695058703215,0
26/04/2026 11:51,28.96615520875994,71.267934312887,0
26/04/2026 11:52,28.859517244108325,71.094172120246,0
26/04/2026 11:52,28.751335782304977,71.27398148318933,0
26/04/2026 11:52,29.127354346906262,71.20546259081871,0
26/04/2026 11:52,29.107974785803815,71.34539961806692,0
26/04/2026 11:52,29.064840235520506,71.31313514542076,0
26/04/2026 11:52,29.055642014218883,71.10330030056642,0
26/04/2026 11:52,29.02335375509655,71.23617147027171,0
26/04/2026 11:52,28.892115461668972,71.34683055857136,0
26/04/2026 11:52,28.881803897204215,71.41216003705229,0
26/04/2026 11:52,28.929675992306308,71.3191715575692,0
26/04/2026 11:52,28.936148411427016,71.25186223982772,0
26/04/2026 11:52,28.91579300609909,71.26720693949625,0
26/04/2026 11:53,28.86618254332166,71.51624767709247,0
26/04/2026 11:53,29.057970657178014,71.1745590173813,0
26/04/2026 11:53,29.053641444797883,71.4013455003462,0
26/04/2026 11:53,29.154303443510965,71.24782961413959,0
26/04/2026 11:53,29.167433222360422,71.36481699094784,0
26/04/2026 11:53,28.93607102389074,71.29262010734357,0
26/04/2026 11:53,29.05486649659267,71.43030525882278,0
26/04/2026 11:53,28.991687853128735,71.09173745095403,0
26/04/2026 11:53,29.030906373566324,71.21738935595717,0
26/04/2026 11:53,29.201043479749668,71.47417990238816,0
26/04/2026 11:53,29.167471047858534,71.3266088317436,0
26/04/2026 11:53,29.05031934430684,71.15541389623274,0
26/04/2026 11:54,29.10272592305833,71.38435467225453,0
26/04/2026 11:54,29.063519445534688,71.2537245048423,0
26/04/2026 11:54,28.982821656691325,71.48270440418581,0
26/04/2026 11:54,28.97789279775611,71.18001126328612,0
26/04/2026 11:54,28.927053558777637,71.38654138686529,0
26/04/2026 11:54,29.152115733865546,71.31408664039391,0
26/04/2026 11:54,28.905896217449836,71.2043485840684,0
26/04/2026 11:54,28.95633220754245,71.1089789047486,0
26/04/2026 11:54,28.97985352206303,71.43277852092903,0
26/04/2026 11:54,28.913242309439184,71.50203071822739,0
26/04/2026 11:54,29.15534883196235,71.30870768338195,0
26/04/2026 11:54,29.053509441176963,71.00351202456356,0
26/04/2026 11:55,28.77461256763489,71.36050607058833,0
26/04/2026 11:55,28.899423330030338,71.74601407317917,0
26/04/2026 11:55,29.087187692550472,71.09419222460829,0
26/04/2026 11:55,28.94661351542068,71.03675693487372,0
26/04/2026 11:55,29.016490347381005,71.3172784231667,0
26/04/2026 11:55,29.02539455810742,71.32822686588536,0
26/04/2026 11:55,29.01636084248197,71.26196965938439,0
26/04/2026 11:55,28.933387101479454,71.34881529089965,0
26/04/2026 11:55,28.996934306713342,71.52018699084826,0
26/04/2026 11:55,29.010215453622006,71.08561755050033,0
26/04/2026 11:55,28.91627171365377,71.55935936152946,0
26/04/2026 11:55,29.034224120338337,71.51491594163562,0
26/04/2026 11:56,29.010687292940464,71.61202949454679,0
26/04/2026 11:56,29.03261383446354,71.24582507863566,0
26/04/2026 11:56,29.072127530692004,71.33916347713293,0
26/04/2026 11:56,28.98951331540467,71.14758324748094,0
26/04/2026 11:56,28.89684381645312,71.27890259172348,0
26/04/2026 11:56,29.091352213955822,71.29128753442097,0
26/04/2026 11:56,29.050927061781998,71.03810322294295,0
26/04/2026 11:56,28.895157797949395,71.15300146795886,0
26/04/2026 11:56,28.892665218335658,71.37282843246827,0
26/04/2026 11:56,29.040159966290496,71.18374954853911,0
26/04/2026 11:56,29.065002020118204,71.35692564543658,0
26/04/2026 11:56,28.839093212610457,71.46766507690269,0
26/04/2026 11:57,28.967391437894353,71.31447351174296,0
26/04/2026 11:57,28.94506933845122,71.15603768990833,0
26/04/2026 11:57,28.97964603582717,71.15194535170882,0
26/04/2026 11:57,29.054823098040696,71.2503294194385,0
26/04/2026 11:57,29.18055328610927,71.34616929392949,0
26/04/2026 11:57,28.9178698920673,71.4838288024479,0
26/04/2026 11:57,29.15937133370101,71.31503916994892,0
26/04/2026 11:57,29.11016599252111,71.2975665116739,0
26/04/2026 11:57,29.228437480267257,71.29698830979062,0
26/04/2026 11:57,29.011953547027854,71.64824660276655,0
26/04/2026 11:57,29.034617282011403,71.49943504380234,0
26/04/2026 11:57,29.106883396795556,71.33911374341872,0
26/04/2026 11:58,29.045822459740457,70.86337546376888,0
26/04/2026 11:58,29.182479280022626,71.55665680439384,0
26/04/2026 11:58,29.051597410041197,71.44285345352894,0
26/04/2026 11:58,29.111284634535505,71.3255989352341,0
26/04/2026 11:58,29.060566738199622,71.14714998891328,0
26/04/2026 11:58,28.932962675074233,71.45607278760092,0
26/04/2026 11:58,29.09424710278193,71.621286291978,0
26/04/2026 11:58,28.958204411437997,71.05409345140224,0
26/04/2026 11:58,29.01274482584618,71.44013863811642,0
26/04/2026 11:58,28.995712652503425,71.29880515306834,0
26/04/2026 11:58,29.062034995504696,71.42239086268232,0
26/04/2026 11:58,28.876032850635546,71.09424847826281,0
26/04/2026 11:59,29.130861806159025,71.39536759348792,0
26/04/2026 11:59,29.091052074210445,71.22933923274915,0
26/04/2026 11:59,29.017144535481638,71.20268711681422,0
26/04/2026 11:59,28.91142813465286,71.59941801321585,0
26/04/2026 11:59,28.89540675962576,71.17404521027382,0
26/04/2026 11:59,28.975496313214524,71.33065765303185,0
26/04/2026 11:59,28.925814779289666,71.63899607172267,0
26/04/2026 11:59,29.003001981056624,71.38209795328154,0
26/04/2026 11:59,29.041260553976674,71.23318654085261,0
26/04/2026 11:59,29.062781100957995,71.09218620400445,0
26/04/2026 11:59,29.01109410934019,70.98307390688129,0
26/04/2026 11:59,28.899815000190763,71.23753282845533,0
26/04/2026 12:00,29.172396389774814,71.06678535219666,0
26/04/2026 12:00,29.18605590656062,71.299587455115,0
26/04/2026 12:00,28.919651450292722,71.367386259232,0
26/04/2026 12:00,28.966683929654238,71.37403685184125,0
26/04/2026 12:00,29.225518859301044,71.05658849175903,0
26/04/2026 12:00,29.147887971106524,71.25178647518814,0
26/04/2026 12:00,29.022057536745425,71.27143683761753,0
26/04/2026 12:00,29.072339246793582,71.42987332800432,0
26/04/2026 12:00,28.863873405123947,71.22097696686554,0
26/04/2026 12:00,28.998106210213354,71.25763319185238,0
26/04/2026 12:00,29.125974727909938,71.07702897121747,0
26/04/2026 12:00,28.807287581639322,71.36227724476626,0
26/04/2026 12:01,29.0576537791085,71.30202466530675,0
26/04/2026 12:01,28.897276328127006,71.21647511860205,0
26/04/2026 12:01,29.181111551761994,71.28329544358242,0
26/04/2026 12:01,28.88766955401674,71.22147607211635,0
26/04/2026 12:01,28.87880236863643,71.46557333921429,0
26/04/2026 12:01,28.93772384393032,71.44613875565877,0
26/04/2026 12:01,28.932454425498204,71.21211422456344,0
26/04/2026 12:01,29.024308390386917,71.25980917235766,0
26/04/2026 12:01,29.12512034313481,71.25424824119581,0
26/04/2026 12:01,28.873029518897344,71.6335642305728,0
26/04/2026 12:01,28.957307587578626,71.37739680706936,0
26/04/2026 12:01,29.045351534788377,71.27810609278202,0
26/04/2026 12:02,28.898788219097682,71.29150624403091,0
26/04/2026 12:02,29.066236119725833,71.07649243777328,0
26/04/2026 12:02,29.044178788261405,71.28229814116035,0
26/04/2026 12:02,29.04716631149179,71.26673478330301,0
26/04/2026 12:02,28.999155722040626,71.20974491512472,0
26/04/2026 12:02,29.070523473126272,71.2936271539397,0
26/04/2026 12:02,29.13399478597461,71.36014499920604,0
26/04/2026 12:02,28.992107722040036,71.15211436294214,0
26/04/2026 12:02,29.123356739464768,71.33512938156989,0
26/04/2026 12:02,29.02220207535816,71.11790660793376,0
26/04/2026 12:02,28.842884995983955,71.53888345078911,0
26/04/2026 12:02,29.135960850125922,71.36827213519274,0
26/04/2026 12:03,29.038401236995508,70.9791344977549,0
26/04/2026 12:03,29.137193520332644,71.27417840392931,0
26/04/2026 12:03,28.966011545423267,71.22970169604426,0
26/04/2026 12:03,29.015321667892977,71.65118326352912,0
26/04/2026 12:03,28.95941795836186,71.32387117867967,0
26/04/2026 12:03,28.876144136243813,71.47909785728575,0
26/04/2026 12:03,29.036573533912392,71.37041175328721,0
26/04/2026 12:03,29.166035459358387,71.58663625398395,0
26/04/2026 12:03,29.02979164626775,71.38441462448012,0
26/04/2026 12:03,28.981136474191718,71.17741791034055,0
26/04/2026 12:03,28.946638256615653,71.32414909915731,0
26/04/2026 12:03,28.881874452496337,71.2225002377686,0
26/04/2026 12:04,29.034531172573917,71.26672580432569,0
26/04/2026 12:04,29.07136054216548,71.20988092911378,0
26/04/2026 12:04,28.971485152262318,71.28183908750626,0
26/04/2026 12:04,28.967121367184202,71.55434184097906,0
26/04/2026 12:04,28.94504774285128,71.40705838504884,0
26/04/2026 12:04,28.906133714534253,71.27003883368907,0
26/04/2026 12:04,29.14338182165468,71.24792375071543,0
26/04/2026 12:04,29.083339552969868,71.37934636558842,0
26/04/2026 12:04,29.012084115470465,71.38700008419093,0
26/04/2026 12:04,28.891691799312106,71.42681583836607,0
26/04/2026 12:04,28.957292755724154,71.33813550151515,0
26/04/2026 12:04,29.10520920631577,71.23967939361854,0
26/04/2026 12:05,29.100176612794414,71.46479147155827,0
26/04/2026 12:05,29.26808034889083,71.31354481757599,0
26/04/2026 12:05,29.08858140516056,71.55512514313635,0
26/04/2026 12:05,29.01503434701184,71.4063018290439,0
26/04/2026 12:05,29.000947732038366,71.72937093939849,0
26/04/2026 12:05,28.820549531809082,71.33579250538939,0
26/04/2026 12:05,29.08423955000221,71.17273629438397,0
26/04/2026 12:05,28.831714858890727,71.31815160316756,0
26/04/2026 12:05,28.992092574034572,71.33169132103723,0
26/04/2026 12:05,28.966426028924324,71.33156647095616,0
26/04/2026 12:05,29.051924888469276,71.05783041229083,0
26/04/2026 12:05,29.07071063980907,71.30881621726118,0
26/04/2026 12:06,29.086477877754536,71.34913535048524,0
26/04/2026 12:06,29.07103731698764,71.61994738984683,0
26/04/2026 12:06,29.01407757641853,71.25845251126368,0
26/04/2026 12:06,29.075417993733918,71.25423564095475,0
26/04/2026 12:06,29.047248940053112,71.46708615309707,0
26/04/2026 12:06,28.923083256211694,71.54239575448118,0
26/04/2026 12:06,29.076603252363626,71.47983343564735,0
26/04/2026 12:06,28.973051569376707,71.41778310033929,0
26/04/2026 12:06,29.049370924524073,71.44708930475281,0
26/04/2026 12:06,29.082126021674487,71.26237538373752,0
26/04/2026 12:06,28.969885308911174,71.15895443039223,0
26/04/2026 12:06,28.906252148812744,71.23634786352257,0
26/04/2026 12:07,29.103115302440337,71.70823197663047,0
26/04/2026 12:07,28.970748743999494,71.4251254567946,0
26/04/2026 12:07,28.998309191337047,71.14008869744683,0
26/04/2026 12:07,29.08979404839905,71.41829370523031,0
26/04/2026 12:07,28.94249627013594,71.22338380456638,0
26/04/2026 12:07,29.006958236602753,71.44532559569605,0
26/04/2026 12:07,29.045509513488035,71.42976871013076,0
26/04/2026 12:07,28.895763850894525,71.2392256285259,0
26/04/2026 12:07,28.92429755975881,71.09315653040188,0
26/04/2026 12:07,28.994056226685135,71.42676470761043,0
26/04/2026 12:07,29.09121757359065,71.35352693176381,0
26/04/2026 12:07,28.83022614025761,71.19693738178363,0
26/04/2026 12:08,29.061989384767255,70.9986933972346,0
26/04/2026 12:08,29.07871625617749,71.350233067669,0
26/04/2026 12:08,28.945223155035194,71.20580453555698,0
26/04/2026 12:08,28.97854850213088,71.4240652408304,0
26/04/2026 12:08,28.830675612877293,71.2914005118835,0
26/04/2026 12:08,29.06756874949801,71.30739106723611,0
26/04/2026 12:08,28.933023782345618,71.17686550758651,0
26/04/2026 12:08,29.019814451027397,71.20817234995171,0
26/04/2026 12:08,28.868267728176665,71.42376066418689,0
26/04/2026 12:08,29.088383208286306,71.54341292926053,0
26/04/2026 12:08,28.930684643191487,71.48581202516486,0
26/04/2026 12:08,28.983665072659527,71.03663894080094,0
26/04/2026 12:09,29.071555765622694,71.22022609351168,0
26/04/2026 12:09,29.013053998111765,71.2313175814433,0
26/04/2026 12:09,28.90572717348432,71.2180253635952,0
26/04/2026 12:09,28.99560658801629,71.02923894812191,0
26/04/2026 12:09,29.039165742899016,71.20724739046265,0
26/04/2026 12:09,28.98886592081391,71.05926954896208,0
26/04/2026 12:09,28.993169525867472,71.48808441187069,0
26/04/2026 12:09,28.961968892565437,71.26506720730586,0
26/04/2026 12:09,28.963268078024775,71.56061706313471,0
26/04/2026 12:09,28.976859311138185,71.33597444774288,0
26/04/2026 12:09,28.902822483431624,71.25430132661806,0
26/04/2026 12:09,29.03227425745549,71.34494247398145,0
26/04/2026 12:10,29.048571006596852,71.30045860315528,0
26/04/2026 12:10,28.943481702350663,71.60398973558868,0
26/04/2026 12:10,28.935925367943916,71.43401148682342,0
26/04/2026 12:10,28.95029135399044,71.12041991087499,0
26/04/2026 12:10,28.930597235367948,71.3521628795417,0
26/04/2026 12:10,29.01301230944982,71.47660290167171,0
26/04/2026 12:10,29.060220964581788,71.30394407740854,0
26/04/2026 12:10,29.044201988584827,71.43088990342356,0
26/04/2026 12:10,29.078555511991198,71.2658718291631,0
26/04/2026 12:10,28.903954277525326,71.15914374126599,0
26/04/2026 12:10,29.082810714856915,71.21900335496761,0
26/04/2026 12:10,28.96964267683969,71.34329930414579,0
26/04/2026 12:11,28.99964910038268,71.34692689278619,0
26/04/2026 12:11,28.940870660375605,71.27952251412704,0
26/04/2026 12:11,28.920767981436825,71.0073696776819,0
26/04/2026 12:11,28.955842582854117,71.48650513916175,0
26/04/2026 12:11,28.903244731924065,71.2166505867224,0
26/04/2026 12:11,28.90833017680877,71.24449799802063,0
26/04/2026 12:11,28.84463969918304,71.16409597561125,0
26/04/2026 12:11,29.093144938352783,71.41334745733401,0
26/04/2026 12:11,29.140116091287172,71.24390698999898,0
26/04/2026 12:11,29.00565776691537,71.42465405079417,0
26/04/2026 12:11,28.853557933824327,71.30346629250404,0
26/04/2026 12:11,29.006455608989626,71.30659061494931,0
26/04/2026 12:12,29.147855633717402,71.23355371340259,0
26/04/2026 12:12,28.883789124915502,71.10927989561347,0
26/04/2026 12:12,29.140221200554375,71.46787325266875,0
26/04/2026 12:12,29.0450287357211,71.3003506834965,0
26/04/2026 12:12,28.775245652773915,71.47982443766237,0
26/04/2026 12:12,29.04726295335681,71.61175003063934,0
26/04/2026 12:12,29.020243004783293,71.13661636271188,0
26/04/2026 12:12,28.965378805908927,71.38700858664015,0
26/04/2026 12:12,28.846762509534862,71.26220091149739,0
26/04/2026 12:12,28.946087010562156,71.16422665374924,0
26/04/2026 12:12,29.162991178626868,71.17171045498652,0
26/04/2026 12:12,28.939342283636027,71.3887195829138,0
26/04/2026 12:13,28.849866393041633,71.54041436444511,0
26/04/2026 12:13,29.040073905222226,71.17867187056801,0
26/04/2026 12:13,29.004908454251197,71.27054854403767,0
26/04/2026 12:13,28.924266946155715,71.25837213331025,0
26/04/2026 12:13,29.050234898813862,71.1311222408182,0
26/04/2026 12:13,28.929575295330583,71.41664300484491,0
26/04/2026 12:13,28.964958864179955,71.32026712129849,0
26/04/2026 12:13,28.90640754530754,71.24944917895007,0
26/04/2026 12:13,29.10206878646847,71.20587888042597,0
26/04/2026 12:13,28.990901965309668,71.22477980256497,0
26/04/2026 12:13,28.900748420931222,71.30022517782629,0
26/04/2026 12:13,29.146492713693828,70.96278535151328,0
26/04/2026 12:14,29.039149229214697,71.42143379733947,0
26/04/2026 12:14,28.97907602562927,71.1966842245657,0
26/04/2026 12:14,29.077287156826607,71.2643963785253,0
26/04/2026 12:14,28.913407510245833,71.23315903029633,0
26/04/2026 12:14,28.97210229833424,71.09701783219899,0
26/04/2026 12:14,28.963997799814056,71.40666909183447,0
26/04/2026 12:14,29.082856016487664,71.17739956134298,0
26/04/2026 12:14,28.971330967326782,71.23181361693713,0
26/04/2026 12:14,29.04221765261047,71.27430265632165,0
26/04/2026 12:14,29.014323074040302,70.8821978894786,0
26/04/2026 12:14,29.007527480428866,71.52107311897122,0
26/04/2026 12:14,28.93459661783634,71.37958786313608,0
26/04/2026 12:15,29.043300141142357,70.86545074870695,0
26/04/2026 12:15,28.804651294915526,71.29469531478371,0
26/04/2026 12:15,28.923502836847852,71.09027692444734,0
26/04/2026 12:15,28.825585532666192,71.38509574942495,0
26/04/2026 12:15,29.067003262372964,71.03352728019833,0
26/04/2026 12:15,29.075561420025803,71.24561965852091,0
26/04/2026 12:15,28.89310943335466,71.15228946604998,0
26/04/2026 12:15,29.02801770282202,71.3167807105066,0
26/04/2026 12:15,28.91039354582991,71.26820562093776,0
26/04/2026 12:15,29.09374839567033,71.21089770635696,0
26/04/2026 12:15,28.94414303246941,71.28487343796824,0
26/04/2026 12:15,29.196845212477864,71.36522380360431,0
26/04/2026 12:16,29.09693770156182,71.30607286245844,0
26/04/2026 12:16,29.10833412804777,71.6156389991213,0
26/04/2026 12:16,28.95249580238596,71.10096548151176,0
26/04/2026 12:16,28.82125269274401,71.1376080787364,0
26/04/2026 12:16,28.940646054864324,71.43744617609032,0
26/04/2026 12:16,28.979127485997118,71.11259709374588,0
26/04/2026 12:16,28.97167493395842,71.3084154140314,0
26/04/2026 12:16,28.93348918637411,71.50153751618,0
26/04/2026 12:16,28.929246128098054,71.02478428771981,0
26/04/2026 12:16,28.916364451460723,71.4208071728782,0
26/04/2026 12:16,29.203795911436348,71.57951262092264,0
26/04/2026 12:16,28.949576060095723,71.24579394415157,0
26/04/2026 12:17,28.943898904471812,70.95227348032087,0
26/04/2026 12:17,28.711329707396782,71.01614155659291,0
26/04/2026 12:17,29.07462454359028,71.15560050885466,0
26/04/2026 12:17,28.979009174674808,71.57459459885474,0
26/04/2026 12:17,28.94082895841955,71.33592894456606,0
26/04/2026 12:17,28.92950735617142,71.23337467918597,0
26/04/2026 12:17,28.93063342465918,71.37430236745342,0
26/04/2026 12:17,29.124824421246878,71.31538325114961,0
26/04/2026 12:17,28.954664649489608,71.25040377741472,0
26/04/2026 12:17,29.18075735326647,71.0791619990078,0
26/04/2026 12:17,29.121405492837336,71.55434837055203,0
26/04/2026 12:17,28.9820736939617,71.34693218744185,0
26/04/2026 12:18,28.884208145387014,71.19621491980173,0
26/04/2026 12:18,29.0962421587961,71.27704815362118,0
26/04/2026 12:18,28.985439151725334,71.31157524683317,0
26/04/2026 12:18,28.968592750420918,71.61130123895538,0
26/04/2026 12:18,29.052074709736114,71.26699443216299,0
26/04/2026 12:18,29.166152434862475,71.25397016476535,0
26/04/2026 12:18,28.784992810673398,71.24624185288764,0
26/04/2026 12:18,28.8741653364153,71.39746316952899,0
26/04/2026 12:18,28.90798472945216,71.36150692177142,0
26/04/2026 12:18,29.133637481442776,71.1252790201946,0
26/04/2026 12:18,28.963215841192685,71.44642997674703,0
26/04/2026 12:18,29.10952298608728,71.04596166381573,0
26/04/2026 12:19,29.153832331367003,71.36580571220593,0
26/04/2026 12:19,28.94723680187464,71.46892642956976,0
26/04/2026 12:19,28.988630045633354,71.07362125226369,0
26/04/2026 12:19,29.00856177284856,71.28600976566145,0
26/04/2026 12:19,29.04011450082226,71.05310346040037,0
26/04/2026 12:19,28.987196259320385,71.40081067068704,0
26/04/2026 12:19,29.032111369893695,71.2789775548498,0
26/04/2026 12:19,28.806725840988356,71.39578552467466,0
26/04/2026 12:19,28.92722981657583,71.240179747055,0
26/04/2026 12:19,28.87198022990331,71.17080142662786,0
26/04/2026 12:19,29.08428573309918,71.05734894105001,0
26/04/2026 12:19,28.940314875123107,71.38968844102936,0
26/04/2026 12:20,28.91154306608496,71.24628860604668,0
26/04/2026 12:20,28.971357041588394,71.1999177435805,0
26/04/2026 12:20,29.078452313619273,70.95765951823617,0
26/04/2026 12:20,29.147676663822274,71.32972135237935,0
26/04/2026 12:20,28.89009849790436,71.41584387850276,0
26/04/2026 12:20,28.972492564257085,71.2830766676463,0
26/04/2026 12:20,29.09966088266836,71.18676007054158,0
26/04/2026 12:20,28.944138988161846,71.25373329789507,0
26/04/2026 12:20,29.132310195826207,71.58776025648825,0
26/04/2026 12:20,28.98195712031132,71.3065309674449,0
26/04/2026 12:20,29.138363902895016,71.14485265768835,0
26/04/2026 12:20,29.101612307304574,71.51325967249831,0
26/04/2026 12:21,29.02626550450562,71.21476660157782,0
26/04/2026 12:21,28.95537297954092,70.96252065814468,0
26/04/2026 12:21,28.881309603710854,71.30492169015736,0
26/04/2026 12:21,28.984821809728544,71.45687288373362,0
26/04/2026 12:21,29.186928946715494,71.18494373226116,0
26/04/2026 12:21,28.86807278632016,71.21016180081295,0
26/04/2026 12:21,29.034621023091557,71.60524778491506,0
26/04/2026 12:21,28.986967879433465,71.1786023113962,0
26/04/2026 12:21,29.04909006343635,71.3369503803214,0
26/04/2026 12:21,28.97322554613545,71.26877944992394,0
26/04/2026 12:21,29.01276714918927,71.45458884527837,0
26/04/2026 12:21,28.958797329778232,71.29797982365857,0
26/04/2026 12:22,29.10912689795533,71.18888391170977,0
26/04/2026 12:22,28.936162905389615,71.54428290368489,0
26/04/2026 12:22,28.92630191831239,71.28146678750167,0
26/04/2026 12:22,29.1580354757636,71.30477496610594,0
26/04/2026 12:22,28.972666141277717,71.39412541929447,0
26/04/2026 12:22,29.037973851316693,71.09311547675632,0
26/04/2026 12:22,28.900071310463243,71.25663491577868,0
26/04/2026 12:22,28.919563919779776,71.33045045118199,0
26/04/2026 12:22,29.008207769560187,71.35279712186069,0
26/04/2026 12:22,28.91157796827794,71.16682606878075,0
26/04/2026 12:22,28.957098455324992,71.1799425761937,0
26/04/2026 12:22,28.90463459495244,71.2423785442194,0
26/04/2026 12:23,28.972156634567114,71.2179376834724,0
26/04/2026 12:23,28.903662750722454,71.37875208646354,0
26/04/2026 12:23,29.01015957758226,71.39987911377528,0
26/04/2026 12:23,28.791251460073735,71.32623771086156,0
26/04/2026 12:23,29.031638202466464,71.22451072127011,0
26/04/2026 12:23,29.028801813723057,71.32628299869735,0
26/04/2026 12:23,28.97844765866964,71.20408573639243,0
26/04/2026 12:23,29.19070991688675,71.03673141057999,0
26/04/2026 12:23,29.031312737207806,71.5464766258643,0
26/04/2026 12:23,29.126052371205546,71.13669183821786,0
26/04/2026 12:23,29.09370305558886,71.15008117634389,0
26/04/2026 12:23,28.99733663486257,71.32666965101562,0
26/04/2026 12:24,28.921886092737918,71.00488319657738,0
26/04/2026 12:24,28.951057101964057,70.89374609482755,0
26/04/2026 12:24,28.996029057231105,71.06783600704323,0
26/04/2026 12:24,28.919880313892023,71.12437956757148,0
26/04/2026 12:24,28.995412786435644,71.61105060203494,0
26/04/2026 12:24,29.005293428292827,71.2375266913746,0
26/04/2026 12:24,28.910901374963373,71.47757036346954,0
26/04/2026 12:24,29.02009011131067,71.3653629241972,0
26/04/2026 12:24,28.925908454970962,71.28495523040095,0
26/04/2026 12:24,29.15127509286997,71.44083291135455,0
26/04/2026 12:24,28.911868247895292,71.07617097322147,0
26/04/2026 12:24,29.020211861426564,71.17514777384876,0
26/04/2026 12:25,28.95040580605796,71.16709251021165,0
26/04/2026 12:25,28.71813291212601,71.39386611088709,0
26/04/2026 12:25,28.866115403790577,71.16130622142383,0
26/04/2026 12:25,28.953838646063794,71.3070212511461,0
26/04/2026 12:25,28.914729476289676,71.06243133524544,0
26/04/2026 12:25,29.139372651766344,71.11631490278505,0
26/04/2026 12:25,28.94786031061182,71.15476434259996,0
26/04/2026 12:25,29.036479231963135,71.3803523947686,0
26/04/2026 12:25,28.998692137177468,71.18168500348014,0
26/04/2026 12:25,28.984099630934143,71.49655259641696,0
26/04/2026 12:25,28.99635067572431,71.35076418231215,0
26/04/2026 12:25,29.045711732659868,71.22890792980769,0
26/04/2026 12:26,29.034911783089015,71.42590100685796,0
26/04/2026 12:26,28.901170438832686,71.41908650052243,0
26/04/2026 12:26,28.991124260031828,71.01587063915467,0
26/04/2026 12:26,28.949725882587234,71.35958216615572,0
26/04/2026 12:26,29.004128499294637,71.54518531256025,0
26/04/2026 12:26,28.96219030581603,71.51246979839331,0
26/04/2026 12:26,29.045320183159237,71.21996851713422,0
26/04/2026 12:26,28.868288339307906,70.99627356390573,0
26/04/2026 12:26,28.9057476328361,70.95509297685027,0
26/04/2026 12:26,29.117922928988406,71.00433097167793,0
26/04/2026 12:26,29.01027439716372,71.27458374711611,0
26/04/2026 12:26,29.123505665503043,71.3590367726233,0
26/04/2026 12:27,29.053986081224856,71.09237749474632,0
26/04/2026 12:27,28.971421595913753,71.61250521739058,0
26/04/2026 12:27,29.10214409179101,71.32682676268007,0
26/04/2026 12:27,29.001561801002797,71.49559699261366,0
26/04/2026 12:27,28.965098115449297,71.23497311733634,0
26/04/2026 12:27,29.128692256748103,71.61692221556726,0
26/04/2026 12:27,28.92529676637606,71.42774383835554,0
26/04/2026 12:27,29.100435004787393,71.39697009458992,0
26/04/2026 12:27,29.02495927088806,71.18416487237667,0
26/04/2026 12:27,28.871035477984798,71.19044145540165,0
26/04/2026 12:27,29.000346731944003,71.67744501542484,0
26/04/2026 12:27,28.887639746427553,71.20538157175419,0
26/04/2026 12:28,28.933958758081566,71.36938504370056,0
26/04/2026 12:28,29.00903386357617,71.46619614738198,0
26/04/2026 12:28,29.112994698907936,71.24245928048502,0
26/04/2026 12:28,28.825955752510616,71.3352417693826,0
26/04/2026 12:28,29.07730919452657,71.42072042431049,0
26/04/2026 12:28,29.03763735826966,71.4614269134744,0
26/04/2026 12:28,29.05327941578748,71.59330870332337,0
26/04/2026 12:28,29.051221839229502,71.23424662815327,0
26/04/2026 12:28,29.148853816537986,71.43215355324989,0
26/04/2026 12:28,29.095812918954312,71.50586575661582,0
26/04/2026 12:28,29.008237644230718,71.23933491203188,0
26/04/2026 12:28,28.78934234314792,71.1523594277133,0
26/04/2026 12:29,28.965728083067066,71.36905002779905,0
26/04/2026 12:29,29.00698510425041,71.6212426181043,0
26/04/2026 12:29,29.00019332158441,71.42055348380022,0
26/04/2026 12:29,28.915814906620355,71.09789416005118,0
26/04/2026 12:29,29.104979605714913,71.23807620312527,0
26/04/2026 12:29,28.972042827562728,71.29211837453843,0
26/04/2026 12:29,28.878374604772237,71.18409025519986,0
26/04/2026 12:29,29.03153740695177,71.45780606682287,0
26/04/2026 12:29,28.85208571726621,71.59431101088097,0
26/04/2026 12:29,29.010764701793875,71.43215647304102,0
26/04/2026 12:29,29.00053180597611,71.50292317067702,0
26/04/2026 12:29,28.987027207269566,71.58550308728736,0
26/04/2026 12:30,29.045555943165525,71.4932471389697,0
26/04/2026 12:30,28.921600053130554,71.32325530039974,0
26/04/2026 12:30,28.923442038993695,71.21093331992915,0
26/04/2026 12:30,28.927980163066586,71.17526417396765,0
26/04/2026 12:30,28.996623686090665,71.53336103052074,0
26/04/2026 12:30,28.82185728140794,71.1260333045454,0
26/04/2026 12:30,28.95196485556854,71.2253090826264,0
26/04/2026 12:30,29.104858085380563,71.11543536157161,0
26/04/2026 12:30,29.136837251773848,71.24693968946373,0
26/04/2026 12:30,28.984924551157036,71.4041992553169,0
26/04/2026 12:30,29.09183126063539,71.11274045524263,0
26/04/2026 12:30,28.99012402542729,71.31696384249952,0
26/04/2026 12:31,28.977107006185367,71.07907086759529,0
26/04/2026 12:31,29.019992700975223,71.18386408737707,0
