Timestamp,Temperature,Humidity,Temp_Rate,Humi_Rate,Label
2026-04-26 08:00:00,28.91,71.42,0.0,0.0,0
2026-04-26 08:00:05,28.85,71.76,-0.012,0.068,0
2026-04-26 08:00:10,28.95,71.94,0.02,0.036,0
2026-04-26 08:00:15,28.89,71.98,-0.012,0.008,0
2026-04-26 08:00:20,28.94,71.51,0.01,-0.094,0
2026-04-26 08:00:25,28.84,71.57,-0.02,0.012,0
2026-04-26 08:00:30,28.97,71.44,0.026,-0.026,0
2026-04-26 08:00:35,29.01,71.54,0.008,0.02,0
2026-04-26 08:00:40,28.82,71.72,-0.038,0.036,0
2026-04-26 08:00:45,28.85,71.41,0.006,-0.062,0
2026-04-26 08:00:50,28.78,71.82,-0.014,0.082,0
2026-04-26 08:00:55,28.9,71.46,0.024,-0.072,0
2026-04-26 08:01:00,28.99,71.98,0.018,0.104,0
2026-04-26 08:01:05,28.9,71.92,-0.018,-0.012,0
2026-04-26 08:01:10,29.0,71.67,0.02,-0.05,0
2026-04-26 08:01:15,28.99,71.57,-0.002,-0.02,0
2026-04-26 08:01:20,28.81,71.44,-0.036,-0.026,0
2026-04-26 08:01:25,28.87,71.66,0.012,0.044,0
2026-04-26 08:01:30,28.89,71.87,0.004,0.042,0
2026-04-26 08:01:35,28.87,71.86,-0.004,-0.002,0
2026-04-26 08:01:40,28.99,71.95,0.024,0.018,0
2026-04-26 08:01:45,28.84,71.7,-0.03,-0.05,0
2026-04-26 08:01:50,28.91,71.35,0.014,-0.07,0
2026-04-26 08:01:55,28.91,71.6,0.0,0.05,0
2026-04-26 08:02:00,28.87,71.74,-0.008,0.028,0
2026-04-26 08:02:05,28.93,72.23,0.012,0.098,0
2026-04-26 08:02:10,29.01,71.71,0.016,-0.104,0
2026-04-26 08:02:15,28.93,71.6,-0.016,-0.022,0
2026-04-26 08:02:20,28.74,71.84,-0.038,0.048,0
2026-04-26 08:02:25,28.88,71.42,0.028,-0.084,0
2026-04-26 08:02:30,28.87,72.6,-0.002,0.236,1
2026-04-26 08:02:35,28.91,73.29,0.008,0.138,1
2026-04-26 08:02:40,28.89,73.37,-0.004,0.016,1
2026-04-26 08:02:45,29.01,73.53,0.024,0.032,1
2026-04-26 08:02:50,28.9,73.54,-0.022,0.002,1
2026-04-26 08:02:55,28.96,73.96,0.012,0.084,1
2026-04-26 08:03:00,28.82,74.35,-0.028,0.078,1
2026-04-26 08:03:05,28.97,74.45,0.03,0.02,1
2026-04-26 08:03:10,29.06,74.5,0.018,0.01,1
2026-04-26 08:03:15,29.0,75.04,-0.012,0.108,1
2026-04-26 08:03:20,29.08,75.39,0.016,0.07,1
2026-04-26 08:03:25,28.97,75.42,-0.022,0.006,1
2026-04-26 08:03:30,28.99,75.17,0.004,-0.05,1
2026-04-26 08:03:35,29.16,75.48,0.034,0.062,1
2026-04-26 08:03:40,29.11,76.2,-0.01,0.144,1
2026-04-26 08:03:45,29.1,75.38,-0.002,-0.164,1
2026-04-26 08:03:50,29.07,76.02,-0.006,0.128,1
2026-04-26 08:03:55,29.23,76.45,0.032,0.086,1
2026-04-26 08:04:00,29.24,76.64,0.002,0.038,1
2026-04-26 08:04:05,29.17,76.39,-0.014,-0.05,1
2026-04-26 08:04:10,29.23,76.53,0.012,0.028,1
2026-04-26 08:04:15,29.28,77.21,0.01,0.136,1
2026-04-26 08:04:20,29.22,77.07,-0.012,-0.028,1
2026-04-26 08:04:25,29.48,77.1,0.052,0.006,1
2026-04-26 08:04:30,29.22,76.62,-0.052,-0.096,1
2026-04-26 08:04:35,29.22,77.42,0.0,0.16,1
2026-04-26 08:04:40,29.28,77.35,0.012,-0.014,1
2026-04-26 08:04:45,29.42,77.34,0.028,-0.002,1
2026-04-26 08:04:50,29.18,77.17,-0.048,-0.034,1
2026-04-26 08:04:55,29.21,76.96,0.006,-0.042,1
2026-04-26 08:05:00,29.31,77.46,0.02,0.1,1
2026-04-26 08:05:05,29.3,77.39,-0.002,-0.014,1
2026-04-26 08:05:10,29.29,77.34,-0.002,-0.01,1
2026-04-26 08:05:15,28.46,74.24,-0.166,-0.62,0
2026-04-26 08:05:20,28.6,74.49,0.028,0.05,0
2026-04-26 08:05:25,28.5,74.24,-0.02,-0.05,0
2026-04-26 08:05:30,28.5,74.28,0.0,0.008,0
2026-04-26 08:05:35,28.43,74.17,-0.014,-0.022,0
2026-04-26 08:05:40,28.48,74.61,0.01,0.088,0
2026-04-26 08:05:45,28.66,74.57,0.036,-0.008,0
2026-04-26 08:05:50,28.44,74.65,-0.044,0.016,0
2026-04-26 08:05:55,28.68,74.0,0.048,-0.13,0
2026-04-26 08:06:00,28.57,74.58,-0.022,0.116,0
2026-04-26 08:06:05,28.66,74.71,0.018,0.026,0
2026-04-26 08:06:10,28.72,74.4,0.012,-0.062,0
2026-04-26 08:06:15,28.7,74.38,-0.004,-0.004,0
2026-04-26 08:06:20,28.56,74.5,-0.028,0.024,0
2026-04-26 08:06:25,28.73,74.41,0.034,-0.018,0
2026-04-26 08:06:30,28.66,74.03,-0.014,-0.076,0
2026-04-26 08:06:35,28.53,74.28,-0.026,0.05,0
2026-04-26 08:06:40,28.66,74.54,0.026,0.052,0
2026-04-26 08:06:45,28.62,74.51,-0.008,-0.006,0
2026-04-26 08:06:50,28.6,74.54,-0.004,0.006,0
2026-04-26 08:06:55,28.73,74.32,0.026,-0.044,0
2026-04-26 08:07:00,28.55,74.44,-0.036,0.024,0
2026-04-26 08:07:05,28.77,74.55,0.044,0.022,0
2026-04-26 08:07:10,28.51,74.69,-0.052,0.028,0
2026-04-26 08:07:15,28.58,74.31,0.014,-0.076,0
2026-04-26 08:07:20,28.83,74.58,0.05,0.054,0
2026-04-26 08:07:25,28.68,74.18,-0.03,-0.08,0
2026-04-26 08:07:30,28.81,74.33,0.026,0.03,0
2026-04-26 08:07:35,28.61,74.75,-0.04,0.084,0
2026-04-26 08:07:40,28.68,74.75,0.014,0.0,0
2026-04-26 08:07:45,28.79,74.28,0.022,-0.094,0
2026-04-26 08:07:50,28.69,74.63,-0.02,0.07,0
2026-04-26 08:07:55,32.92,70.8,0.846,-0.766,2
2026-04-26 08:08:00,35.91,67.6,0.598,-0.64,2
2026-04-26 08:08:05,38.08,66.16,0.434,-0.288,2
2026-04-26 08:08:10,39.27,64.52,0.238,-0.328,2
2026-04-26 08:08:15,40.01,63.88,0.148,-0.128,2
2026-04-26 08:08:20,40.35,63.3,0.068,-0.116,2
2026-04-26 08:08:25,40.41,62.44,0.012,-0.172,2
2026-04-26 08:08:30,40.32,62.28,-0.018,-0.032,2
2026-04-26 08:08:35,40.52,61.9,0.04,-0.076,2
2026-04-26 08:08:40,40.28,61.57,-0.048,-0.066,2
2026-04-26 08:08:45,40.53,61.4,0.05,-0.034,1
2026-04-26 08:08:50,40.58,61.42,0.01,0.004,1
2026-04-26 08:08:55,40.96,61.25,0.076,-0.034,1
2026-04-26 08:09:00,41.02,61.26,0.012,0.002,1
2026-04-26 08:09:05,41.06,61.05,0.008,-0.042,1
2026-04-26 08:09:10,41.18,61.23,0.024,0.036,1
2026-04-26 08:09:15,41.11,61.07,-0.014,-0.032,1
2026-04-26 08:09:20,41.22,61.2,0.022,0.026,1
2026-04-26 08:09:25,41.21,61.26,-0.002,0.012,1
2026-04-26 08:09:30,41.07,61.06,-0.028,-0.04,1
2026-04-26 08:09:35,41.12,60.74,0.01,-0.064,1
2026-04-26 08:09:40,41.15,60.43,0.006,-0.062,1
2026-04-26 08:09:45,41.06,60.83,-0.018,0.08,1
2026-04-26 08:09:50,41.09,61.04,0.006,0.042,1
2026-04-26 08:09:55,41.07,60.83,-0.004,-0.042,1
2026-04-26 08:10:00,28.78,70.96,-2.458,2.026,0
2026-04-26 08:10:05,28.73,70.3,-0.01,-0.132,0
2026-04-26 08:10:10,28.92,70.22,0.038,-0.016,0
2026-04-26 08:10:15,28.95,70.58,0.006,0.072,0
2026-04-26 08:10:20,29.0,70.7,0.01,0.024,0
2026-04-26 08:10:25,28.83,70.78,-0.034,0.016,0
2026-04-26 08:10:30,28.79,70.79,-0.008,0.002,0
2026-04-26 08:10:35,28.71,71.0,-0.016,0.042,0
2026-04-26 08:10:40,28.83,70.57,0.024,-0.086,0
2026-04-26 08:10:45,28.95,70.6,0.024,0.006,0
2026-04-26 08:10:50,28.93,70.19,-0.004,-0.082,0
2026-04-26 08:10:55,28.97,70.92,0.008,0.146,0
2026-04-26 08:11:00,28.89,71.32,-0.016,0.08,0
2026-04-26 08:11:05,28.91,70.25,0.004,-0.214,0
2026-04-26 08:11:10,28.85,70.94,-0.012,0.138,0
2026-04-26 08:11:15,28.8,71.15,-0.01,0.042,0
2026-04-26 08:11:20,29.02,70.64,0.044,-0.102,0
2026-04-26 08:11:25,28.81,70.92,-0.042,0.056,0
2026-04-26 08:11:30,28.94,70.89,0.026,-0.006,0
2026-04-26 08:11:35,28.99,70.57,0.01,-0.064,0
2026-04-26 08:11:40,28.86,71.06,-0.026,0.098,0
2026-04-26 08:11:45,28.83,70.66,-0.006,-0.08,0
2026-04-26 08:11:50,28.99,70.73,0.032,0.014,0
2026-04-26 08:11:55,28.75,70.69,-0.048,-0.008,0
2026-04-26 08:12:00,28.98,71.03,0.046,0.068,0
2026-04-26 08:12:05,28.93,70.61,-0.01,-0.084,0
2026-04-26 08:12:10,28.94,70.56,0.002,-0.01,0
2026-04-26 08:12:15,29.02,70.65,0.016,0.018,0
2026-04-26 08:12:20,28.84,71.09,-0.036,0.088,0
2026-04-26 08:12:25,28.9,71.22,0.012,0.026,0
2026-04-26 08:12:30,29.01,70.29,0.022,-0.186,0
2026-04-26 08:12:35,28.99,71.15,-0.004,0.172,0
2026-04-26 08:12:40,28.91,70.8,-0.016,-0.07,0
2026-04-26 08:12:45,28.96,70.45,0.01,-0.07,0
2026-04-26 08:12:50,28.76,70.92,-0.04,0.094,0
2026-04-26 08:12:55,28.95,70.61,0.038,-0.062,0
2026-04-26 08:13:00,28.95,70.53,0.0,-0.016,0
2026-04-26 08:13:05,28.99,70.88,0.008,0.07,0
2026-04-26 08:13:10,28.91,70.65,-0.016,-0.046,0
2026-04-26 08:13:15,28.87,70.93,-0.008,0.056,0
2026-04-26 08:13:20,29.02,70.82,0.03,-0.022,0
2026-04-26 08:13:25,28.84,70.66,-0.036,-0.032,0
2026-04-26 08:13:30,28.88,70.6,0.008,-0.012,0
2026-04-26 08:13:35,28.89,70.4,0.002,-0.04,0
2026-04-26 08:13:40,29.0,70.92,0.022,0.104,0
2026-04-26 08:13:45,28.97,70.76,-0.006,-0.032,0
2026-04-26 08:13:50,29.03,71.3,0.012,0.108,0
2026-04-26 08:13:55,28.87,71.05,-0.032,-0.05,1
2026-04-26 08:14:00,28.98,70.84,0.022,-0.042,1
2026-04-26 08:14:05,28.87,70.7,-0.022,-0.028,1
2026-04-26 08:14:10,28.85,70.16,-0.004,-0.108,1
2026-04-26 08:14:15,29.0,70.66,0.03,0.1,1
2026-04-26 08:14:20,28.84,71.11,-0.032,0.09,1
2026-04-26 08:14:25,28.85,70.95,0.002,-0.032,1
2026-04-26 08:14:30,28.99,70.64,0.028,-0.062,1
2026-04-26 08:14:35,28.85,70.83,-0.028,0.038,1
2026-04-26 08:14:40,28.92,70.82,0.014,-0.002,0
2026-04-26 08:14:45,28.89,70.79,-0.006,-0.006,0
2026-04-26 08:14:50,29.08,70.85,0.038,0.012,0
2026-04-26 08:14:55,28.93,71.04,-0.03,0.038,0
2026-04-26 08:15:00,28.96,70.89,0.006,-0.03,0
2026-04-26 08:15:05,29.07,71.22,0.022,0.066,0
2026-04-26 08:15:10,29.01,72.04,-0.012,0.164,0
2026-04-26 08:15:15,28.92,71.0,-0.018,-0.208,0
2026-04-26 08:15:20,28.99,71.38,0.014,0.076,0
2026-04-26 08:15:25,29.03,70.82,0.008,-0.112,0
2026-04-26 08:15:30,29.09,71.49,0.012,0.134,0
2026-04-26 08:15:35,28.98,71.93,-0.022,0.088,0
2026-04-26 08:15:40,28.81,72.54,-0.034,0.122,0
2026-04-26 08:15:45,29.0,72.6,0.038,0.012,0
2026-04-26 08:15:50,28.86,73.23,-0.028,0.126,0
2026-04-26 08:15:55,29.04,73.38,0.036,0.03,0
2026-04-26 08:16:00,28.79,73.08,-0.05,-0.06,0
2026-04-26 08:16:05,28.86,72.74,0.014,-0.068,0
2026-04-26 08:16:10,28.85,73.01,-0.002,0.054,0
2026-04-26 08:16:15,28.91,73.04,0.012,0.006,0
2026-04-26 08:16:20,28.96,73.15,0.01,0.022,0
2026-04-26 08:16:25,28.89,72.95,-0.014,-0.04,0
2026-04-26 08:16:30,28.87,72.99,-0.004,0.008,0
2026-04-26 08:16:35,28.96,72.72,0.018,-0.054,0
2026-04-26 08:16:40,28.88,72.76,-0.016,0.008,0
2026-04-26 08:16:45,28.99,73.05,0.022,0.058,0
2026-04-26 08:16:50,28.98,73.43,-0.002,0.076,0
2026-04-26 08:16:55,28.93,72.42,-0.01,-0.202,0
2026-04-26 08:17:00,29.03,73.13,0.02,0.142,0
2026-04-26 08:17:05,28.95,73.37,-0.016,0.048,0
2026-04-26 08:17:10,28.96,73.14,0.002,-0.046,0
2026-04-26 08:17:15,28.97,73.16,0.002,0.004,0
2026-04-26 08:17:20,29.02,73.28,0.01,0.024,0
2026-04-26 08:17:25,28.9,72.99,-0.024,-0.058,0
2026-04-26 08:17:30,28.87,73.01,-0.006,0.004,0
2026-04-26 08:17:35,29.0,72.78,0.026,-0.046,0
2026-04-26 08:17:40,29.17,72.78,0.034,0.0,0
2026-04-26 08:17:45,29.03,73.03,-0.028,0.05,0
2026-04-26 08:17:50,29.04,72.61,0.002,-0.084,0
2026-04-26 08:17:55,28.99,73.22,-0.01,0.122,0
2026-04-26 08:18:00,28.84,73.32,-0.03,0.02,0
2026-04-26 08:18:05,29.04,72.94,0.04,-0.076,0
2026-04-26 08:18:10,28.96,73.71,-0.016,0.154,0
2026-04-26 08:18:15,28.96,72.49,0.0,-0.244,0
2026-04-26 08:18:20,28.8,73.06,-0.032,0.114,0
2026-04-26 08:18:25,29.1,73.21,0.06,0.03,0
2026-04-26 08:18:30,28.9,72.82,-0.04,-0.078,0
2026-04-26 08:18:35,28.92,73.02,0.004,0.04,0
2026-04-26 08:18:40,28.96,73.31,0.008,0.058,0
2026-04-26 08:18:45,34.16,69.68,1.04,-0.726,2
2026-04-26 08:18:50,38.14,66.75,0.796,-0.586,2
2026-04-26 08:18:55,40.76,64.84,0.524,-0.382,2
2026-04-26 08:19:00,42.26,63.82,0.3,-0.204,2
2026-04-26 08:19:05,43.26,62.96,0.2,-0.172,2
2026-04-26 08:19:10,43.69,62.23,0.086,-0.146,2
2026-04-26 08:19:15,43.89,61.42,0.04,-0.162,2
2026-04-26 08:19:20,43.85,61.37,-0.008,-0.01,2
2026-04-26 08:19:25,44.13,60.6,0.056,-0.154,1
2026-04-26 08:19:30,44.37,60.9,0.048,0.06,1
2026-04-26 08:19:35,44.35,60.36,-0.004,-0.108,1
2026-04-26 08:19:40,44.41,60.25,0.012,-0.022,1
2026-04-26 08:19:45,44.51,60.17,0.02,-0.016,1
2026-04-26 08:19:50,44.56,60.31,0.01,0.028,1
2026-04-26 08:19:55,44.55,59.7,-0.002,-0.122,1
2026-04-26 08:20:00,44.38,60.01,-0.034,0.062,1
2026-04-26 08:20:05,44.48,60.25,0.02,0.048,1
2026-04-26 08:20:10,44.55,59.64,0.014,-0.122,1
2026-04-26 08:20:15,44.7,60.06,0.03,0.084,1
2026-04-26 08:20:20,44.56,59.94,-0.028,-0.024,1
2026-04-26 08:20:25,44.68,60.21,0.024,0.054,1
2026-04-26 08:20:30,44.64,60.08,-0.008,-0.026,1
2026-04-26 08:20:35,44.63,59.96,-0.002,-0.024,1
2026-04-26 08:20:40,29.0,72.19,-3.126,2.446,0
2026-04-26 08:20:45,28.88,72.1,-0.024,-0.018,0
2026-04-26 08:20:50,29.01,72.1,0.026,0.0,0
2026-04-26 08:20:55,28.99,72.19,-0.004,0.018,0
2026-04-26 08:21:00,29.11,72.39,0.024,0.04,0
2026-04-26 08:21:05,29.06,72.12,-0.01,-0.054,0
2026-04-26 08:21:10,29.03,71.84,-0.006,-0.056,0
2026-04-26 08:21:15,29.05,72.21,0.004,0.074,0
2026-04-26 08:21:20,29.09,72.08,0.008,-0.026,0
2026-04-26 08:21:25,29.02,72.0,-0.014,-0.016,0
2026-04-26 08:21:30,29.11,72.56,0.018,0.112,0
2026-04-26 08:21:35,28.99,71.85,-0.024,-0.142,0
2026-04-26 08:21:40,29.06,71.88,0.014,0.006,0
2026-04-26 08:21:45,29.06,72.12,0.0,0.048,0
2026-04-26 08:21:50,29.15,71.46,0.018,-0.132,0
2026-04-26 08:21:55,29.08,72.14,-0.014,0.136,0
2026-04-26 08:22:00,29.19,72.11,0.022,-0.006,0
2026-04-26 08:22:05,29.14,72.33,-0.01,0.044,0
2026-04-26 08:22:10,29.07,72.34,-0.014,0.002,0
2026-04-26 08:22:15,29.06,72.46,-0.002,0.024,0
2026-04-26 08:22:20,29.08,71.7,0.004,-0.152,0
2026-04-26 08:22:25,29.16,72.04,0.016,0.068,0
2026-04-26 08:22:30,29.21,71.89,0.01,-0.03,0
2026-04-26 08:22:35,29.11,72.44,-0.02,0.11,0
2026-04-26 08:22:40,29.01,72.0,-0.02,-0.088,0
2026-04-26 08:22:45,29.12,72.01,0.022,0.002,0
2026-04-26 08:22:50,29.0,72.46,-0.024,0.09,0
2026-04-26 08:22:55,29.25,71.59,0.05,-0.174,0
2026-04-26 08:23:00,29.12,72.18,-0.026,0.118,0
2026-04-26 08:23:05,29.05,72.36,-0.014,0.036,0
2026-04-26 08:23:10,29.15,71.84,0.02,-0.104,0
2026-04-26 08:23:15,29.12,71.91,-0.006,0.014,0
2026-04-26 08:23:20,29.27,72.19,0.03,0.056,0
2026-04-26 08:23:25,29.09,71.8,-0.036,-0.078,0
2026-04-26 08:23:30,29.18,71.7,0.018,-0.02,0
2026-04-26 08:23:35,33.04,68.08,0.772,-0.724,2
2026-04-26 08:23:40,35.82,66.61,0.556,-0.294,2
2026-04-26 08:23:45,37.79,64.04,0.394,-0.514,2
2026-04-26 08:23:50,38.93,63.44,0.228,-0.12,2
2026-04-26 08:23:55,39.57,62.6,0.128,-0.168,2
2026-04-26 08:24:00,39.98,61.88,0.082,-0.144,1
2026-04-26 08:24:05,40.11,61.45,0.026,-0.086,1
2026-04-26 08:24:10,40.18,61.59,0.014,0.028,1
2026-04-26 08:24:15,40.33,61.1,0.03,-0.098,1
2026-04-26 08:24:20,40.53,61.01,0.04,-0.018,1
2026-04-26 08:24:25,40.45,60.76,-0.016,-0.05,1
2026-04-26 08:24:30,40.53,61.16,0.016,0.08,1
2026-04-26 08:24:35,40.44,60.82,-0.018,-0.068,1
2026-04-26 08:24:40,40.52,60.53,0.016,-0.058,1
2026-04-26 08:24:45,40.61,61.02,0.018,0.098,1
2026-04-26 08:24:50,40.5,60.36,-0.022,-0.132,1
2026-04-26 08:24:55,40.51,60.43,0.002,0.014,1
2026-04-26 08:25:00,40.6,60.73,0.018,0.06,1
2026-04-26 08:25:05,40.54,60.4,-0.012,-0.066,1
2026-04-26 08:25:10,40.52,60.84,-0.004,0.088,1
2026-04-26 08:25:15,40.47,61.02,-0.01,0.036,1
2026-04-26 08:25:20,40.54,60.49,0.014,-0.106,1
2026-04-26 08:25:25,40.61,60.53,0.014,0.008,1
2026-04-26 08:25:30,40.53,60.06,-0.016,-0.094,1
2026-04-26 08:25:35,40.58,60.47,0.01,0.082,1
2026-04-26 08:25:40,28.43,72.96,-2.43,2.498,0
2026-04-26 08:25:45,28.51,73.74,0.016,0.156,0
2026-04-26 08:25:50,28.55,73.6,0.008,-0.028,0
2026-04-26 08:25:55,28.61,73.18,0.012,-0.084,0
2026-04-26 08:26:00,28.56,73.84,-0.01,0.132,0
2026-04-26 08:26:05,28.65,73.63,0.018,-0.042,0
2026-04-26 08:26:10,28.7,73.9,0.01,0.054,0
2026-04-26 08:26:15,28.54,73.38,-0.032,-0.104,0
2026-04-26 08:26:20,28.5,73.58,-0.008,0.04,0
2026-04-26 08:26:25,28.62,73.67,0.024,0.018,0
2026-04-26 08:26:30,28.6,73.47,-0.004,-0.04,0
2026-04-26 08:26:35,28.42,73.5,-0.036,0.006,0
2026-04-26 08:26:40,28.62,73.38,0.04,-0.024,0
2026-04-26 08:26:45,28.69,73.39,0.014,0.002,0
2026-04-26 08:26:50,28.61,73.52,-0.016,0.026,0
2026-04-26 08:26:55,28.76,73.23,0.03,-0.058,0
2026-04-26 08:27:00,28.61,73.89,-0.03,0.132,0
2026-04-26 08:27:05,28.6,73.85,-0.002,-0.008,0
2026-04-26 08:27:10,28.51,73.45,-0.018,-0.08,0
2026-04-26 08:27:15,28.52,73.46,0.002,0.002,0
2026-04-26 08:27:20,28.56,73.5,0.008,0.008,0
2026-04-26 08:27:25,28.62,73.39,0.012,-0.022,0
2026-04-26 08:27:30,28.72,73.57,0.02,0.036,0
2026-04-26 08:27:35,28.58,73.66,-0.028,0.018,0
2026-04-26 08:27:40,28.56,73.87,-0.004,0.042,0
2026-04-26 08:27:45,28.6,73.93,0.008,0.012,0
2026-04-26 08:27:50,28.6,73.23,0.0,-0.14,0
2026-04-26 08:27:55,28.67,73.66,0.014,0.086,0
2026-04-26 08:28:00,28.6,73.31,-0.014,-0.07,0
2026-04-26 08:28:05,28.46,74.02,-0.028,0.142,0
2026-04-26 08:28:10,28.66,73.65,0.04,-0.074,0
2026-04-26 08:28:15,28.69,73.64,0.006,-0.002,0
2026-04-26 08:28:20,28.54,73.6,-0.03,-0.008,0
2026-04-26 08:28:25,28.55,73.6,0.002,0.0,0
2026-04-26 08:28:30,28.59,73.43,0.008,-0.034,0
2026-04-26 08:28:35,28.57,73.44,-0.004,0.002,0
2026-04-26 08:28:40,28.61,73.49,0.008,0.01,0
2026-04-26 08:28:45,28.63,73.56,0.004,0.014,0
2026-04-26 08:28:50,28.6,73.62,-0.006,0.012,0
2026-04-26 08:28:55,28.58,74.07,-0.004,0.09,0
2026-04-26 08:29:00,28.59,73.36,0.002,-0.142,0
2026-04-26 08:29:05,28.59,73.74,0.0,0.076,0
2026-04-26 08:29:10,28.62,73.46,0.006,-0.056,0
2026-04-26 08:29:15,28.64,73.4,0.004,-0.012,0
2026-04-26 08:29:20,28.45,73.5,-0.038,0.02,0
2026-04-26 08:29:25,28.67,73.35,0.044,-0.03,0
2026-04-26 08:29:30,28.66,74.08,-0.002,0.146,0
2026-04-26 08:29:35,28.71,73.56,0.01,-0.104,0
2026-04-26 08:29:40,28.53,73.96,-0.036,0.08,0
2026-04-26 08:29:45,33.3,70.06,0.954,-0.78,2
2026-04-26 08:29:50,36.6,67.42,0.66,-0.528,2
2026-04-26 08:29:55,38.89,65.41,0.458,-0.402,2
2026-04-26 08:30:00,40.26,65.06,0.274,-0.07,2
2026-04-26 08:30:05,41.04,63.75,0.156,-0.262,2
2026-04-26 08:30:10,41.49,62.91,0.09,-0.168,2
2026-04-26 08:30:15,41.46,62.61,-0.006,-0.06,2
2026-04-26 08:30:20,41.61,62.62,0.03,0.002,1
2026-04-26 08:30:25,41.85,62.07,0.048,-0.11,1
2026-04-26 08:30:30,42.05,61.9,0.04,-0.034,1
2026-04-26 08:30:35,42.19,61.39,0.028,-0.102,1
2026-04-26 08:30:40,42.19,61.61,0.0,0.044,1
2026-04-26 08:30:45,42.28,61.75,0.018,0.028,1
2026-04-26 08:30:50,42.41,61.61,0.026,-0.028,1
2026-04-26 08:30:55,42.21,60.9,-0.04,-0.142,1
2026-04-26 08:31:00,42.24,60.92,0.006,0.004,1
2026-04-26 08:31:05,42.4,61.27,0.032,0.07,1
2026-04-26 08:31:10,42.25,61.3,-0.03,0.006,1
2026-04-26 08:31:15,42.33,61.34,0.016,0.008,1
2026-04-26 08:31:20,42.24,60.94,-0.018,-0.08,1
2026-04-26 08:31:25,42.3,61.15,0.012,0.042,1
2026-04-26 08:31:30,42.31,60.8,0.002,-0.07,1
2026-04-26 08:31:35,42.31,61.18,0.0,0.076,1
2026-04-26 08:31:40,42.43,60.94,0.024,-0.048,1
2026-04-26 08:31:45,42.31,61.17,-0.024,0.046,1
2026-04-26 08:31:50,29.61,74.44,-2.54,2.654,0
2026-04-26 08:31:55,29.45,74.51,-0.032,0.014,0
2026-04-26 08:32:00,29.58,74.47,0.026,-0.008,0
2026-04-26 08:32:05,29.44,74.66,-0.028,0.038,0
2026-04-26 08:32:10,29.43,74.74,-0.002,0.016,0
2026-04-26 08:32:15,29.5,74.34,0.014,-0.08,0
2026-04-26 08:32:20,29.39,74.78,-0.022,0.088,0
2026-04-26 08:32:25,29.59,74.82,0.04,0.008,0
2026-04-26 08:32:30,29.54,74.87,-0.01,0.01,0
2026-04-26 08:32:35,29.63,74.93,0.018,0.012,0
2026-04-26 08:32:40,29.54,74.73,-0.018,-0.04,0
2026-04-26 08:32:45,29.41,74.82,-0.026,0.018,0
2026-04-26 08:32:50,29.58,75.25,0.034,0.086,0
2026-04-26 08:32:55,29.53,74.57,-0.01,-0.136,0
2026-04-26 08:33:00,29.65,74.82,0.024,0.05,0
2026-04-26 08:33:05,29.51,74.76,-0.028,-0.012,0
2026-04-26 08:33:10,29.61,75.4,0.02,0.128,0
2026-04-26 08:33:15,29.47,74.8,-0.028,-0.12,0
2026-04-26 08:33:20,29.61,75.09,0.028,0.058,0
2026-04-26 08:33:25,29.48,75.34,-0.026,0.05,0
2026-04-26 08:33:30,29.64,75.26,0.032,-0.016,0
2026-04-26 08:33:35,29.47,74.62,-0.034,-0.128,0
2026-04-26 08:33:40,29.57,74.6,0.02,-0.004,0
2026-04-26 08:33:45,29.44,75.12,-0.026,0.104,0
2026-04-26 08:33:50,29.62,74.88,0.036,-0.048,0
2026-04-26 08:33:55,29.61,74.77,-0.002,-0.022,0
2026-04-26 08:34:00,29.44,74.58,-0.034,-0.038,0
2026-04-26 08:34:05,29.54,74.97,0.02,0.078,0
2026-04-26 08:34:10,29.67,75.31,0.026,0.068,0
2026-04-26 08:34:15,29.5,74.73,-0.034,-0.116,0
2026-04-26 08:34:20,29.51,74.72,0.002,-0.002,0
2026-04-26 08:34:25,29.6,74.87,0.018,0.03,0
2026-04-26 08:34:30,29.69,74.99,0.018,0.024,0
2026-04-26 08:34:35,29.53,75.32,-0.032,0.066,0
2026-04-26 08:34:40,29.58,74.36,0.01,-0.192,0
2026-04-26 08:34:45,29.42,74.82,-0.032,0.092,0
2026-04-26 08:34:50,29.67,75.18,0.05,0.072,0
2026-04-26 08:34:55,29.56,75.22,-0.022,0.008,0
2026-04-26 08:35:00,29.5,74.86,-0.012,-0.072,0
2026-04-26 08:35:05,29.82,74.01,0.064,-0.17,1
2026-04-26 08:35:10,30.04,73.73,0.044,-0.056,1
2026-04-26 08:35:15,30.24,73.91,0.04,0.036,1
2026-04-26 08:35:20,30.31,73.41,0.014,-0.1,1
2026-04-26 08:35:25,30.59,72.9,0.056,-0.102,1
2026-04-26 08:35:30,30.86,72.55,0.054,-0.07,1
2026-04-26 08:35:35,30.75,72.16,-0.022,-0.078,1
2026-04-26 08:35:40,30.98,72.22,0.046,0.012,1
2026-04-26 08:35:45,31.04,72.6,0.012,0.076,1
2026-04-26 08:35:50,31.13,72.37,0.018,-0.046,1
2026-04-26 08:35:55,31.04,72.44,-0.018,0.014,1
2026-04-26 08:36:00,31.1,71.98,0.012,-0.092,1
2026-04-26 08:36:05,31.19,72.53,0.018,0.11,1
2026-04-26 08:36:10,31.19,72.47,0.0,-0.012,1
2026-04-26 08:36:15,31.09,72.7,-0.02,0.046,1
2026-04-26 08:36:20,31.2,72.7,0.022,0.0,1
2026-04-26 08:36:25,31.22,72.79,0.004,0.018,1
2026-04-26 08:36:30,31.14,72.79,-0.016,0.0,1
2026-04-26 08:36:35,31.3,72.5,0.032,-0.058,1
2026-04-26 08:36:40,28.87,74.25,-0.486,0.35,0
2026-04-26 08:36:45,28.94,74.05,0.014,-0.04,0
2026-04-26 08:36:50,28.73,74.4,-0.042,0.07,0
2026-04-26 08:36:55,28.64,74.09,-0.018,-0.062,0
2026-04-26 08:37:00,28.74,74.02,0.02,-0.014,0
2026-04-26 08:37:05,28.79,73.82,0.01,-0.04,0
2026-04-26 08:37:10,28.74,73.87,-0.01,0.01,0
2026-04-26 08:37:15,28.8,73.71,0.012,-0.032,0
2026-04-26 08:37:20,28.75,73.83,-0.01,0.024,0
2026-04-26 08:37:25,28.77,74.03,0.004,0.04,0
2026-04-26 08:37:30,28.89,74.19,0.024,0.032,0
2026-04-26 08:37:35,28.75,73.93,-0.028,-0.052,0
2026-04-26 08:37:40,28.93,73.76,0.036,-0.034,0
2026-04-26 08:37:45,28.77,73.92,-0.032,0.032,0
2026-04-26 08:37:50,28.82,74.3,0.01,0.076,0
2026-04-26 08:37:55,28.64,73.63,-0.036,-0.134,0
2026-04-26 08:38:00,28.75,73.68,0.022,0.01,0
2026-04-26 08:38:05,28.89,73.75,0.028,0.014,0
2026-04-26 08:38:10,28.74,73.61,-0.03,-0.028,0
2026-04-26 08:38:15,28.95,73.63,0.042,0.004,0
2026-04-26 08:38:20,28.84,73.71,-0.022,0.016,0
2026-04-26 08:38:25,28.62,73.69,-0.044,-0.004,0
2026-04-26 08:38:30,28.82,73.67,0.04,-0.004,0
2026-04-26 08:38:35,28.78,74.01,-0.008,0.068,0
2026-04-26 08:38:40,28.79,74.25,0.002,0.048,0
2026-04-26 08:38:45,28.71,73.49,-0.016,-0.152,0
2026-04-26 08:38:50,28.87,73.1,0.032,-0.078,0
2026-04-26 08:38:55,28.78,73.98,-0.018,0.176,0
2026-04-26 08:39:00,31.91,70.42,0.626,-0.712,2
2026-04-26 08:39:05,34.36,67.81,0.49,-0.522,2
2026-04-26 08:39:10,36.04,66.34,0.336,-0.294,2
2026-04-26 08:39:15,36.95,65.01,0.182,-0.266,2
2026-04-26 08:39:20,37.53,64.33,0.116,-0.136,2
2026-04-26 08:39:25,37.71,63.61,0.036,-0.144,2
2026-04-26 08:39:30,37.95,63.42,0.048,-0.038,2
2026-04-26 08:39:35,38.09,62.86,0.028,-0.112,2
2026-04-26 08:39:40,38.11,62.96,0.004,0.02,2
2026-04-26 08:39:45,38.11,62.8,0.0,-0.032,2
2026-04-26 08:39:50,38.18,62.68,0.014,-0.024,2
2026-04-26 08:39:55,38.06,62.4,-0.024,-0.056,2
2026-04-26 08:40:00,37.92,63.37,-0.028,0.194,2
2026-04-26 08:40:05,38.04,62.83,0.024,-0.108,2
2026-04-26 08:40:10,38.07,62.18,0.006,-0.13,1
2026-04-26 08:40:15,38.24,61.87,0.034,-0.062,1
2026-04-26 08:40:20,38.44,61.9,0.04,0.006,1
2026-04-26 08:40:25,38.74,61.14,0.06,-0.152,1
2026-04-26 08:40:30,38.58,61.5,-0.032,0.072,1
2026-04-26 08:40:35,38.59,61.73,0.002,0.046,1
2026-04-26 08:40:40,38.67,61.01,0.016,-0.144,1
2026-04-26 08:40:45,38.75,60.77,0.016,-0.048,1
2026-04-26 08:40:50,38.69,60.85,-0.012,0.016,1
2026-04-26 08:40:55,38.71,60.5,0.004,-0.07,1
2026-04-26 08:41:00,38.65,60.87,-0.012,0.074,1
2026-04-26 08:41:05,38.8,60.55,0.03,-0.064,1
2026-04-26 08:41:10,38.63,60.51,-0.034,-0.008,1
2026-04-26 08:41:15,38.63,60.84,0.0,0.066,1
2026-04-26 08:41:20,38.72,60.35,0.018,-0.098,1
2026-04-26 08:41:25,38.71,60.52,-0.002,0.034,1
2026-04-26 08:41:30,29.3,70.69,-1.882,2.034,0
2026-04-26 08:41:35,29.43,70.62,0.026,-0.014,0
2026-04-26 08:41:40,29.41,70.97,-0.004,0.07,0
2026-04-26 08:41:45,29.43,70.68,0.004,-0.058,0
2026-04-26 08:41:50,29.51,70.38,0.016,-0.06,0
2026-04-26 08:41:55,29.52,71.08,0.002,0.14,0
2026-04-26 08:42:00,29.46,71.12,-0.012,0.008,0
2026-04-26 08:42:05,29.6,70.61,0.028,-0.102,0
2026-04-26 08:42:10,29.34,70.2,-0.052,-0.082,0
2026-04-26 08:42:15,29.47,70.88,0.026,0.136,0
2026-04-26 08:42:20,29.51,70.42,0.008,-0.092,0
2026-04-26 08:42:25,29.45,70.4,-0.012,-0.004,0
2026-04-26 08:42:30,29.5,70.42,0.01,0.004,0
2026-04-26 08:42:35,29.52,70.4,0.004,-0.004,0
2026-04-26 08:42:40,29.51,70.42,-0.002,0.004,0
2026-04-26 08:42:45,29.46,70.76,-0.01,0.068,0
2026-04-26 08:42:50,29.47,70.52,0.002,-0.048,0
2026-04-26 08:42:55,29.51,70.61,0.008,0.018,0
2026-04-26 08:43:00,29.59,70.02,0.016,-0.118,0
2026-04-26 08:43:05,29.46,69.88,-0.026,-0.028,0
2026-04-26 08:43:10,29.44,70.19,-0.004,0.062,0
2026-04-26 08:43:15,29.69,70.43,0.05,0.048,0
2026-04-26 08:43:20,29.48,70.31,-0.042,-0.024,0
2026-04-26 08:43:25,29.6,69.85,0.024,-0.092,0
2026-04-26 08:43:30,29.58,70.55,-0.004,0.14,0
2026-04-26 08:43:35,29.45,70.46,-0.026,-0.018,0
2026-04-26 08:43:40,29.46,70.43,0.002,-0.006,0
2026-04-26 08:43:45,29.56,70.48,0.02,0.01,0
2026-04-26 08:43:50,29.46,70.03,-0.02,-0.09,0
2026-04-26 08:43:55,29.65,70.52,0.038,0.098,0
2026-04-26 08:44:00,29.5,70.48,-0.03,-0.008,1
2026-04-26 08:44:05,29.58,70.79,0.016,0.062,1
2026-04-26 08:44:10,29.48,70.69,-0.02,-0.02,1
2026-04-26 08:44:15,29.47,70.2,-0.002,-0.098,1
2026-04-26 08:44:20,29.56,70.12,0.018,-0.016,1
2026-04-26 08:44:25,29.56,70.02,0.0,-0.02,1
2026-04-26 08:44:30,29.64,69.91,0.016,-0.022,1
2026-04-26 08:44:35,29.43,70.07,-0.042,0.032,0
2026-04-26 08:44:40,29.59,70.17,0.032,0.02,0
2026-04-26 08:44:45,29.63,70.32,0.008,0.03,0
2026-04-26 08:44:50,29.43,70.34,-0.04,0.004,0
2026-04-26 08:44:55,29.68,70.36,0.05,0.004,0
2026-04-26 08:45:00,29.55,70.29,-0.026,-0.014,0
2026-04-26 08:45:05,29.6,70.78,0.01,0.098,0
2026-04-26 08:45:10,29.75,70.73,0.03,-0.01,0
2026-04-26 08:45:15,29.72,70.31,-0.006,-0.084,0
2026-04-26 08:45:20,29.59,70.57,-0.026,0.052,0
2026-04-26 08:45:25,29.78,70.49,0.038,-0.016,0
2026-04-26 08:45:30,29.68,70.46,-0.02,-0.006,0
2026-04-26 08:45:35,29.69,70.21,0.002,-0.05,0
2026-04-26 08:45:40,29.78,70.56,0.018,0.07,0
2026-04-26 08:45:45,29.63,70.26,-0.03,-0.06,0
2026-04-26 08:45:50,29.65,70.07,0.004,-0.038,0
2026-04-26 08:45:55,29.5,72.18,-0.03,0.422,0
2026-04-26 08:46:00,29.57,71.74,0.014,-0.088,0
2026-04-26 08:46:05,29.46,71.99,-0.022,0.05,0
2026-04-26 08:46:10,29.43,72.09,-0.006,0.02,0
2026-04-26 08:46:15,29.42,72.16,-0.002,0.014,0
2026-04-26 08:46:20,29.47,72.3,0.01,0.028,0
2026-04-26 08:46:25,29.46,72.12,-0.002,-0.036,0
2026-04-26 08:46:30,29.65,72.31,0.038,0.038,0
2026-04-26 08:46:35,29.57,72.39,-0.016,0.016,0
2026-04-26 08:46:40,29.47,72.04,-0.02,-0.07,0
2026-04-26 08:46:45,29.48,71.65,0.002,-0.078,0
2026-04-26 08:46:50,29.54,72.32,0.012,0.134,0
2026-04-26 08:46:55,29.48,72.19,-0.012,-0.026,0
2026-04-26 08:47:00,29.46,72.11,-0.004,-0.016,0
2026-04-26 08:47:05,29.59,71.85,0.026,-0.052,0
2026-04-26 08:47:10,29.51,71.95,-0.016,0.02,0
2026-04-26 08:47:15,29.46,71.91,-0.01,-0.008,0
2026-04-26 08:47:20,29.55,72.28,0.018,0.074,0
2026-04-26 08:47:25,29.51,71.86,-0.008,-0.084,0
2026-04-26 08:47:30,29.53,72.06,0.004,0.04,0
2026-04-26 08:47:35,29.55,72.25,0.004,0.038,0
2026-04-26 08:47:40,29.66,72.37,0.022,0.024,0
2026-04-26 08:47:45,29.63,71.88,-0.006,-0.098,0
2026-04-26 08:47:50,29.63,72.05,0.0,0.034,0
2026-04-26 08:47:55,29.52,71.77,-0.022,-0.056,0
2026-04-26 08:48:00,29.52,71.72,0.0,-0.01,0
2026-04-26 08:48:05,29.52,72.29,0.0,0.114,0
2026-04-26 08:48:10,29.42,71.87,-0.02,-0.084,0
2026-04-26 08:48:15,29.52,72.25,0.02,0.076,0
2026-04-26 08:48:20,29.68,71.98,0.032,-0.054,0
2026-04-26 08:48:25,29.51,72.41,-0.034,0.086,0
2026-04-26 08:48:30,29.55,71.76,0.008,-0.13,0
2026-04-26 08:48:35,29.58,71.72,0.006,-0.008,0
2026-04-26 08:48:40,29.54,71.7,-0.008,-0.004,0
2026-04-26 08:48:45,29.55,71.72,0.002,0.004,0
2026-04-26 08:48:50,29.59,71.79,0.008,0.014,0
2026-04-26 08:48:55,29.59,71.55,0.0,-0.048,0
2026-04-26 08:49:00,29.6,71.67,0.002,0.024,0
2026-04-26 08:49:05,29.49,72.04,-0.022,0.074,0
2026-04-26 08:49:10,29.47,71.86,-0.004,-0.036,0
2026-04-26 08:49:15,29.63,72.25,0.032,0.078,1
2026-04-26 08:49:20,29.69,73.06,0.012,0.162,1
2026-04-26 08:49:25,29.69,73.26,0.0,0.04,1
2026-04-26 08:49:30,29.73,73.86,0.008,0.12,1
2026-04-26 08:49:35,29.77,74.21,0.008,0.07,1
2026-04-26 08:49:40,29.7,74.85,-0.014,0.128,1
2026-04-26 08:49:45,29.58,75.29,-0.024,0.088,1
2026-04-26 08:49:50,29.78,75.15,0.04,-0.028,1
2026-04-26 08:49:55,29.86,76.09,0.016,0.188,1
2026-04-26 08:50:00,29.93,75.11,0.014,-0.196,1
2026-04-26 08:50:05,30.13,75.76,0.04,0.13,1
2026-04-26 08:50:10,29.91,75.85,-0.044,0.018,1
2026-04-26 08:50:15,29.93,76.26,0.004,0.082,1
2026-04-26 08:50:20,30.07,76.6,0.028,0.068,1
2026-04-26 08:50:25,30.0,76.51,-0.014,-0.018,1
2026-04-26 08:50:30,29.99,76.31,-0.002,-0.04,1
2026-04-26 08:50:35,30.07,76.42,0.016,0.022,1
2026-04-26 08:50:40,29.97,76.68,-0.02,0.052,1
2026-04-26 08:50:45,30.06,76.27,0.018,-0.082,1
2026-04-26 08:50:50,30.15,76.75,0.018,0.096,1
2026-04-26 08:50:55,30.14,77.08,-0.002,0.066,1
2026-04-26 08:51:00,30.01,76.7,-0.026,-0.076,1
2026-04-26 08:51:05,30.1,76.55,0.018,-0.03,1
2026-04-26 08:51:10,30.13,76.7,0.006,0.03,1
2026-04-26 08:51:15,30.15,77.02,0.004,0.064,1
2026-04-26 08:51:20,29.96,77.28,-0.038,0.052,1
2026-04-26 08:51:25,30.09,76.87,0.026,-0.082,1
2026-04-26 08:51:30,29.13,71.14,-0.192,-1.146,0
2026-04-26 08:51:35,29.13,70.68,0.0,-0.092,0
2026-04-26 08:51:40,29.25,71.27,0.024,0.118,0
2026-04-26 08:51:45,29.21,71.65,-0.008,0.076,0
2026-04-26 08:51:50,29.42,71.24,0.042,-0.082,0
2026-04-26 08:51:55,29.16,71.62,-0.052,0.076,0
2026-04-26 08:52:00,29.23,71.49,0.014,-0.026,0
2026-04-26 08:52:05,29.24,71.38,0.002,-0.022,0
2026-04-26 08:52:10,29.18,71.68,-0.012,0.06,0
2026-04-26 08:52:15,29.18,71.32,0.0,-0.072,0
2026-04-26 08:52:20,29.19,71.19,0.002,-0.026,0
2026-04-26 08:52:25,29.22,71.64,0.006,0.09,0
2026-04-26 08:52:30,29.22,71.49,0.0,-0.03,0
2026-04-26 08:52:35,29.31,71.47,0.018,-0.004,0
2026-04-26 08:52:40,29.34,71.48,0.006,0.002,0
2026-04-26 08:52:45,29.14,71.65,-0.04,0.034,0
2026-04-26 08:52:50,29.23,71.23,0.018,-0.084,0
2026-04-26 08:52:55,29.22,71.33,-0.002,0.02,0
2026-04-26 08:53:00,29.27,71.72,0.01,0.078,0
2026-04-26 08:53:05,29.21,71.7,-0.012,-0.004,0
2026-04-26 08:53:10,29.35,71.96,0.028,0.052,0
2026-04-26 08:53:15,29.41,71.28,0.012,-0.136,0
2026-04-26 08:53:20,29.27,71.17,-0.028,-0.022,0
2026-04-26 08:53:25,29.32,71.59,0.01,0.084,0
2026-04-26 08:53:30,29.26,71.79,-0.012,0.04,0
2026-04-26 08:53:35,29.34,71.43,0.016,-0.072,0
2026-04-26 08:53:40,29.38,71.22,0.008,-0.042,0
2026-04-26 08:53:45,29.34,71.33,-0.008,0.022,0
2026-04-26 08:53:50,29.18,71.16,-0.032,-0.034,0
2026-04-26 08:53:55,29.31,71.2,0.026,0.008,0
2026-04-26 08:54:00,29.24,71.34,-0.014,0.028,0
2026-04-26 08:54:05,29.3,71.45,0.012,0.022,0
2026-04-26 08:54:10,29.21,71.28,-0.018,-0.034,0
2026-04-26 08:54:15,29.29,71.15,0.016,-0.026,1
2026-04-26 08:54:20,29.32,71.69,0.006,0.108,1
2026-04-26 08:54:25,29.16,71.53,-0.032,-0.032,1
2026-04-26 08:54:30,29.36,71.63,0.04,0.02,1
2026-04-26 08:54:35,29.34,71.33,-0.004,-0.06,1
2026-04-26 08:54:40,29.46,71.74,0.024,0.082,0
2026-04-26 08:54:45,29.19,71.79,-0.054,0.01,0
2026-04-26 08:54:50,29.49,71.13,0.06,-0.132,0
2026-04-26 08:54:55,29.28,70.99,-0.042,-0.028,0
2026-04-26 08:55:00,29.28,71.6,0.0,0.122,0
2026-04-26 08:55:05,29.4,71.39,0.024,-0.042,0
2026-04-26 08:55:10,29.34,71.92,-0.012,0.106,0
2026-04-26 08:55:15,29.36,71.58,0.004,-0.068,0
2026-04-26 08:55:20,29.42,71.03,0.012,-0.11,0
2026-04-26 08:55:25,29.47,71.62,0.01,0.118,0
2026-04-26 08:55:30,29.38,71.39,-0.018,-0.046,0
2026-04-26 08:55:35,29.39,71.5,0.002,0.022,0
2026-04-26 08:55:40,29.39,71.54,0.0,0.008,0
2026-04-26 08:55:45,29.31,71.45,-0.016,-0.018,0
2026-04-26 08:55:50,29.48,71.9,0.034,0.09,0
2026-04-26 08:55:55,29.46,71.22,-0.004,-0.136,0
2026-04-26 08:56:00,29.47,71.61,0.002,0.078,0
2026-04-26 08:56:05,29.43,71.88,-0.008,0.054,0
2026-04-26 08:56:10,29.32,71.4,-0.022,-0.096,0
2026-04-26 08:56:15,28.84,71.9,-0.096,0.1,0
2026-04-26 08:56:20,28.94,71.89,0.02,-0.002,0
2026-04-26 08:56:25,28.98,71.91,0.008,0.004,0
2026-04-26 08:56:30,28.93,72.21,-0.01,0.06,0
2026-04-26 08:56:35,29.02,72.27,0.018,0.012,0
2026-04-26 08:56:40,28.87,71.83,-0.03,-0.088,0
2026-04-26 08:56:45,28.94,72.04,0.014,0.042,0
2026-04-26 08:56:50,28.9,72.28,-0.008,0.048,0
2026-04-26 08:56:55,28.84,71.93,-0.012,-0.07,0
2026-04-26 08:57:00,29.14,71.72,0.06,-0.042,0
2026-04-26 08:57:05,29.1,71.98,-0.008,0.052,0
2026-04-26 08:57:10,28.85,71.63,-0.05,-0.07,0
2026-04-26 08:57:15,28.85,71.93,0.0,0.06,0
2026-04-26 08:57:20,28.87,71.76,0.004,-0.034,0
2026-04-26 08:57:25,28.81,72.2,-0.012,0.088,0
2026-04-26 08:57:30,28.94,71.74,0.026,-0.092,0
2026-04-26 08:57:35,28.88,72.14,-0.012,0.08,0
2026-04-26 08:57:40,28.92,71.92,0.008,-0.044,0
2026-04-26 08:57:45,28.84,71.76,-0.016,-0.032,0
2026-04-26 08:57:50,28.95,72.07,0.022,0.062,0
2026-04-26 08:57:55,28.98,72.27,0.006,0.04,0
2026-04-26 08:58:00,29.0,72.16,0.004,-0.022,0
2026-04-26 08:58:05,28.93,72.18,-0.014,0.004,0
2026-04-26 08:58:10,28.91,71.9,-0.004,-0.056,0
2026-04-26 08:58:15,28.94,72.09,0.006,0.038,0
2026-04-26 08:58:20,28.9,71.69,-0.008,-0.08,0
2026-04-26 08:58:25,28.96,72.11,0.012,0.084,0
2026-04-26 08:58:30,28.87,72.01,-0.018,-0.02,0
2026-04-26 08:58:35,28.98,71.96,0.022,-0.01,0
2026-04-26 08:58:40,28.96,71.72,-0.004,-0.048,0
2026-04-26 08:58:45,28.91,72.14,-0.01,0.084,0
2026-04-26 08:58:50,29.03,71.78,0.024,-0.072,0
2026-04-26 08:58:55,28.98,72.31,-0.01,0.106,0
2026-04-26 08:59:00,28.88,72.14,-0.02,-0.034,0
2026-04-26 08:59:05,28.91,72.36,0.006,0.044,0
2026-04-26 08:59:10,28.98,72.44,0.014,0.016,0
2026-04-26 08:59:15,29.04,72.02,0.012,-0.084,0
2026-04-26 08:59:20,28.92,72.04,-0.024,0.004,0
2026-04-26 08:59:25,28.98,72.19,0.012,0.03,0
2026-04-26 08:59:30,29.12,72.28,0.028,0.018,1
2026-04-26 08:59:35,28.86,71.7,-0.052,-0.116,1
2026-04-26 08:59:40,29.07,72.11,0.042,0.082,1
2026-04-26 08:59:45,28.92,72.07,-0.03,-0.008,1
2026-04-26 08:59:50,29.05,72.05,0.026,-0.004,1
2026-04-26 08:59:55,29.06,71.74,0.002,-0.062,1
2026-04-26 09:00:00,28.99,71.87,-0.014,0.026,0
2026-04-26 09:00:05,28.84,71.96,-0.03,0.018,0
2026-04-26 09:00:10,28.99,71.43,0.03,-0.106,0
2026-04-26 09:00:15,28.99,71.62,0.0,0.038,0
2026-04-26 09:00:20,29.03,71.9,0.008,0.056,0
2026-04-26 09:00:25,28.96,72.4,-0.014,0.1,0
2026-04-26 09:00:30,29.02,72.36,0.012,-0.008,0
2026-04-26 09:00:35,29.07,72.41,0.01,0.01,0
2026-04-26 09:00:40,29.18,72.05,0.022,-0.072,0
2026-04-26 09:00:45,29.05,72.28,-0.026,0.046,0
2026-04-26 09:00:50,29.13,71.84,0.016,-0.088,0
2026-04-26 09:00:55,29.13,72.09,0.0,0.05,0
2026-04-26 09:01:00,29.03,71.98,-0.02,-0.022,0
2026-04-26 09:01:05,29.01,72.49,-0.004,0.102,0
2026-04-26 09:01:10,29.04,72.23,0.006,-0.052,0
2026-04-26 09:01:15,29.07,72.11,0.006,-0.024,0
2026-04-26 09:01:20,29.08,72.44,0.002,0.066,0
2026-04-26 09:01:25,29.18,72.27,0.02,-0.034,0
2026-04-26 09:01:30,28.74,71.23,-0.088,-0.208,0
2026-04-26 09:01:35,28.69,71.62,-0.01,0.078,0
2026-04-26 09:01:40,28.88,71.82,0.038,0.04,0
2026-04-26 09:01:45,28.55,71.67,-0.066,-0.03,0
2026-04-26 09:01:50,28.8,71.12,0.05,-0.11,0
2026-04-26 09:01:55,28.75,71.99,-0.01,0.174,0
2026-04-26 09:02:00,28.75,71.97,0.0,-0.004,0
2026-04-26 09:02:05,28.55,71.91,-0.04,-0.012,0
2026-04-26 09:02:10,28.66,71.75,0.022,-0.032,0
2026-04-26 09:02:15,28.77,71.8,0.022,0.01,0
2026-04-26 09:02:20,28.63,71.96,-0.028,0.032,0
2026-04-26 09:02:25,28.75,71.56,0.024,-0.08,0
2026-04-26 09:02:30,28.63,71.52,-0.024,-0.008,0
2026-04-26 09:02:35,28.84,71.88,0.042,0.072,0
2026-04-26 09:02:40,28.73,71.21,-0.022,-0.134,0
2026-04-26 09:02:45,28.74,71.68,0.002,0.094,0
2026-04-26 09:02:50,28.74,71.8,0.0,0.024,0
2026-04-26 09:02:55,28.6,71.89,-0.028,0.018,0
2026-04-26 09:03:00,28.76,72.25,0.032,0.072,0
2026-04-26 09:03:05,28.74,71.55,-0.004,-0.14,0
2026-04-26 09:03:10,28.68,72.07,-0.012,0.104,0
2026-04-26 09:03:15,28.72,71.94,0.008,-0.026,0
2026-04-26 09:03:20,28.59,71.87,-0.026,-0.014,0
2026-04-26 09:03:25,28.85,72.0,0.052,0.026,0
2026-04-26 09:03:30,28.7,71.5,-0.03,-0.1,0
2026-04-26 09:03:35,28.78,72.06,0.016,0.112,0
2026-04-26 09:03:40,28.92,71.79,0.028,-0.054,0
2026-04-26 09:03:45,28.8,71.71,-0.024,-0.016,0
2026-04-26 09:03:50,28.79,71.97,-0.002,0.052,0
2026-04-26 09:03:55,28.74,71.73,-0.01,-0.048,0
2026-04-26 09:04:00,28.88,71.73,0.028,0.0,0
2026-04-26 09:04:05,28.78,72.01,-0.02,0.056,0
2026-04-26 09:04:10,28.87,72.02,0.018,0.002,0
2026-04-26 09:04:15,28.77,72.1,-0.02,0.016,0
2026-04-26 09:04:20,28.78,71.88,0.002,-0.044,0
2026-04-26 09:04:25,28.71,71.93,-0.014,0.01,0
2026-04-26 09:04:30,28.88,71.94,0.034,0.002,0
2026-04-26 09:04:35,28.82,71.91,-0.012,-0.006,0
2026-04-26 09:04:40,28.79,71.75,-0.006,-0.032,0
2026-04-26 09:04:45,28.7,72.31,-0.018,0.112,1
2026-04-26 09:04:50,28.66,72.65,-0.008,0.068,1
2026-04-26 09:04:55,28.85,73.18,0.038,0.106,1
2026-04-26 09:05:00,28.81,73.66,-0.008,0.096,1
2026-04-26 09:05:05,28.79,73.83,-0.004,0.034,1
2026-04-26 09:05:10,28.8,73.57,0.002,-0.052,1
2026-04-26 09:05:15,28.87,74.11,0.014,0.108,1
2026-04-26 09:05:20,28.91,73.88,0.008,-0.046,1
2026-04-26 09:05:25,28.75,74.34,-0.032,0.092,1
2026-04-26 09:05:30,28.97,74.41,0.044,0.014,1
2026-04-26 09:05:35,29.08,74.76,0.022,0.07,1
2026-04-26 09:05:40,29.04,75.14,-0.008,0.076,1
2026-04-26 09:05:45,29.04,75.32,0.0,0.036,1
2026-04-26 09:05:50,28.9,75.74,-0.028,0.084,1
2026-04-26 09:05:55,28.99,75.21,0.018,-0.106,1
2026-04-26 09:06:00,29.0,74.92,0.002,-0.058,1
2026-04-26 09:06:05,29.15,75.5,0.03,0.116,1
2026-04-26 09:06:10,29.1,75.44,-0.01,-0.012,1
2026-04-26 09:06:15,28.97,75.79,-0.026,0.07,1
2026-04-26 09:06:20,29.07,75.3,0.02,-0.098,1
2026-04-26 09:06:25,29.0,75.11,-0.014,-0.038,1
2026-04-26 09:06:30,28.9,75.27,-0.02,0.032,1
2026-04-26 09:06:35,28.82,73.23,-0.016,-0.408,0
2026-04-26 09:06:40,28.72,73.43,-0.02,0.04,0
2026-04-26 09:06:45,28.86,73.12,0.028,-0.062,0
2026-04-26 09:06:50,28.8,73.47,-0.012,0.07,0
2026-04-26 09:06:55,28.87,73.25,0.014,-0.044,0
2026-04-26 09:07:00,28.85,73.94,-0.004,0.138,0
2026-04-26 09:07:05,29.02,73.85,0.034,-0.018,0
2026-04-26 09:07:10,28.74,73.43,-0.056,-0.084,0
2026-04-26 09:07:15,28.9,73.35,0.032,-0.016,0
2026-04-26 09:07:20,28.86,74.25,-0.008,0.18,0
2026-04-26 09:07:25,28.75,73.43,-0.022,-0.164,0
2026-04-26 09:07:30,28.85,73.58,0.02,0.03,0
2026-04-26 09:07:35,29.01,74.06,0.032,0.096,0
2026-04-26 09:07:40,28.87,73.34,-0.028,-0.144,0
2026-04-26 09:07:45,28.97,74.09,0.02,0.15,0
2026-04-26 09:07:50,28.98,73.43,0.002,-0.132,0
2026-04-26 09:07:55,28.95,73.85,-0.006,0.084,0
2026-04-26 09:08:00,28.96,73.14,0.002,-0.142,0
2026-04-26 09:08:05,28.81,73.45,-0.03,0.062,0
2026-04-26 09:08:10,28.88,73.85,0.014,0.08,0
2026-04-26 09:08:15,29.01,74.07,0.026,0.044,0
2026-04-26 09:08:20,28.76,73.53,-0.05,-0.108,0
2026-04-26 09:08:25,28.84,73.72,0.016,0.038,0
2026-04-26 09:08:30,28.74,73.94,-0.02,0.044,0
2026-04-26 09:08:35,28.92,73.63,0.036,-0.062,0
2026-04-26 09:08:40,28.9,73.87,-0.004,0.048,0
2026-04-26 09:08:45,28.87,73.68,-0.006,-0.038,0
2026-04-26 09:08:50,29.09,74.09,0.044,0.082,0
2026-04-26 09:08:55,28.98,73.64,-0.022,-0.09,0
2026-04-26 09:09:00,29.02,73.73,0.008,0.018,0
2026-04-26 09:09:05,29.08,73.69,0.012,-0.008,0
2026-04-26 09:09:10,29.02,73.82,-0.012,0.026,0
2026-04-26 09:09:15,28.84,73.8,-0.036,-0.004,0
2026-04-26 09:09:20,29.07,73.78,0.046,-0.004,0
2026-04-26 09:09:25,29.07,74.13,0.0,0.07,0
2026-04-26 09:09:30,28.98,73.51,-0.018,-0.124,0
2026-04-26 09:09:35,28.88,73.73,-0.02,0.044,0
2026-04-26 09:09:40,34.07,69.2,1.038,-0.906,2
2026-04-26 09:09:45,37.84,66.36,0.754,-0.568,2
2026-04-26 09:09:50,40.2,63.98,0.472,-0.476,2
2026-04-26 09:09:55,41.84,62.51,0.328,-0.294,2
2026-04-26 09:10:00,42.7,61.77,0.172,-0.148,2
2026-04-26 09:10:05,43.11,61.29,0.082,-0.096,2
2026-04-26 09:10:10,43.28,60.89,0.034,-0.08,2
2026-04-26 09:10:15,43.28,60.21,0.0,-0.136,2
2026-04-26 09:10:20,43.2,60.0,-0.016,-0.042,2
2026-04-26 09:10:25,43.36,60.15,0.032,0.03,2
2026-04-26 09:10:30,43.4,60.35,0.008,0.04,2
2026-04-26 09:10:35,43.51,59.44,0.022,-0.182,2
2026-04-26 09:10:40,43.5,59.76,-0.002,0.064,2
2026-04-26 09:10:45,43.46,59.9,-0.008,0.028,2
2026-04-26 09:10:50,43.53,60.05,0.014,0.03,2
2026-04-26 09:10:55,43.54,59.97,0.002,-0.016,1
2026-04-26 09:11:00,43.86,59.44,0.064,-0.106,1
2026-04-26 09:11:05,43.75,59.45,-0.022,0.002,1
2026-04-26 09:11:10,43.87,59.3,0.024,-0.03,1
2026-04-26 09:11:15,43.88,59.27,0.002,-0.006,1
2026-04-26 09:11:20,44.1,59.15,0.044,-0.024,1
2026-04-26 09:11:25,43.97,59.23,-0.026,0.016,1
2026-04-26 09:11:30,44.03,58.68,0.012,-0.11,1
2026-04-26 09:11:35,44.15,58.95,0.024,0.054,1
2026-04-26 09:11:40,44.06,58.37,-0.018,-0.116,1
2026-04-26 09:11:45,44.02,58.77,-0.008,0.08,1
2026-04-26 09:11:50,44.21,58.57,0.038,-0.04,1
2026-04-26 09:11:55,44.09,58.26,-0.024,-0.062,1
2026-04-26 09:12:00,44.27,58.84,0.036,0.116,1
2026-04-26 09:12:05,44.28,58.33,0.002,-0.102,1
2026-04-26 09:12:10,44.18,58.77,-0.02,0.088,1
2026-04-26 09:12:15,44.11,58.6,-0.014,-0.034,1
2026-04-26 09:12:20,44.05,58.93,-0.012,0.066,1
2026-04-26 09:12:25,44.11,58.48,0.012,-0.09,1
2026-04-26 09:12:30,28.98,73.78,-3.026,3.06,0
2026-04-26 09:12:35,28.78,74.05,-0.04,0.054,0
2026-04-26 09:12:40,28.99,73.56,0.042,-0.098,0
2026-04-26 09:12:45,28.91,74.08,-0.016,0.104,0
2026-04-26 09:12:50,28.94,74.05,0.006,-0.006,0
2026-04-26 09:12:55,28.91,73.38,-0.006,-0.134,0
2026-04-26 09:13:00,28.99,74.0,0.016,0.124,0
2026-04-26 09:13:05,29.07,73.95,0.016,-0.01,0
2026-04-26 09:13:10,28.93,73.57,-0.028,-0.076,0
2026-04-26 09:13:15,28.93,73.7,0.0,0.026,0
2026-04-26 09:13:20,28.98,73.99,0.01,0.058,0
2026-04-26 09:13:25,28.81,73.37,-0.034,-0.124,0
2026-04-26 09:13:30,28.78,73.59,-0.006,0.044,0
2026-04-26 09:13:35,28.97,73.53,0.038,-0.012,0
2026-04-26 09:13:40,29.1,73.98,0.026,0.09,0
2026-04-26 09:13:45,28.97,73.42,-0.026,-0.112,0
2026-04-26 09:13:50,29.08,73.77,0.022,0.07,0
2026-04-26 09:13:55,29.04,73.56,-0.008,-0.042,0
2026-04-26 09:14:00,28.91,73.01,-0.026,-0.11,0
2026-04-26 09:14:05,29.07,73.56,0.032,0.11,0
2026-04-26 09:14:10,28.98,73.59,-0.018,0.006,0
2026-04-26 09:14:15,28.98,73.43,0.0,-0.032,0
2026-04-26 09:14:20,29.15,73.59,0.034,0.032,0
2026-04-26 09:14:25,28.91,73.48,-0.048,-0.022,0
2026-04-26 09:14:30,29.05,74.06,0.028,0.116,0
2026-04-26 09:14:35,29.0,73.5,-0.01,-0.112,0
2026-04-26 09:14:40,29.01,73.76,0.002,0.052,0
2026-04-26 09:14:45,29.14,73.43,0.026,-0.066,0
2026-04-26 09:14:50,29.03,73.48,-0.022,0.01,0
2026-04-26 09:14:55,28.93,73.54,-0.02,0.012,0
2026-04-26 09:15:00,29.02,73.81,0.018,0.054,0
2026-04-26 09:15:05,29.06,73.99,0.008,0.036,0
2026-04-26 09:15:10,29.02,73.9,-0.008,-0.018,0
2026-04-26 09:15:15,28.94,73.27,-0.016,-0.126,0
2026-04-26 09:15:20,29.02,73.57,0.016,0.06,0
2026-04-26 09:15:25,29.01,73.47,-0.002,-0.02,0
2026-04-26 09:15:30,29.07,73.23,0.012,-0.048,0
2026-04-26 09:15:35,29.03,73.56,-0.008,0.066,0
2026-04-26 09:15:40,29.06,73.47,0.006,-0.018,0
2026-04-26 09:15:45,28.99,73.71,-0.014,0.048,1
2026-04-26 09:15:50,29.1,73.7,0.022,-0.002,1
2026-04-26 09:15:55,28.99,72.91,-0.022,-0.158,1
2026-04-26 09:16:00,29.07,73.19,0.016,0.056,1
2026-04-26 09:16:05,28.97,73.79,-0.02,0.12,1
2026-04-26 09:16:10,29.09,73.24,0.024,-0.11,1
2026-04-26 09:16:15,29.11,73.69,0.004,0.09,0
2026-04-26 09:16:20,29.15,73.69,0.008,0.0,0
2026-04-26 09:16:25,29.12,73.96,-0.006,0.054,0
2026-04-26 09:16:30,28.97,73.7,-0.03,-0.052,0
2026-04-26 09:16:35,29.22,73.55,0.05,-0.03,0
2026-04-26 09:16:40,29.09,73.74,-0.026,0.038,0
2026-04-26 09:16:45,29.1,73.48,0.002,-0.052,0
2026-04-26 09:16:50,29.2,73.33,0.02,-0.03,0
2026-04-26 09:16:55,29.03,74.01,-0.034,0.136,0
2026-04-26 09:17:00,29.23,73.7,0.04,-0.062,0
2026-04-26 09:17:05,29.25,73.81,0.004,0.022,0
2026-04-26 09:17:10,29.18,74.2,-0.014,0.078,0
2026-04-26 09:17:15,29.14,73.53,-0.008,-0.134,0
2026-04-26 09:17:20,29.11,73.87,-0.006,0.068,0
2026-04-26 09:17:25,29.07,73.78,-0.008,-0.018,0
2026-04-26 09:17:30,29.27,73.94,0.04,0.032,0
2026-04-26 09:17:35,28.77,74.46,-0.1,0.104,0
2026-04-26 09:17:40,28.71,73.56,-0.012,-0.18,0
2026-04-26 09:17:45,28.67,73.63,-0.008,0.014,0
2026-04-26 09:17:50,28.75,73.62,0.016,-0.002,0
2026-04-26 09:17:55,28.83,73.62,0.016,0.0,0
2026-04-26 09:18:00,28.68,73.83,-0.03,0.042,0
2026-04-26 09:18:05,28.88,73.47,0.04,-0.072,0
2026-04-26 09:18:10,28.71,73.53,-0.034,0.012,0
2026-04-26 09:18:15,28.75,73.74,0.008,0.042,0
2026-04-26 09:18:20,28.6,73.65,-0.03,-0.018,0
2026-04-26 09:18:25,28.88,73.34,0.056,-0.062,0
2026-04-26 09:18:30,28.85,73.68,-0.006,0.068,0
2026-04-26 09:18:35,28.75,74.14,-0.02,0.092,0
2026-04-26 09:18:40,28.77,73.66,0.004,-0.096,0
2026-04-26 09:18:45,28.82,73.82,0.01,0.032,0
2026-04-26 09:18:50,28.66,73.34,-0.032,-0.096,0
2026-04-26 09:18:55,28.93,73.9,0.054,0.112,0
2026-04-26 09:19:00,28.98,73.4,0.01,-0.1,0
2026-04-26 09:19:05,28.67,73.13,-0.062,-0.054,0
2026-04-26 09:19:10,28.84,73.42,0.034,0.058,0
2026-04-26 09:19:15,28.9,72.97,0.012,-0.09,0
2026-04-26 09:19:20,28.76,73.24,-0.028,0.054,0
2026-04-26 09:19:25,28.87,73.14,0.022,-0.02,0
2026-04-26 09:19:30,29.01,73.12,0.028,-0.004,0
2026-04-26 09:19:35,28.67,73.87,-0.068,0.15,1
2026-04-26 09:19:40,28.95,73.95,0.056,0.016,1
2026-04-26 09:19:45,28.93,74.32,-0.004,0.074,1
2026-04-26 09:19:50,28.88,75.16,-0.01,0.168,1
2026-04-26 09:19:55,28.92,75.29,0.008,0.026,1
2026-04-26 09:20:00,28.93,75.04,0.002,-0.05,1
2026-04-26 09:20:05,28.94,75.29,0.002,0.05,1
2026-04-26 09:20:10,28.96,75.61,0.004,0.064,1
2026-04-26 09:20:15,28.92,75.65,-0.008,0.008,1
2026-04-26 09:20:20,28.87,75.95,-0.01,0.06,1
2026-04-26 09:20:25,28.85,76.29,-0.004,0.068,1
2026-04-26 09:20:30,28.8,76.34,-0.01,0.01,1
2026-04-26 09:20:35,29.06,76.47,0.052,0.026,1
2026-04-26 09:20:40,28.98,76.63,-0.016,0.032,1
2026-04-26 09:20:45,29.05,76.71,0.014,0.016,1
2026-04-26 09:20:50,29.01,76.76,-0.008,0.01,1
2026-04-26 09:20:55,28.98,76.45,-0.006,-0.062,1
2026-04-26 09:21:00,29.04,76.77,0.012,0.064,1
2026-04-26 09:21:05,29.09,76.58,0.01,-0.038,1
2026-04-26 09:21:10,29.14,76.98,0.01,0.08,1
2026-04-26 09:21:15,29.19,76.75,0.01,-0.046,1
2026-04-26 09:21:20,29.2,76.93,0.002,0.036,1
2026-04-26 09:21:25,29.15,76.74,-0.01,-0.038,1
2026-04-26 09:21:30,29.25,77.3,0.02,0.112,1
2026-04-26 09:21:35,29.04,77.02,-0.042,-0.056,1
2026-04-26 09:21:40,28.79,70.25,-0.05,-1.354,0
2026-04-26 09:21:45,28.72,70.74,-0.014,0.098,0
2026-04-26 09:21:50,28.74,70.42,0.004,-0.064,0
2026-04-26 09:21:55,28.84,70.33,0.02,-0.018,0
2026-04-26 09:22:00,28.72,70.44,-0.024,0.022,0
2026-04-26 09:22:05,28.81,70.48,0.018,0.008,0
2026-04-26 09:22:10,28.63,70.54,-0.036,0.012,0
2026-04-26 09:22:15,28.79,70.37,0.032,-0.034,0
2026-04-26 09:22:20,28.8,70.25,0.002,-0.024,0
2026-04-26 09:22:25,28.76,70.59,-0.008,0.068,0
2026-04-26 09:22:30,28.88,70.31,0.024,-0.056,0
2026-04-26 09:22:35,28.78,70.69,-0.02,0.076,0
2026-04-26 09:22:40,28.75,69.88,-0.006,-0.162,0
2026-04-26 09:22:45,28.8,69.91,0.01,0.006,0
2026-04-26 09:22:50,28.81,70.19,0.002,0.056,0
2026-04-26 09:22:55,28.76,70.25,-0.01,0.012,0
2026-04-26 09:23:00,28.87,70.35,0.022,0.02,0
2026-04-26 09:23:05,28.67,70.28,-0.04,-0.014,0
2026-04-26 09:23:10,28.83,70.14,0.032,-0.028,0
2026-04-26 09:23:15,28.7,70.15,-0.026,0.002,0
2026-04-26 09:23:20,28.8,69.81,0.02,-0.068,0
2026-04-26 09:23:25,28.69,70.3,-0.022,0.098,0
2026-04-26 09:23:30,28.79,69.93,0.02,-0.074,0
2026-04-26 09:23:35,28.83,69.75,0.008,-0.036,0
2026-04-26 09:23:40,28.77,70.04,-0.012,0.058,0
2026-04-26 09:23:45,28.84,70.57,0.014,0.106,0
2026-04-26 09:23:50,28.82,70.08,-0.004,-0.098,0
2026-04-26 09:23:55,28.81,69.94,-0.002,-0.028,0
2026-04-26 09:24:00,28.77,69.77,-0.008,-0.034,0
2026-04-26 09:24:05,28.84,70.01,0.014,0.048,0
2026-04-26 09:24:10,28.84,70.66,0.0,0.13,0
2026-04-26 09:24:15,28.89,69.82,0.01,-0.168,0
2026-04-26 09:24:20,28.87,70.08,-0.004,0.052,0
2026-04-26 09:24:25,28.76,69.96,-0.022,-0.024,0
2026-04-26 09:24:30,28.81,70.01,0.01,0.01,0
2026-04-26 09:24:35,28.79,70.17,-0.004,0.032,0
2026-04-26 09:24:40,28.79,70.08,0.0,-0.018,0
2026-04-26 09:24:45,28.86,70.88,0.014,0.16,1
2026-04-26 09:24:50,28.79,71.46,-0.014,0.116,1
2026-04-26 09:24:55,28.98,71.92,0.038,0.092,1
2026-04-26 09:25:00,29.0,72.48,0.004,0.112,1
2026-04-26 09:25:05,28.82,72.65,-0.036,0.034,1
2026-04-26 09:25:10,28.8,73.19,-0.004,0.108,1
2026-04-26 09:25:15,28.97,73.17,0.034,-0.004,1
2026-04-26 09:25:20,28.85,73.57,-0.024,0.08,1
2026-04-26 09:25:25,29.0,73.88,0.03,0.062,1
2026-04-26 09:25:30,28.92,74.29,-0.016,0.082,1
2026-04-26 09:25:35,29.19,74.39,0.054,0.02,1
2026-04-26 09:25:40,29.16,74.57,-0.006,0.036,1
2026-04-26 09:25:45,29.16,74.75,0.0,0.036,1
2026-04-26 09:25:50,29.15,74.74,-0.002,-0.002,1
2026-04-26 09:25:55,29.19,74.91,0.008,0.034,1
2026-04-26 09:26:00,29.1,74.81,-0.018,-0.02,1
2026-04-26 09:26:05,29.31,74.68,0.042,-0.026,1
2026-04-26 09:26:10,29.3,74.96,-0.002,0.056,1
2026-04-26 09:26:15,29.14,75.31,-0.032,0.07,1
2026-04-26 09:26:20,29.31,75.08,0.034,-0.046,1
2026-04-26 09:26:25,29.3,75.28,-0.002,0.04,1
2026-04-26 09:26:30,29.16,75.36,-0.028,0.016,1
2026-04-26 09:26:35,29.16,75.28,0.0,-0.016,1
2026-04-26 09:26:40,29.21,75.58,0.01,0.06,1
2026-04-26 09:26:45,29.44,75.16,0.046,-0.084,1
2026-04-26 09:26:50,29.27,75.19,-0.034,0.006,1
2026-04-26 09:26:55,29.3,75.8,0.006,0.122,1
2026-04-26 09:27:00,29.17,75.01,-0.026,-0.158,1
2026-04-26 09:27:05,29.27,70.46,0.02,-0.91,0
2026-04-26 09:27:10,29.05,70.56,-0.044,0.02,0
2026-04-26 09:27:15,29.14,70.92,0.018,0.072,0
2026-04-26 09:27:20,29.15,70.46,0.002,-0.092,0
2026-04-26 09:27:25,29.01,70.86,-0.028,0.08,0
2026-04-26 09:27:30,29.13,70.37,0.024,-0.098,0
2026-04-26 09:27:35,29.12,70.05,-0.002,-0.064,0
2026-04-26 09:27:40,29.11,70.44,-0.002,0.078,0
2026-04-26 09:27:45,29.03,70.47,-0.016,0.006,0
2026-04-26 09:27:50,29.2,70.28,0.034,-0.038,0
2026-04-26 09:27:55,29.09,70.63,-0.022,0.07,0
2026-04-26 09:28:00,28.96,70.3,-0.026,-0.066,0
2026-04-26 09:28:05,29.17,70.89,0.042,0.118,0
2026-04-26 09:28:10,29.22,71.27,0.01,0.076,0
2026-04-26 09:28:15,29.25,70.7,0.006,-0.114,0
2026-04-26 09:28:20,29.07,70.87,-0.036,0.034,0
2026-04-26 09:28:25,29.05,70.55,-0.004,-0.064,0
2026-04-26 09:28:30,29.16,70.58,0.022,0.006,0
2026-04-26 09:28:35,29.07,70.89,-0.018,0.062,0
2026-04-26 09:28:40,29.21,71.14,0.028,0.05,0
2026-04-26 09:28:45,29.05,71.07,-0.032,-0.014,0
2026-04-26 09:28:50,29.17,71.24,0.024,0.034,0
2026-04-26 09:28:55,29.17,70.55,0.0,-0.138,0
2026-04-26 09:29:00,29.15,70.78,-0.004,0.046,0
2026-04-26 09:29:05,29.16,70.5,0.002,-0.056,0
2026-04-26 09:29:10,29.17,71.12,0.002,0.124,0
2026-04-26 09:29:15,29.07,70.69,-0.02,-0.086,0
2026-04-26 09:29:20,29.21,70.8,0.028,0.022,0
2026-04-26 09:29:25,28.96,71.07,-0.05,0.054,0
2026-04-26 09:29:30,29.19,70.74,0.046,-0.066,0
2026-04-26 09:29:35,29.28,70.91,0.018,0.034,0
2026-04-26 09:29:40,29.05,71.25,-0.046,0.068,0
2026-04-26 09:29:45,29.22,70.57,0.034,-0.136,0
2026-04-26 09:29:50,29.02,70.32,-0.04,-0.05,0
2026-04-26 09:29:55,29.21,70.55,0.038,0.046,0
2026-04-26 09:30:00,29.22,70.47,0.002,-0.016,0
2026-04-26 09:30:05,29.1,70.78,-0.024,0.062,0
2026-04-26 09:30:10,29.33,70.57,0.046,-0.042,0
2026-04-26 09:30:15,29.06,70.81,-0.054,0.048,0
2026-04-26 09:30:20,29.26,70.96,0.04,0.03,0
2026-04-26 09:30:25,29.18,71.0,-0.016,0.008,0
2026-04-26 09:30:30,29.19,70.59,0.002,-0.082,0
2026-04-26 09:30:35,29.12,71.0,-0.014,0.082,0
2026-04-26 09:30:40,29.02,70.6,-0.02,-0.08,0
2026-04-26 09:30:45,29.02,70.92,0.0,0.064,0
2026-04-26 09:30:50,29.1,70.88,0.016,-0.008,0
2026-04-26 09:30:55,29.13,71.06,0.006,0.036,0
2026-04-26 09:31:00,29.05,70.88,-0.016,-0.036,0
2026-04-26 09:31:05,29.44,70.52,0.078,-0.072,1
2026-04-26 09:31:10,29.67,70.38,0.046,-0.028,1
2026-04-26 09:31:15,29.91,69.64,0.048,-0.148,1
2026-04-26 09:31:20,30.17,69.5,0.052,-0.028,1
2026-04-26 09:31:25,30.48,68.84,0.062,-0.132,1
2026-04-26 09:31:30,30.54,68.47,0.012,-0.074,1
2026-04-26 09:31:35,30.73,68.6,0.038,0.026,1
2026-04-26 09:31:40,30.76,68.37,0.006,-0.046,1
2026-04-26 09:31:45,30.99,68.67,0.046,0.06,1
2026-04-26 09:31:50,30.97,68.26,-0.004,-0.082,1
2026-04-26 09:31:55,30.91,68.78,-0.012,0.104,1
2026-04-26 09:32:00,31.03,68.51,0.024,-0.054,1
2026-04-26 09:32:05,31.01,68.14,-0.004,-0.074,1
2026-04-26 09:32:10,30.96,68.36,-0.01,0.044,1
2026-04-26 09:32:15,31.04,68.8,0.016,0.088,1
2026-04-26 09:32:20,31.01,69.09,-0.006,0.058,1
2026-04-26 09:32:25,31.18,69.28,0.034,0.038,1
2026-04-26 09:32:30,31.11,68.65,-0.014,-0.126,1
2026-04-26 09:32:35,31.22,68.42,0.022,-0.046,1
2026-04-26 09:32:40,31.13,68.73,-0.018,0.062,1
2026-04-26 09:32:45,31.2,68.69,0.014,-0.008,1
2026-04-26 09:32:50,31.08,69.02,-0.024,0.066,1
2026-04-26 09:32:55,29.35,70.43,-0.346,0.282,0
2026-04-26 09:33:00,29.48,71.02,0.026,0.118,0
2026-04-26 09:33:05,29.41,70.66,-0.014,-0.072,0
2026-04-26 09:33:10,29.5,70.6,0.018,-0.012,0
2026-04-26 09:33:15,29.58,70.82,0.016,0.044,0
2026-04-26 09:33:20,29.43,70.65,-0.03,-0.034,0
2026-04-26 09:33:25,29.38,70.38,-0.01,-0.054,0
2026-04-26 09:33:30,29.41,70.93,0.006,0.11,0
2026-04-26 09:33:35,29.39,70.24,-0.004,-0.138,0
2026-04-26 09:33:40,29.46,70.07,0.014,-0.034,0
2026-04-26 09:33:45,29.6,70.79,0.028,0.144,0
2026-04-26 09:33:50,29.46,70.73,-0.028,-0.012,0
2026-04-26 09:33:55,29.53,70.48,0.014,-0.05,0
2026-04-26 09:34:00,29.39,70.34,-0.028,-0.028,0
2026-04-26 09:34:05,29.65,70.42,0.052,0.016,0
2026-04-26 09:34:10,29.46,70.13,-0.038,-0.058,0
2026-04-26 09:34:15,29.46,71.07,0.0,0.188,0
2026-04-26 09:34:20,29.49,70.84,0.006,-0.046,0
2026-04-26 09:34:25,29.47,70.28,-0.004,-0.112,0
2026-04-26 09:34:30,29.51,70.82,0.008,0.108,0
2026-04-26 09:34:35,29.48,70.84,-0.006,0.004,0
2026-04-26 09:34:40,29.6,70.46,0.024,-0.076,0
2026-04-26 09:34:45,29.5,70.54,-0.02,0.016,0
2026-04-26 09:34:50,29.7,70.54,0.04,0.0,1
2026-04-26 09:34:55,29.89,70.27,0.038,-0.054,1
2026-04-26 09:35:00,29.95,69.69,0.012,-0.116,1
2026-04-26 09:35:05,30.06,69.86,0.022,0.034,1
2026-04-26 09:35:10,30.2,69.88,0.028,0.004,1
2026-04-26 09:35:15,30.43,69.77,0.046,-0.022,1
2026-04-26 09:35:20,30.45,69.13,0.004,-0.128,1
2026-04-26 09:35:25,30.67,69.51,0.044,0.076,1
2026-04-26 09:35:30,30.65,69.26,-0.004,-0.05,1
2026-04-26 09:35:35,30.76,68.56,0.022,-0.14,1
2026-04-26 09:35:40,30.87,69.14,0.022,0.116,1
2026-04-26 09:35:45,30.9,68.93,0.006,-0.042,1
2026-04-26 09:35:50,30.88,68.7,-0.004,-0.046,1
2026-04-26 09:35:55,30.9,68.36,0.004,-0.068,1
2026-04-26 09:36:00,31.06,68.82,0.032,0.092,1
2026-04-26 09:36:05,30.92,69.18,-0.028,0.072,1
2026-04-26 09:36:10,31.13,69.12,0.042,-0.012,1
2026-04-26 09:36:15,31.02,68.63,-0.022,-0.098,1
2026-04-26 09:36:20,31.08,69.24,0.012,0.122,1
2026-04-26 09:36:25,31.0,69.36,-0.016,0.024,1
2026-04-26 09:36:30,31.08,69.22,0.016,-0.028,1
2026-04-26 09:36:35,30.9,69.01,-0.036,-0.042,1
2026-04-26 09:36:40,31.05,69.24,0.03,0.046,1
2026-04-26 09:36:45,31.03,69.15,-0.004,-0.018,1
2026-04-26 09:36:50,31.01,68.76,-0.004,-0.078,1
2026-04-26 09:36:55,31.1,69.05,0.018,0.058,1
2026-04-26 09:37:00,31.13,68.75,0.006,-0.06,1
2026-04-26 09:37:05,31.17,69.6,0.008,0.17,1
2026-04-26 09:37:10,29.46,70.6,-0.342,0.2,0
2026-04-26 09:37:15,29.42,70.62,-0.008,0.004,0
2026-04-26 09:37:20,29.46,70.64,0.008,0.004,0
2026-04-26 09:37:25,29.54,71.0,0.016,0.072,0
2026-04-26 09:37:30,29.45,70.42,-0.018,-0.116,0
2026-04-26 09:37:35,29.55,70.77,0.02,0.07,0
2026-04-26 09:37:40,29.47,70.8,-0.016,0.006,0
2026-04-26 09:37:45,29.42,70.75,-0.01,-0.01,0
2026-04-26 09:37:50,29.51,70.28,0.018,-0.094,0
2026-04-26 09:37:55,29.45,70.53,-0.012,0.05,0
2026-04-26 09:38:00,29.55,70.93,0.02,0.08,0
2026-04-26 09:38:05,29.37,71.05,-0.036,0.024,0
2026-04-26 09:38:10,29.46,70.96,0.018,-0.018,0
2026-04-26 09:38:15,29.48,70.41,0.004,-0.11,0
2026-04-26 09:38:20,29.45,70.58,-0.006,0.034,0
2026-04-26 09:38:25,29.5,70.35,0.01,-0.046,0
2026-04-26 09:38:30,29.45,70.69,-0.01,0.068,0
2026-04-26 09:38:35,29.52,70.88,0.014,0.038,0
2026-04-26 09:38:40,29.57,70.39,0.01,-0.098,0
2026-04-26 09:38:45,29.56,69.81,-0.002,-0.116,0
2026-04-26 09:38:50,29.57,70.5,0.002,0.138,0
2026-04-26 09:38:55,29.34,70.35,-0.046,-0.03,0
2026-04-26 09:39:00,29.59,70.42,0.05,0.014,0
2026-04-26 09:39:05,29.48,70.41,-0.022,-0.002,0
2026-04-26 09:39:10,29.52,70.31,0.008,-0.02,0
2026-04-26 09:39:15,29.68,70.66,0.032,0.07,0
2026-04-26 09:39:20,29.45,70.82,-0.046,0.032,0
2026-04-26 09:39:25,29.49,70.62,0.008,-0.04,0
2026-04-26 09:39:30,29.61,70.46,0.024,-0.032,0
2026-04-26 09:39:35,29.44,70.32,-0.034,-0.028,0
2026-04-26 09:39:40,29.5,70.41,0.012,0.018,0
2026-04-26 09:39:45,29.53,70.47,0.006,0.012,0
2026-04-26 09:39:50,29.7,70.61,0.034,0.028,0
2026-04-26 09:39:55,29.61,70.26,-0.018,-0.07,0
2026-04-26 09:40:00,29.55,70.5,-0.012,0.048,0
2026-04-26 09:40:05,29.59,70.37,0.008,-0.026,0
2026-04-26 09:40:10,29.51,70.91,-0.016,0.108,0
2026-04-26 09:40:15,29.62,70.23,0.022,-0.136,0
2026-04-26 09:40:20,29.56,70.28,-0.012,0.01,0
2026-04-26 09:40:25,29.61,70.54,0.01,0.052,0
2026-04-26 09:40:30,29.59,70.98,-0.004,0.088,0
2026-04-26 09:40:35,29.48,70.67,-0.022,-0.062,0
2026-04-26 09:40:40,29.85,69.33,0.074,-0.268,1
2026-04-26 09:40:45,30.0,69.5,0.03,0.034,1
2026-04-26 09:40:50,30.1,69.56,0.02,0.012,1
2026-04-26 09:40:55,30.23,69.02,0.026,-0.108,1
2026-04-26 09:41:00,30.44,68.5,0.042,-0.104,1
2026-04-26 09:41:05,30.58,67.99,0.028,-0.102,1
2026-04-26 09:41:10,30.78,68.67,0.04,0.136,1
2026-04-26 09:41:15,30.62,68.81,-0.032,0.028,1
2026-04-26 09:41:20,30.67,69.06,0.01,0.05,1
2026-04-26 09:41:25,30.77,68.9,0.02,-0.032,1
2026-04-26 09:41:30,30.75,69.21,-0.004,0.062,1
2026-04-26 09:41:35,30.77,69.25,0.004,0.008,1
2026-04-26 09:41:40,30.79,68.98,0.004,-0.054,1
2026-04-26 09:41:45,30.72,69.52,-0.014,0.108,1
2026-04-26 09:41:50,30.75,69.26,0.006,-0.052,1
2026-04-26 09:41:55,30.75,68.69,0.0,-0.114,1
2026-04-26 09:42:00,30.7,69.39,-0.01,0.14,1
2026-04-26 09:42:05,30.87,68.62,0.034,-0.154,1
2026-04-26 09:42:10,30.88,69.06,0.002,0.088,1
2026-04-26 09:42:15,30.93,69.22,0.01,0.032,1
2026-04-26 09:42:20,30.97,69.31,0.008,0.018,1
2026-04-26 09:42:25,30.97,69.59,0.0,0.056,1
2026-04-26 09:42:30,30.82,68.88,-0.03,-0.142,1
2026-04-26 09:42:35,30.95,69.03,0.026,0.03,1
2026-04-26 09:42:40,30.92,68.68,-0.006,-0.07,1
2026-04-26 09:42:45,28.78,70.53,-0.428,0.37,0
2026-04-26 09:42:50,28.74,70.01,-0.008,-0.104,0
2026-04-26 09:42:55,28.59,70.12,-0.03,0.022,0
2026-04-26 09:43:00,28.74,70.51,0.03,0.078,0
2026-04-26 09:43:05,28.78,70.59,0.008,0.016,0
2026-04-26 09:43:10,28.71,70.06,-0.014,-0.106,0
2026-04-26 09:43:15,28.76,70.05,0.01,-0.002,0
2026-04-26 09:43:20,28.76,70.23,0.0,0.036,0
2026-04-26 09:43:25,28.76,70.42,0.0,0.038,0
2026-04-26 09:43:30,28.86,70.42,0.02,0.0,0
2026-04-26 09:43:35,28.73,70.24,-0.026,-0.036,0
2026-04-26 09:43:40,28.85,70.14,0.024,-0.02,0
2026-04-26 09:43:45,28.82,70.18,-0.006,0.008,0
2026-04-26 09:43:50,28.73,70.17,-0.018,-0.002,0
2026-04-26 09:43:55,28.69,70.17,-0.008,0.0,0
2026-04-26 09:44:00,28.87,69.7,0.036,-0.094,0
2026-04-26 09:44:05,28.85,70.06,-0.004,0.072,0
2026-04-26 09:44:10,28.79,70.48,-0.012,0.084,0
2026-04-26 09:44:15,28.8,70.44,0.002,-0.008,0
2026-04-26 09:44:20,28.9,70.04,0.02,-0.08,0
2026-04-26 09:44:25,28.8,70.38,-0.02,0.068,0
2026-04-26 09:44:30,28.71,70.15,-0.018,-0.046,0
2026-04-26 09:44:35,28.93,70.24,0.044,0.018,0
2026-04-26 09:44:40,28.92,70.05,-0.002,-0.038,0
2026-04-26 09:44:45,28.8,70.17,-0.024,0.024,0
2026-04-26 09:44:50,28.89,70.01,0.018,-0.032,0
2026-04-26 09:44:55,28.77,69.97,-0.024,-0.008,0
2026-04-26 09:45:00,28.71,70.3,-0.012,0.066,0
2026-04-26 09:45:05,28.85,70.03,0.028,-0.054,0
2026-04-26 09:45:10,28.82,70.06,-0.006,0.006,0
2026-04-26 09:45:15,28.86,70.02,0.008,-0.008,0
2026-04-26 09:45:20,28.69,70.49,-0.034,0.094,0
2026-04-26 09:45:25,28.92,70.25,0.046,-0.048,0
2026-04-26 09:45:30,29.02,69.94,0.02,-0.062,0
2026-04-26 09:45:35,28.84,70.48,-0.036,0.108,0
2026-04-26 09:45:40,28.86,70.31,0.004,-0.034,0
2026-04-26 09:45:45,28.82,70.27,-0.008,-0.008,0
2026-04-26 09:45:50,28.66,69.96,-0.032,-0.062,0
2026-04-26 09:45:55,28.83,70.03,0.034,0.014,0
2026-04-26 09:46:00,28.79,69.93,-0.008,-0.02,0
2026-04-26 09:46:05,28.91,70.0,0.024,0.014,0
2026-04-26 09:46:10,28.82,69.98,-0.018,-0.004,0
2026-04-26 09:46:15,28.81,70.11,-0.002,0.026,0
2026-04-26 09:46:20,28.78,70.45,-0.006,0.068,1
2026-04-26 09:46:25,28.77,70.27,-0.002,-0.036,1
2026-04-26 09:46:30,28.95,70.1,0.036,-0.034,1
2026-04-26 09:46:35,28.86,70.26,-0.018,0.032,1
2026-04-26 09:46:40,28.76,70.3,-0.02,0.008,1
2026-04-26 09:46:45,28.83,70.16,0.014,-0.028,1
2026-04-26 09:46:50,28.92,69.87,0.018,-0.058,1
2026-04-26 09:46:55,28.81,70.17,-0.022,0.06,1
2026-04-26 09:47:00,28.83,70.1,0.004,-0.014,1
2026-04-26 09:47:05,28.99,70.26,0.032,0.032,0
2026-04-26 09:47:10,28.96,70.29,-0.006,0.006,0
2026-04-26 09:47:15,29.01,70.02,0.01,-0.054,0
2026-04-26 09:47:20,28.91,70.65,-0.02,0.126,0
2026-04-26 09:47:25,28.89,70.28,-0.004,-0.074,0
2026-04-26 09:47:30,28.85,70.61,-0.008,0.066,0
2026-04-26 09:47:35,29.01,71.09,0.032,0.096,0
2026-04-26 09:47:40,28.89,70.39,-0.024,-0.14,0
2026-04-26 09:47:45,29.09,70.11,0.04,-0.056,0
2026-04-26 09:47:50,28.96,70.34,-0.026,0.046,0
2026-04-26 09:47:55,28.91,70.52,-0.01,0.036,0
2026-04-26 09:48:00,29.04,70.34,0.026,-0.036,0
2026-04-26 09:48:05,29.01,70.5,-0.006,0.032,0
2026-04-26 09:48:10,28.92,70.61,-0.018,0.022,0
2026-04-26 09:48:15,28.95,70.94,0.006,0.066,0
2026-04-26 09:48:20,29.07,72.72,0.024,0.356,0
2026-04-26 09:48:25,29.16,72.16,0.018,-0.112,0
2026-04-26 09:48:30,29.1,72.48,-0.012,0.064,0
2026-04-26 09:48:35,29.14,72.26,0.008,-0.044,0
2026-04-26 09:48:40,29.21,72.36,0.014,0.02,0
2026-04-26 09:48:45,29.08,72.12,-0.026,-0.048,0
2026-04-26 09:48:50,29.44,71.95,0.072,-0.034,0
2026-04-26 09:48:55,29.21,72.04,-0.046,0.018,0
2026-04-26 09:49:00,29.16,72.25,-0.01,0.042,0
2026-04-26 09:49:05,29.24,72.08,0.016,-0.034,0
2026-04-26 09:49:10,29.11,72.48,-0.026,0.08,0
2026-04-26 09:49:15,29.25,72.4,0.028,-0.016,0
2026-04-26 09:49:20,29.28,72.21,0.006,-0.038,0
2026-04-26 09:49:25,29.3,72.68,0.004,0.094,0
2026-04-26 09:49:30,29.11,71.98,-0.038,-0.14,0
2026-04-26 09:49:35,29.07,72.99,-0.008,0.202,0
2026-04-26 09:49:40,29.16,72.33,0.018,-0.132,0
2026-04-26 09:49:45,29.33,72.42,0.034,0.018,0
2026-04-26 09:49:50,29.27,71.74,-0.012,-0.136,0
2026-04-26 09:49:55,29.33,72.58,0.012,0.168,0
2026-04-26 09:50:00,29.11,71.99,-0.044,-0.118,0
2026-04-26 09:50:05,29.31,72.22,0.04,0.046,0
2026-04-26 09:50:10,29.3,72.74,-0.002,0.104,0
2026-04-26 09:50:15,29.12,71.72,-0.036,-0.204,0
2026-04-26 09:50:20,29.36,72.47,0.048,0.15,0
2026-04-26 09:50:25,29.38,71.97,0.004,-0.1,1
2026-04-26 09:50:30,29.71,71.27,0.066,-0.14,1
2026-04-26 09:50:35,30.03,71.1,0.064,-0.034,1
2026-04-26 09:50:40,30.19,70.6,0.032,-0.1,1
2026-04-26 09:50:45,30.42,70.36,0.046,-0.048,1
2026-04-26 09:50:50,30.48,70.46,0.012,0.02,1
2026-04-26 09:50:55,30.55,70.29,0.014,-0.034,1
2026-04-26 09:51:00,30.69,70.49,0.028,0.04,1
2026-04-26 09:51:05,30.72,70.34,0.006,-0.03,1
2026-04-26 09:51:10,30.77,70.28,0.01,-0.012,1
2026-04-26 09:51:15,30.83,70.01,0.012,-0.054,1
2026-04-26 09:51:20,30.89,70.58,0.012,0.114,1
2026-04-26 09:51:25,30.95,70.4,0.012,-0.036,1
2026-04-26 09:51:30,30.95,70.4,0.0,0.0,1
2026-04-26 09:51:35,30.92,70.48,-0.006,0.016,1
2026-04-26 09:51:40,30.82,70.28,-0.02,-0.04,1
2026-04-26 09:51:45,30.83,70.97,0.002,0.138,1
2026-04-26 09:51:50,30.93,70.27,0.02,-0.14,1
2026-04-26 09:51:55,31.02,70.59,0.018,0.064,1
2026-04-26 09:52:00,29.38,70.98,-0.328,0.078,0
2026-04-26 09:52:05,29.41,71.23,0.006,0.05,0
2026-04-26 09:52:10,29.5,71.02,0.018,-0.042,0
2026-04-26 09:52:15,29.47,70.95,-0.006,-0.014,0
2026-04-26 09:52:20,29.44,71.15,-0.006,0.04,0
2026-04-26 09:52:25,29.56,71.41,0.024,0.052,0
2026-04-26 09:52:30,29.49,70.93,-0.014,-0.096,0
2026-04-26 09:52:35,29.55,71.29,0.012,0.072,0
2026-04-26 09:52:40,29.45,71.36,-0.02,0.014,0
2026-04-26 09:52:45,29.44,71.48,-0.002,0.024,0
2026-04-26 09:52:50,29.56,70.89,0.024,-0.118,0
2026-04-26 09:52:55,29.56,70.94,0.0,0.01,0
2026-04-26 09:53:00,29.41,70.99,-0.03,0.01,0
2026-04-26 09:53:05,29.56,71.48,0.03,0.098,0
2026-04-26 09:53:10,29.51,71.5,-0.01,0.004,0
2026-04-26 09:53:15,29.47,71.37,-0.008,-0.026,0
2026-04-26 09:53:20,29.51,71.26,0.008,-0.022,0
2026-04-26 09:53:25,29.46,71.46,-0.01,0.04,0
2026-04-26 09:53:30,29.6,71.0,0.028,-0.092,0
2026-04-26 09:53:35,29.5,71.02,-0.02,0.004,0
2026-04-26 09:53:40,29.56,71.75,0.012,0.146,0
2026-04-26 09:53:45,29.63,71.21,0.014,-0.108,0
2026-04-26 09:53:50,29.52,71.1,-0.022,-0.022,0
2026-04-26 09:53:55,29.37,71.56,-0.03,0.092,0
2026-04-26 09:54:00,29.57,71.24,0.04,-0.064,0
2026-04-26 09:54:05,29.43,71.19,-0.028,-0.01,0
2026-04-26 09:54:10,29.52,71.25,0.018,0.012,0
2026-04-26 09:54:15,29.6,71.17,0.016,-0.016,0
2026-04-26 09:54:20,29.53,71.77,-0.014,0.12,0
2026-04-26 09:54:25,29.48,71.32,-0.01,-0.09,0
2026-04-26 09:54:30,29.64,71.58,0.032,0.052,0
2026-04-26 09:54:35,29.6,70.93,-0.008,-0.13,0
2026-04-26 09:54:40,29.66,71.13,0.012,0.04,0
2026-04-26 09:54:45,29.58,71.45,-0.016,0.064,0
2026-04-26 09:54:50,29.62,71.24,0.008,-0.042,0
2026-04-26 09:54:55,29.43,71.12,-0.038,-0.024,0
2026-04-26 09:55:00,29.52,71.77,0.018,0.13,0
2026-04-26 09:55:05,29.48,71.09,-0.008,-0.136,0
2026-04-26 09:55:10,29.48,71.16,0.0,0.014,0
2026-04-26 09:55:15,29.52,71.21,0.008,0.01,0
2026-04-26 09:55:20,29.59,71.61,0.014,0.08,0
2026-04-26 09:55:25,29.51,71.48,-0.016,-0.026,0
2026-04-26 09:55:30,29.56,71.25,0.01,-0.046,0
2026-04-26 09:55:35,29.65,71.46,0.018,0.042,0
2026-04-26 09:55:40,29.6,71.35,-0.01,-0.022,0
2026-04-26 09:55:45,29.43,70.9,-0.034,-0.09,0
2026-04-26 09:55:50,29.51,72.17,0.016,0.254,1
2026-04-26 09:55:55,29.6,72.68,0.018,0.102,1
2026-04-26 09:56:00,29.67,73.09,0.014,0.082,1
2026-04-26 09:56:05,29.5,73.14,-0.034,0.01,1
2026-04-26 09:56:10,29.4,73.8,-0.02,0.132,1
2026-04-26 09:56:15,29.73,73.68,0.066,-0.024,1
2026-04-26 09:56:20,29.53,74.44,-0.04,0.152,1
2026-04-26 09:56:25,29.71,74.95,0.036,0.102,1
2026-04-26 09:56:30,29.61,74.49,-0.02,-0.092,1
2026-04-26 09:56:35,29.66,75.13,0.01,0.128,1
2026-04-26 09:56:40,29.74,74.77,0.016,-0.072,1
2026-04-26 09:56:45,29.73,75.06,-0.002,0.058,1
2026-04-26 09:56:50,29.8,75.18,0.014,0.024,1
2026-04-26 09:56:55,29.84,75.23,0.008,0.01,1
2026-04-26 09:57:00,29.9,75.53,0.012,0.06,1
2026-04-26 09:57:05,29.85,75.18,-0.01,-0.07,1
2026-04-26 09:57:10,29.8,75.32,-0.01,0.028,1
2026-04-26 09:57:15,29.88,75.56,0.016,0.048,1
2026-04-26 09:57:20,29.74,76.02,-0.028,0.092,1
2026-04-26 09:57:25,29.73,75.92,-0.002,-0.02,1
2026-04-26 09:57:30,29.65,75.39,-0.016,-0.106,1
2026-04-26 09:57:35,29.79,75.51,0.028,0.024,1
2026-04-26 09:57:40,28.6,73.36,-0.238,-0.43,0
2026-04-26 09:57:45,28.78,73.16,0.036,-0.04,0
2026-04-26 09:57:50,28.59,72.69,-0.038,-0.094,0
2026-04-26 09:57:55,28.73,72.94,0.028,0.05,0
2026-04-26 09:58:00,28.67,72.75,-0.012,-0.038,0
2026-04-26 09:58:05,28.74,72.88,0.014,0.026,0
2026-04-26 09:58:10,28.69,73.22,-0.01,0.068,0
2026-04-26 09:58:15,28.68,72.87,-0.002,-0.07,0
2026-04-26 09:58:20,28.77,72.78,0.018,-0.018,0
2026-04-26 09:58:25,28.53,72.37,-0.048,-0.082,0
2026-04-26 09:58:30,28.72,72.41,0.038,0.008,0
2026-04-26 09:58:35,28.74,73.38,0.004,0.194,0
2026-04-26 09:58:40,28.67,72.8,-0.014,-0.116,0
2026-04-26 09:58:45,28.69,72.87,0.004,0.014,0
2026-04-26 09:58:50,28.64,72.49,-0.01,-0.076,0
2026-04-26 09:58:55,28.68,72.68,0.008,0.038,0
2026-04-26 09:59:00,28.6,72.26,-0.016,-0.084,0
2026-04-26 09:59:05,28.79,73.07,0.038,0.162,0
2026-04-26 09:59:10,28.81,72.8,0.004,-0.054,0
2026-04-26 09:59:15,28.63,72.92,-0.036,0.024,0
2026-04-26 09:59:20,28.67,72.57,0.008,-0.07,0
2026-04-26 09:59:25,28.68,72.78,0.002,0.042,0
2026-04-26 09:59:30,28.75,72.84,0.014,0.012,0
2026-04-26 09:59:35,28.68,73.11,-0.014,0.054,0
2026-04-26 09:59:40,28.6,72.61,-0.016,-0.1,0
2026-04-26 09:59:45,28.63,73.06,0.006,0.09,0
2026-04-26 09:59:50,28.56,72.47,-0.014,-0.118,0
2026-04-26 09:59:55,28.65,72.85,0.018,0.076,0
2026-04-26 10:00:00,28.74,72.75,0.018,-0.02,0
2026-04-26 10:00:05,28.73,72.63,-0.002,-0.024,0
2026-04-26 10:00:10,28.68,72.98,-0.01,0.07,0
2026-04-26 10:00:15,28.63,73.16,-0.01,0.036,0
2026-04-26 10:00:20,28.65,72.7,0.004,-0.092,0
2026-04-26 10:00:25,28.75,73.0,0.02,0.06,0
2026-04-26 10:00:30,28.84,72.38,0.018,-0.124,0
2026-04-26 10:00:35,28.7,73.12,-0.028,0.148,0
2026-04-26 10:00:40,28.8,72.64,0.02,-0.096,0
2026-04-26 10:00:45,28.74,72.99,-0.012,0.07,0
2026-04-26 10:00:50,28.83,72.83,0.018,-0.032,0
2026-04-26 10:00:55,28.63,73.29,-0.04,0.092,1
2026-04-26 10:01:00,28.71,73.29,0.016,0.0,1
2026-04-26 10:01:05,28.78,73.93,0.014,0.128,1
2026-04-26 10:01:10,28.8,74.02,0.004,0.018,1
2026-04-26 10:01:15,28.76,73.71,-0.008,-0.062,1
2026-04-26 10:01:20,28.74,74.29,-0.004,0.116,1
2026-04-26 10:01:25,28.82,74.14,0.016,-0.03,1
2026-04-26 10:01:30,28.85,74.3,0.006,0.032,1
2026-04-26 10:01:35,28.94,74.84,0.018,0.108,1
2026-04-26 10:01:40,28.89,74.98,-0.01,0.028,1
2026-04-26 10:01:45,28.98,75.0,0.018,0.004,1
2026-04-26 10:01:50,28.88,74.84,-0.02,-0.032,1
2026-04-26 10:01:55,28.92,74.85,0.008,0.002,1
2026-04-26 10:02:00,28.95,75.28,0.006,0.086,1
2026-04-26 10:02:05,29.04,75.2,0.018,-0.016,1
2026-04-26 10:02:10,29.04,75.22,0.0,0.004,1
2026-04-26 10:02:15,29.07,74.94,0.006,-0.056,1
2026-04-26 10:02:20,29.02,75.43,-0.01,0.098,1
2026-04-26 10:02:25,29.04,75.26,0.004,-0.034,1
2026-04-26 10:02:30,28.96,75.67,-0.016,0.082,1
2026-04-26 10:02:35,29.03,76.06,0.014,0.078,1
2026-04-26 10:02:40,29.12,75.8,0.018,-0.052,1
2026-04-26 10:02:45,29.07,75.46,-0.01,-0.068,1
2026-04-26 10:02:50,29.1,75.51,0.006,0.01,1
2026-04-26 10:02:55,28.96,75.77,-0.028,0.052,1
2026-04-26 10:03:00,29.13,75.63,0.034,-0.028,1
2026-04-26 10:03:05,29.13,75.9,0.0,0.054,1
2026-04-26 10:03:10,29.1,76.22,-0.006,0.064,1
2026-04-26 10:03:15,29.06,76.04,-0.008,-0.036,1
2026-04-26 10:03:20,29.1,75.93,0.008,-0.022,1
2026-04-26 10:03:25,29.04,75.8,-0.012,-0.026,1
2026-04-26 10:03:30,29.18,75.86,0.028,0.012,1
2026-04-26 10:03:35,29.09,76.04,-0.018,0.036,1
2026-04-26 10:03:40,29.21,74.71,0.024,-0.266,0
2026-04-26 10:03:45,29.1,74.68,-0.022,-0.006,0
2026-04-26 10:03:50,29.28,74.7,0.036,0.004,0
2026-04-26 10:03:55,29.16,74.83,-0.024,0.026,0
2026-04-26 10:04:00,29.25,74.64,0.018,-0.038,0
2026-04-26 10:04:05,29.35,75.0,0.02,0.072,0
2026-04-26 10:04:10,29.35,74.19,0.0,-0.162,0
2026-04-26 10:04:15,29.15,74.3,-0.04,0.022,0
2026-04-26 10:04:20,29.27,75.08,0.024,0.156,0
2026-04-26 10:04:25,29.41,74.6,0.028,-0.096,0
2026-04-26 10:04:30,29.34,74.73,-0.014,0.026,0
2026-04-26 10:04:35,29.29,75.03,-0.01,0.06,0
2026-04-26 10:04:40,29.33,74.77,0.008,-0.052,0
2026-04-26 10:04:45,29.26,74.26,-0.014,-0.102,0
2026-04-26 10:04:50,29.54,74.31,0.056,0.01,0
2026-04-26 10:04:55,29.44,74.36,-0.02,0.01,0
2026-04-26 10:05:00,29.3,74.7,-0.028,0.068,0
2026-04-26 10:05:05,29.42,74.68,0.024,-0.004,0
2026-04-26 10:05:10,29.39,74.46,-0.006,-0.044,0
2026-04-26 10:05:15,29.37,74.41,-0.004,-0.01,0
2026-04-26 10:05:20,29.33,74.21,-0.008,-0.04,0
2026-04-26 10:05:25,29.25,74.51,-0.016,0.06,0
2026-04-26 10:05:30,29.34,74.39,0.018,-0.024,0
2026-04-26 10:05:35,29.24,74.16,-0.02,-0.046,0
2026-04-26 10:05:40,29.25,74.55,0.002,0.078,0
2026-04-26 10:05:45,29.23,73.98,-0.004,-0.114,0
2026-04-26 10:05:50,29.39,74.71,0.032,0.146,0
2026-04-26 10:05:55,29.35,74.8,-0.008,0.018,0
2026-04-26 10:06:00,29.5,74.26,0.03,-0.108,0
2026-04-26 10:06:05,29.41,74.28,-0.018,0.004,0
2026-04-26 10:06:10,29.31,74.64,-0.02,0.072,0
2026-04-26 10:06:15,29.4,74.48,0.018,-0.032,0
2026-04-26 10:06:20,29.42,74.4,0.004,-0.016,0
2026-04-26 10:06:25,29.34,74.19,-0.016,-0.042,0
2026-04-26 10:06:30,29.45,74.43,0.022,0.048,0
2026-04-26 10:06:35,29.29,74.39,-0.032,-0.008,0
2026-04-26 10:06:40,29.53,74.12,0.048,-0.054,0
2026-04-26 10:06:45,29.23,74.61,-0.06,0.098,0
2026-04-26 10:06:50,29.4,74.73,0.034,0.024,0
2026-04-26 10:06:55,29.39,74.31,-0.002,-0.084,0
2026-04-26 10:07:00,29.5,74.21,0.022,-0.02,0
2026-04-26 10:07:05,29.41,74.88,-0.018,0.134,0
2026-04-26 10:07:10,29.41,74.25,0.0,-0.126,0
2026-04-26 10:07:15,29.38,74.42,-0.006,0.034,0
2026-04-26 10:07:20,32.8,72.07,0.684,-0.47,2
2026-04-26 10:07:25,35.17,70.54,0.474,-0.306,2
2026-04-26 10:07:30,36.77,69.06,0.32,-0.296,2
2026-04-26 10:07:35,37.64,68.43,0.174,-0.126,2
2026-04-26 10:07:40,38.29,67.67,0.13,-0.152,2
2026-04-26 10:07:45,38.57,67.04,0.056,-0.126,2
2026-04-26 10:07:50,38.75,67.21,0.036,0.034,2
2026-04-26 10:07:55,38.9,66.82,0.03,-0.078,2
2026-04-26 10:08:00,38.84,66.88,-0.012,0.012,2
2026-04-26 10:08:05,38.92,67.07,0.016,0.038,2
2026-04-26 10:08:10,38.83,66.54,-0.018,-0.106,2
2026-04-26 10:08:15,38.93,66.53,0.02,-0.002,2
2026-04-26 10:08:20,39.09,66.2,0.032,-0.066,1
2026-04-26 10:08:25,39.28,66.29,0.038,0.018,1
2026-04-26 10:08:30,39.5,66.37,0.044,0.016,1
2026-04-26 10:08:35,39.56,65.94,0.012,-0.086,1
2026-04-26 10:08:40,39.6,65.71,0.008,-0.046,1
2026-04-26 10:08:45,39.61,65.71,0.002,0.0,1
2026-04-26 10:08:50,39.59,65.11,-0.004,-0.12,1
2026-04-26 10:08:55,39.58,65.5,-0.002,0.078,1
2026-04-26 10:09:00,39.51,65.87,-0.014,0.074,1
2026-04-26 10:09:05,39.54,65.41,0.006,-0.092,1
2026-04-26 10:09:10,39.59,64.98,0.01,-0.086,1
2026-04-26 10:09:15,39.63,64.98,0.008,0.0,1
2026-04-26 10:09:20,39.67,65.53,0.008,0.11,1
2026-04-26 10:09:25,39.66,65.18,-0.002,-0.07,1
2026-04-26 10:09:30,39.62,65.52,-0.008,0.068,1
2026-04-26 10:09:35,39.67,65.57,0.01,0.01,1
2026-04-26 10:09:40,39.46,64.76,-0.042,-0.162,1
2026-04-26 10:09:45,39.68,64.73,0.044,-0.006,1
2026-04-26 10:09:50,28.96,73.22,-2.144,1.698,0
2026-04-26 10:09:55,28.85,73.19,-0.022,-0.006,0
2026-04-26 10:10:00,28.91,73.21,0.012,0.004,0
2026-04-26 10:10:05,29.05,73.09,0.028,-0.024,0
2026-04-26 10:10:10,29.03,73.11,-0.004,0.004,0
2026-04-26 10:10:15,28.88,73.42,-0.03,0.062,0
2026-04-26 10:10:20,29.09,72.98,0.042,-0.088,0
2026-04-26 10:10:25,29.07,73.39,-0.004,0.082,0
2026-04-26 10:10:30,28.98,72.76,-0.018,-0.126,0
2026-04-26 10:10:35,28.96,72.88,-0.004,0.024,0
2026-04-26 10:10:40,29.19,73.0,0.046,0.024,0
2026-04-26 10:10:45,29.0,72.78,-0.038,-0.044,0
2026-04-26 10:10:50,28.99,73.31,-0.002,0.106,0
2026-04-26 10:10:55,29.18,73.03,0.038,-0.056,0
2026-04-26 10:11:00,29.02,73.29,-0.032,0.052,0
2026-04-26 10:11:05,29.19,73.04,0.034,-0.05,0
2026-04-26 10:11:10,29.17,73.39,-0.004,0.07,0
2026-04-26 10:11:15,29.0,73.12,-0.034,-0.054,0
2026-04-26 10:11:20,29.11,73.46,0.022,0.068,0
2026-04-26 10:11:25,29.17,72.96,0.012,-0.1,0
2026-04-26 10:11:30,28.95,73.41,-0.044,0.09,0
2026-04-26 10:11:35,29.06,73.37,0.022,-0.008,0
2026-04-26 10:11:40,29.08,72.86,0.004,-0.102,0
2026-04-26 10:11:45,29.1,73.15,0.004,0.058,0
2026-04-26 10:11:50,29.09,72.88,-0.002,-0.054,0
2026-04-26 10:11:55,29.02,73.07,-0.014,0.038,0
2026-04-26 10:12:00,29.02,73.18,0.0,0.022,0
2026-04-26 10:12:05,29.09,73.41,0.014,0.046,0
2026-04-26 10:12:10,29.06,72.82,-0.006,-0.118,0
2026-04-26 10:12:15,29.22,73.23,0.032,0.082,0
2026-04-26 10:12:20,28.98,73.3,-0.048,0.014,0
2026-04-26 10:12:25,29.1,73.07,0.024,-0.046,0
2026-04-26 10:12:30,28.97,73.24,-0.026,0.034,0
2026-04-26 10:12:35,29.05,72.89,0.016,-0.07,0
2026-04-26 10:12:40,29.23,73.12,0.036,0.046,0
2026-04-26 10:12:45,28.97,72.82,-0.052,-0.06,0
2026-04-26 10:12:50,29.04,73.1,0.014,0.056,0
2026-04-26 10:12:55,29.19,73.3,0.03,0.04,0
2026-04-26 10:13:00,29.04,73.21,-0.03,-0.018,0
2026-04-26 10:13:05,29.14,73.36,0.02,0.03,0
2026-04-26 10:13:10,29.13,73.11,-0.002,-0.05,0
2026-04-26 10:13:15,29.08,73.45,-0.01,0.068,0
2026-04-26 10:13:20,28.98,73.43,-0.02,-0.004,0
2026-04-26 10:13:25,29.22,72.76,0.048,-0.134,0
2026-04-26 10:13:30,29.12,73.05,-0.02,0.058,0
2026-04-26 10:13:35,29.09,73.47,-0.006,0.084,0
2026-04-26 10:13:40,28.98,73.24,-0.022,-0.046,0
2026-04-26 10:13:45,29.13,72.75,0.03,-0.098,0
2026-04-26 10:13:50,29.07,73.45,-0.012,0.14,0
2026-04-26 10:13:55,29.15,73.43,0.016,-0.004,1
2026-04-26 10:14:00,29.14,73.15,-0.002,-0.056,1
2026-04-26 10:14:05,29.11,73.61,-0.006,0.092,1
2026-04-26 10:14:10,29.0,73.34,-0.022,-0.054,1
2026-04-26 10:14:15,29.2,73.08,0.04,-0.052,1
2026-04-26 10:14:20,29.08,73.31,-0.024,0.046,0
2026-04-26 10:14:25,29.07,73.38,-0.002,0.014,0
2026-04-26 10:14:30,29.25,73.46,0.036,0.016,0
2026-04-26 10:14:35,29.14,73.08,-0.022,-0.076,0
2026-04-26 10:14:40,29.05,73.07,-0.018,-0.002,0
2026-04-26 10:14:45,29.16,73.3,0.022,0.046,0
2026-04-26 10:14:50,29.13,73.26,-0.006,-0.008,0
2026-04-26 10:14:55,29.24,73.06,0.022,-0.04,0
2026-04-26 10:15:00,29.16,73.45,-0.016,0.078,0
2026-04-26 10:15:05,29.13,73.31,-0.006,-0.028,0
2026-04-26 10:15:10,29.13,73.36,0.0,0.01,0
2026-04-26 10:15:15,29.23,73.3,0.02,-0.012,0
2026-04-26 10:15:20,29.25,74.01,0.004,0.142,0
2026-04-26 10:15:25,29.32,73.3,0.014,-0.142,0
2026-04-26 10:15:30,29.16,73.36,-0.032,0.012,0
2026-04-26 10:15:35,29.22,74.16,0.012,0.16,0
2026-04-26 10:15:40,29.16,73.73,-0.012,-0.086,0
2026-04-26 10:15:45,29.19,73.52,0.006,-0.042,0
2026-04-26 10:15:50,29.31,74.25,0.024,0.146,0
2026-04-26 10:15:55,29.16,74.74,-0.03,0.098,0
2026-04-26 10:16:00,29.4,74.62,0.048,-0.024,0
2026-04-26 10:16:05,29.34,74.49,-0.012,-0.026,0
2026-04-26 10:16:10,29.29,74.41,-0.01,-0.016,0
2026-04-26 10:16:15,29.31,75.04,0.004,0.126,0
2026-04-26 10:16:20,29.37,74.4,0.012,-0.128,0
2026-04-26 10:16:25,29.37,74.5,0.0,0.02,0
2026-04-26 10:16:30,29.32,74.61,-0.01,0.022,0
2026-04-26 10:16:35,29.4,74.84,0.016,0.046,0
2026-04-26 10:16:40,29.58,74.51,0.036,-0.066,0
2026-04-26 10:16:45,29.36,74.92,-0.044,0.082,0
2026-04-26 10:16:50,29.36,74.51,0.0,-0.082,0
2026-04-26 10:16:55,29.3,74.81,-0.012,0.06,0
2026-04-26 10:17:00,29.45,75.02,0.03,0.042,0
2026-04-26 10:17:05,29.53,74.9,0.016,-0.024,0
2026-04-26 10:17:10,29.36,74.48,-0.034,-0.084,0
2026-04-26 10:17:15,29.56,74.62,0.04,0.028,0
2026-04-26 10:17:20,29.36,74.27,-0.04,-0.07,0
2026-04-26 10:17:25,29.53,74.4,0.034,0.026,0
2026-04-26 10:17:30,29.31,74.39,-0.044,-0.002,0
2026-04-26 10:17:35,29.44,74.81,0.026,0.084,0
2026-04-26 10:17:40,29.53,74.53,0.018,-0.056,0
2026-04-26 10:17:45,29.35,74.66,-0.036,0.026,0
2026-04-26 10:17:50,29.56,74.18,0.042,-0.096,0
2026-04-26 10:17:55,29.54,73.95,-0.004,-0.046,0
2026-04-26 10:18:00,29.39,74.91,-0.03,0.192,0
2026-04-26 10:18:05,29.4,74.49,0.002,-0.084,0
2026-04-26 10:18:10,29.34,74.79,-0.012,0.06,0
2026-04-26 10:18:15,29.38,74.81,0.008,0.004,0
2026-04-26 10:18:20,29.42,74.8,0.008,-0.002,0
2026-04-26 10:18:25,29.45,74.33,0.006,-0.094,0
2026-04-26 10:18:30,29.39,75.01,-0.012,0.136,0
2026-04-26 10:18:35,29.46,74.51,0.014,-0.1,0
2026-04-26 10:18:40,29.44,74.31,-0.004,-0.04,0
2026-04-26 10:18:45,29.52,74.24,0.016,-0.014,0
2026-04-26 10:18:50,29.45,74.83,-0.014,0.118,0
2026-04-26 10:18:55,29.42,74.64,-0.006,-0.038,0
2026-04-26 10:19:00,29.47,74.42,0.01,-0.044,0
2026-04-26 10:19:05,29.4,74.5,-0.014,0.016,0
2026-04-26 10:19:10,32.64,70.56,0.648,-0.788,2
2026-04-26 10:19:15,34.88,67.97,0.448,-0.518,2
2026-04-26 10:19:20,36.49,65.91,0.322,-0.412,2
2026-04-26 10:19:25,37.29,64.89,0.16,-0.204,2
2026-04-26 10:19:30,38.13,64.0,0.168,-0.178,2
2026-04-26 10:19:35,38.43,63.74,0.06,-0.052,2
2026-04-26 10:19:40,38.44,63.09,0.002,-0.13,1
2026-04-26 10:19:45,38.77,62.88,0.066,-0.042,1
2026-04-26 10:19:50,38.91,63.26,0.028,0.076,1
2026-04-26 10:19:55,39.05,62.69,0.028,-0.114,1
2026-04-26 10:20:00,38.75,62.66,-0.06,-0.006,1
2026-04-26 10:20:05,39.02,62.67,0.054,0.002,1
2026-04-26 10:20:10,39.07,62.47,0.01,-0.04,1
2026-04-26 10:20:15,38.95,62.88,-0.024,0.082,1
2026-04-26 10:20:20,39.06,62.97,0.022,0.018,1
2026-04-26 10:20:25,39.14,62.74,0.016,-0.046,1
2026-04-26 10:20:30,39.05,63.03,-0.018,0.058,1
2026-04-26 10:20:35,39.08,62.42,0.006,-0.122,1
2026-04-26 10:20:40,38.98,62.56,-0.02,0.028,1
2026-04-26 10:20:45,38.95,62.46,-0.006,-0.02,1
2026-04-26 10:20:50,38.74,63.08,-0.042,0.124,1
2026-04-26 10:20:55,38.96,62.43,0.044,-0.13,1
2026-04-26 10:21:00,38.84,62.93,-0.024,0.1,1
2026-04-26 10:21:05,39.05,62.45,0.042,-0.096,1
2026-04-26 10:21:10,39.14,62.32,0.018,-0.026,1
2026-04-26 10:21:15,39.0,62.11,-0.028,-0.042,1
2026-04-26 10:21:20,29.32,74.94,-1.936,2.566,0
2026-04-26 10:21:25,29.48,74.74,0.032,-0.04,0
2026-04-26 10:21:30,29.41,74.56,-0.014,-0.036,0
2026-04-26 10:21:35,29.46,74.76,0.01,0.04,0
2026-04-26 10:21:40,29.57,75.09,0.022,0.066,0
2026-04-26 10:21:45,29.52,75.04,-0.01,-0.01,0
2026-04-26 10:21:50,29.38,74.33,-0.028,-0.142,0
2026-04-26 10:21:55,29.46,74.42,0.016,0.018,0
2026-04-26 10:22:00,29.53,74.67,0.014,0.05,0
2026-04-26 10:22:05,29.46,74.49,-0.014,-0.036,0
2026-04-26 10:22:10,29.37,74.64,-0.018,0.03,0
2026-04-26 10:22:15,29.28,75.04,-0.018,0.08,0
2026-04-26 10:22:20,29.46,75.24,0.036,0.04,0
2026-04-26 10:22:25,29.54,74.62,0.016,-0.124,0
2026-04-26 10:22:30,29.31,74.42,-0.046,-0.04,0
2026-04-26 10:22:35,29.41,74.58,0.02,0.032,0
2026-04-26 10:22:40,29.32,75.11,-0.018,0.106,0
2026-04-26 10:22:45,29.45,74.77,0.026,-0.068,0
2026-04-26 10:22:50,29.4,74.45,-0.01,-0.064,0
2026-04-26 10:22:55,29.36,74.7,-0.008,0.05,0
2026-04-26 10:23:00,29.58,74.75,0.044,0.01,0
2026-04-26 10:23:05,29.53,74.86,-0.01,0.022,0
2026-04-26 10:23:10,29.45,74.69,-0.016,-0.034,0
2026-04-26 10:23:15,29.44,74.92,-0.002,0.046,0
2026-04-26 10:23:20,29.38,74.55,-0.012,-0.074,0
2026-04-26 10:23:25,29.45,74.84,0.014,0.058,0
2026-04-26 10:23:30,29.42,75.08,-0.006,0.048,0
2026-04-26 10:23:35,29.46,74.81,0.008,-0.054,0
2026-04-26 10:23:40,29.56,74.87,0.02,0.012,0
2026-04-26 10:23:45,29.42,74.57,-0.028,-0.06,0
2026-04-26 10:23:50,29.46,74.59,0.008,0.004,0
2026-04-26 10:23:55,29.43,74.87,-0.006,0.056,0
2026-04-26 10:24:00,29.36,74.6,-0.014,-0.054,0
2026-04-26 10:24:05,29.45,74.76,0.018,0.032,0
2026-04-26 10:24:10,29.55,74.71,0.02,-0.01,0
2026-04-26 10:24:15,29.27,74.8,-0.056,0.018,0
2026-04-26 10:24:20,29.49,75.0,0.044,0.04,0
2026-04-26 10:24:25,29.4,74.76,-0.018,-0.048,0
2026-04-26 10:24:30,29.38,74.26,-0.004,-0.1,0
2026-04-26 10:24:35,29.47,75.18,0.018,0.184,0
2026-04-26 10:24:40,29.53,74.54,0.012,-0.128,0
2026-04-26 10:24:45,29.45,74.67,-0.016,0.026,0
2026-04-26 10:24:50,29.44,74.8,-0.002,0.026,0
2026-04-26 10:24:55,29.45,74.79,0.002,-0.002,0
2026-04-26 10:25:00,29.63,74.28,0.036,-0.102,0
2026-04-26 10:25:05,29.39,74.64,-0.048,0.072,0
2026-04-26 10:25:10,31.55,73.43,0.432,-0.242,2
2026-04-26 10:25:15,33.67,72.28,0.424,-0.23,2
2026-04-26 10:25:20,35.15,71.89,0.296,-0.078,2
2026-04-26 10:25:25,36.52,70.98,0.274,-0.182,2
2026-04-26 10:25:30,37.04,70.27,0.104,-0.142,2
2026-04-26 10:25:35,37.25,69.81,0.042,-0.092,1
2026-04-26 10:25:40,37.53,69.36,0.056,-0.09,1
2026-04-26 10:25:45,37.68,70.04,0.03,0.136,1
2026-04-26 10:25:50,37.91,69.19,0.046,-0.17,1
2026-04-26 10:25:55,38.14,69.4,0.046,0.042,1
2026-04-26 10:26:00,38.29,68.68,0.03,-0.144,1
2026-04-26 10:26:05,38.28,68.37,-0.002,-0.062,1
2026-04-26 10:26:10,38.3,68.2,0.004,-0.034,1
2026-04-26 10:26:15,38.37,68.52,0.014,0.064,1
2026-04-26 10:26:20,38.24,68.74,-0.026,0.044,1
2026-04-26 10:26:25,38.38,67.88,0.028,-0.172,1
2026-04-26 10:26:30,38.44,68.12,0.012,0.048,1
2026-04-26 10:26:35,28.97,74.35,-1.894,1.246,0
2026-04-26 10:26:40,29.09,74.31,0.024,-0.008,0
2026-04-26 10:26:45,28.93,74.25,-0.032,-0.012,0
2026-04-26 10:26:50,28.93,74.28,0.0,0.006,0
2026-04-26 10:26:55,28.99,74.58,0.012,0.06,0
2026-04-26 10:27:00,29.16,74.71,0.034,0.026,0
2026-04-26 10:27:05,28.96,74.64,-0.04,-0.014,0
2026-04-26 10:27:10,29.12,74.94,0.032,0.06,0
2026-04-26 10:27:15,29.11,74.61,-0.002,-0.066,0
2026-04-26 10:27:20,28.91,74.38,-0.04,-0.046,0
2026-04-26 10:27:25,29.06,74.49,0.03,0.022,0
2026-04-26 10:27:30,29.05,74.75,-0.002,0.052,0
2026-04-26 10:27:35,28.91,74.13,-0.028,-0.124,0
2026-04-26 10:27:40,28.99,74.83,0.016,0.14,0
2026-04-26 10:27:45,29.04,74.7,0.01,-0.026,0
2026-04-26 10:27:50,28.98,74.43,-0.012,-0.054,0
2026-04-26 10:27:55,29.01,74.49,0.006,0.012,0
2026-04-26 10:28:00,29.01,74.58,0.0,0.018,0
2026-04-26 10:28:05,29.02,75.02,0.002,0.088,0
2026-04-26 10:28:10,29.09,74.81,0.014,-0.042,0
2026-04-26 10:28:15,29.06,74.17,-0.006,-0.128,0
2026-04-26 10:28:20,28.91,74.87,-0.03,0.14,0
2026-04-26 10:28:25,29.04,74.89,0.026,0.004,0
2026-04-26 10:28:30,29.15,74.85,0.022,-0.008,0
2026-04-26 10:28:35,29.01,74.96,-0.028,0.022,0
2026-04-26 10:28:40,28.94,74.72,-0.014,-0.048,0
2026-04-26 10:28:45,28.97,74.53,0.006,-0.038,0
2026-04-26 10:28:50,29.06,74.55,0.018,0.004,0
2026-04-26 10:28:55,29.0,74.66,-0.012,0.022,1
2026-04-26 10:29:00,29.07,74.6,0.014,-0.012,1
2026-04-26 10:29:05,29.08,74.54,0.002,-0.012,1
2026-04-26 10:29:10,29.0,74.42,-0.016,-0.024,1
2026-04-26 10:29:15,29.2,74.75,0.04,0.066,1
2026-04-26 10:29:20,29.02,74.21,-0.036,-0.108,0
2026-04-26 10:29:25,29.06,74.85,0.008,0.128,0
2026-04-26 10:29:30,29.15,75.16,0.018,0.062,0
2026-04-26 10:29:35,29.14,74.62,-0.002,-0.108,0
2026-04-26 10:29:40,29.04,74.43,-0.02,-0.038,0
2026-04-26 10:29:45,29.18,74.64,0.028,0.042,0
2026-04-26 10:29:50,28.97,74.67,-0.042,0.006,0
2026-04-26 10:29:55,29.1,74.35,0.026,-0.064,0
2026-04-26 10:30:00,29.15,74.27,0.01,-0.016,0
2026-04-26 10:30:05,29.18,74.75,0.006,0.096,0
2026-04-26 10:30:10,29.28,74.73,0.02,-0.004,0
2026-04-26 10:30:15,29.03,74.45,-0.05,-0.056,0
2026-04-26 10:30:20,29.27,74.55,0.048,0.02,0
2026-04-26 10:30:25,28.92,72.83,-0.07,-0.344,0
2026-04-26 10:30:30,28.87,72.88,-0.01,0.01,0
2026-04-26 10:30:35,28.98,72.95,0.022,0.014,0
2026-04-26 10:30:40,29.05,73.12,0.014,0.034,0
2026-04-26 10:30:45,28.89,73.52,-0.032,0.08,0
2026-04-26 10:30:50,28.88,73.18,-0.002,-0.068,0
2026-04-26 10:30:55,29.0,72.96,0.024,-0.044,0
2026-04-26 10:31:00,28.93,73.47,-0.014,0.102,0
2026-04-26 10:31:05,29.0,73.57,0.014,0.02,0
2026-04-26 10:31:10,28.91,73.73,-0.018,0.032,0
2026-04-26 10:31:15,29.07,73.02,0.032,-0.142,0
2026-04-26 10:31:20,29.12,73.23,0.01,0.042,0
2026-04-26 10:31:25,29.07,73.29,-0.01,0.012,0
2026-04-26 10:31:30,29.06,73.04,-0.002,-0.05,0
2026-04-26 10:31:35,29.03,72.84,-0.006,-0.04,0
2026-04-26 10:31:40,29.05,73.1,0.004,0.052,0
2026-04-26 10:31:45,29.06,73.08,0.002,-0.004,0
2026-04-26 10:31:50,29.15,73.06,0.018,-0.004,0
2026-04-26 10:31:55,28.88,73.18,-0.054,0.024,0
2026-04-26 10:32:00,28.93,73.91,0.01,0.146,0
2026-04-26 10:32:05,29.14,73.18,0.042,-0.146,0
2026-04-26 10:32:10,29.06,73.0,-0.016,-0.036,0
2026-04-26 10:32:15,29.04,73.55,-0.004,0.11,1
2026-04-26 10:32:20,29.1,73.12,0.012,-0.086,1
2026-04-26 10:32:25,29.11,73.41,0.002,0.058,1
2026-04-26 10:32:30,29.01,73.04,-0.02,-0.074,1
2026-04-26 10:32:35,29.11,73.06,0.02,0.004,1
2026-04-26 10:32:40,29.02,73.42,-0.018,0.072,1
2026-04-26 10:32:45,28.97,73.22,-0.01,-0.04,1
2026-04-26 10:32:50,29.02,73.95,0.01,0.146,1
2026-04-26 10:32:55,29.26,73.7,0.048,-0.05,1
2026-04-26 10:33:00,29.07,72.89,-0.038,-0.162,1
2026-04-26 10:33:05,29.13,73.5,0.012,0.122,1
2026-04-26 10:33:10,29.19,73.58,0.012,0.016,1
2026-04-26 10:33:15,28.97,73.63,-0.044,0.01,1
2026-04-26 10:33:20,29.14,73.07,0.034,-0.112,0
2026-04-26 10:33:25,29.14,73.22,0.0,0.03,0
2026-04-26 10:33:30,29.12,73.4,-0.004,0.036,0
2026-04-26 10:33:35,29.13,73.45,0.002,0.01,0
2026-04-26 10:33:40,29.15,73.63,0.004,0.036,0
2026-04-26 10:33:45,29.15,73.64,0.0,0.002,0
2026-04-26 10:33:50,29.22,73.49,0.014,-0.03,0
2026-04-26 10:33:55,29.23,73.31,0.002,-0.036,0
2026-04-26 10:34:00,29.22,73.28,-0.002,-0.006,0
2026-04-26 10:34:05,29.26,73.66,0.008,0.076,0
2026-04-26 10:34:10,29.16,73.32,-0.02,-0.068,0
2026-04-26 10:34:15,29.23,73.51,0.014,0.038,0
2026-04-26 10:34:20,29.23,73.28,0.0,-0.046,0
2026-04-26 10:34:25,29.27,74.07,0.008,0.158,0
2026-04-26 10:34:30,29.16,73.75,-0.022,-0.064,0
2026-04-26 10:34:35,29.25,73.95,0.018,0.04,0
2026-04-26 10:34:40,29.27,73.64,0.004,-0.062,0
2026-04-26 10:34:45,29.3,73.82,0.006,0.036,0
2026-04-26 10:34:50,29.16,73.14,-0.028,-0.136,0
2026-04-26 10:34:55,29.43,72.89,0.054,-0.05,0
2026-04-26 10:35:00,29.43,72.86,0.0,-0.006,0
2026-04-26 10:35:05,29.29,72.66,-0.028,-0.04,0
2026-04-26 10:35:10,29.34,72.61,0.01,-0.01,0
2026-04-26 10:35:15,29.5,72.8,0.032,0.038,0
2026-04-26 10:35:20,29.55,72.83,0.01,0.006,0
2026-04-26 10:35:25,29.43,72.29,-0.024,-0.108,0
2026-04-26 10:35:30,29.52,73.18,0.018,0.178,0
2026-04-26 10:35:35,29.44,72.53,-0.016,-0.13,0
2026-04-26 10:35:40,29.45,72.49,0.002,-0.008,0
2026-04-26 10:35:45,29.33,72.27,-0.024,-0.044,0
2026-04-26 10:35:50,29.44,72.58,0.022,0.062,0
2026-04-26 10:35:55,29.45,72.82,0.002,0.048,0
2026-04-26 10:36:00,29.51,72.66,0.012,-0.032,0
2026-04-26 10:36:05,29.41,72.89,-0.02,0.046,0
2026-04-26 10:36:10,29.48,72.74,0.014,-0.03,0
2026-04-26 10:36:15,29.53,72.34,0.01,-0.08,0
2026-04-26 10:36:20,29.53,72.58,0.0,0.048,0
2026-04-26 10:36:25,29.57,72.44,0.008,-0.028,0
2026-04-26 10:36:30,29.42,72.76,-0.03,0.064,0
2026-04-26 10:36:35,29.49,72.8,0.014,0.008,0
2026-04-26 10:36:40,29.43,72.57,-0.012,-0.046,0
2026-04-26 10:36:45,29.49,72.07,0.012,-0.1,0
2026-04-26 10:36:50,29.57,72.9,0.016,0.166,0
2026-04-26 10:36:55,29.48,73.3,-0.018,0.08,0
2026-04-26 10:37:00,29.5,72.58,0.004,-0.144,0
2026-04-26 10:37:05,29.46,73.35,-0.008,0.154,1
2026-04-26 10:37:10,29.6,73.55,0.028,0.04,1
2026-04-26 10:37:15,29.48,73.53,-0.024,-0.004,1
2026-04-26 10:37:20,29.52,73.66,0.008,0.026,1
2026-04-26 10:37:25,29.49,73.48,-0.006,-0.036,1
2026-04-26 10:37:30,29.6,74.09,0.022,0.122,1
2026-04-26 10:37:35,29.6,74.3,0.0,0.042,1
2026-04-26 10:37:40,29.62,74.04,0.004,-0.052,1
2026-04-26 10:37:45,29.73,74.46,0.022,0.084,1
2026-04-26 10:37:50,29.66,74.81,-0.014,0.07,1
2026-04-26 10:37:55,29.76,74.68,0.02,-0.026,1
2026-04-26 10:38:00,29.71,74.84,-0.01,0.032,1
2026-04-26 10:38:05,29.82,75.1,0.022,0.052,1
2026-04-26 10:38:10,29.68,74.84,-0.028,-0.052,1
2026-04-26 10:38:15,29.72,74.77,0.008,-0.014,1
2026-04-26 10:38:20,29.62,75.56,-0.02,0.158,1
2026-04-26 10:38:25,29.69,76.14,0.014,0.116,1
2026-04-26 10:38:30,29.72,75.25,0.006,-0.178,1
2026-04-26 10:38:35,29.9,75.92,0.036,0.134,1
2026-04-26 10:38:40,29.89,75.95,-0.002,0.006,1
2026-04-26 10:38:45,29.62,76.14,-0.054,0.038,1
2026-04-26 10:38:50,29.75,76.03,0.026,-0.022,1
2026-04-26 10:38:55,29.76,76.71,0.002,0.136,1
2026-04-26 10:39:00,29.86,75.92,0.02,-0.158,1
2026-04-26 10:39:05,29.94,76.02,0.016,0.02,1
2026-04-26 10:39:10,29.81,76.26,-0.026,0.048,1
2026-04-26 10:39:15,28.63,70.85,-0.236,-1.082,0
2026-04-26 10:39:20,28.66,70.74,0.006,-0.022,0
2026-04-26 10:39:25,28.65,71.27,-0.002,0.106,0
2026-04-26 10:39:30,28.67,71.03,0.004,-0.048,0
2026-04-26 10:39:35,28.76,71.11,0.018,0.016,0
2026-04-26 10:39:40,28.79,71.25,0.006,0.028,0
2026-04-26 10:39:45,28.74,71.28,-0.01,0.006,0
2026-04-26 10:39:50,28.75,70.88,0.002,-0.08,0
2026-04-26 10:39:55,28.82,71.19,0.014,0.062,0
2026-04-26 10:40:00,28.68,71.62,-0.028,0.086,0
2026-04-26 10:40:05,28.71,70.72,0.006,-0.18,0
2026-04-26 10:40:10,28.7,71.15,-0.002,0.086,0
2026-04-26 10:40:15,28.87,71.05,0.034,-0.02,0
2026-04-26 10:40:20,28.64,70.59,-0.046,-0.092,0
2026-04-26 10:40:25,28.86,71.21,0.044,0.124,0
2026-04-26 10:40:30,28.81,71.54,-0.01,0.066,0
2026-04-26 10:40:35,28.71,71.59,-0.02,0.01,0
2026-04-26 10:40:40,28.65,71.15,-0.012,-0.088,0
2026-04-26 10:40:45,28.81,71.07,0.032,-0.016,0
2026-04-26 10:40:50,28.88,71.19,0.014,0.024,0
2026-04-26 10:40:55,28.97,71.17,0.018,-0.004,0
2026-04-26 10:41:00,28.7,71.18,-0.054,0.002,0
2026-04-26 10:41:05,28.84,71.48,0.028,0.06,0
2026-04-26 10:41:10,28.64,71.07,-0.04,-0.082,0
2026-04-26 10:41:15,28.78,70.93,0.028,-0.028,0
2026-04-26 10:41:20,28.72,70.81,-0.012,-0.024,0
2026-04-26 10:41:25,28.85,70.48,0.026,-0.066,0
2026-04-26 10:41:30,28.71,70.86,-0.028,0.076,0
2026-04-26 10:41:35,28.88,71.07,0.034,0.042,0
2026-04-26 10:41:40,28.62,70.52,-0.052,-0.11,0
2026-04-26 10:41:45,28.84,71.1,0.044,0.116,0
2026-04-26 10:41:50,28.62,71.22,-0.044,0.024,0
2026-04-26 10:41:55,28.69,70.89,0.014,-0.066,0
2026-04-26 10:42:00,28.77,71.1,0.016,0.042,0
2026-04-26 10:42:05,28.75,71.19,-0.004,0.018,0
2026-04-26 10:42:10,28.82,70.81,0.014,-0.076,0
2026-04-26 10:42:15,28.78,71.17,-0.008,0.072,0
2026-04-26 10:42:20,28.69,71.66,-0.018,0.098,0
2026-04-26 10:42:25,28.76,70.93,0.014,-0.146,0
2026-04-26 10:42:30,29.97,70.1,0.242,-0.166,2
2026-04-26 10:42:35,31.16,69.5,0.238,-0.12,2
2026-04-26 10:42:40,32.33,68.94,0.234,-0.112,2
2026-04-26 10:42:45,32.85,67.82,0.104,-0.224,2
2026-04-26 10:42:50,33.31,67.92,0.092,0.02,2
2026-04-26 10:42:55,33.58,67.01,0.054,-0.182,2
2026-04-26 10:43:00,33.73,67.22,0.03,0.042,2
2026-04-26 10:43:05,33.99,67.05,0.052,-0.034,2
2026-04-26 10:43:10,33.93,66.53,-0.012,-0.104,1
2026-04-26 10:43:15,34.14,66.46,0.042,-0.014,1
2026-04-26 10:43:20,34.2,65.62,0.012,-0.168,1
2026-04-26 10:43:25,34.34,65.57,0.028,-0.01,1
2026-04-26 10:43:30,34.48,65.65,0.028,0.016,1
2026-04-26 10:43:35,34.57,65.67,0.018,0.004,1
2026-04-26 10:43:40,34.55,65.38,-0.004,-0.058,1
2026-04-26 10:43:45,34.66,64.99,0.022,-0.078,1
2026-04-26 10:43:50,34.71,64.94,0.01,-0.01,1
2026-04-26 10:43:55,34.65,64.9,-0.012,-0.008,1
2026-04-26 10:44:00,29.36,71.43,-1.058,1.306,0
2026-04-26 10:44:05,29.3,71.09,-0.012,-0.068,0
2026-04-26 10:44:10,29.3,70.84,0.0,-0.05,0
2026-04-26 10:44:15,29.44,71.01,0.028,0.034,0
2026-04-26 10:44:20,29.43,71.62,-0.002,0.122,0
2026-04-26 10:44:25,29.37,70.99,-0.012,-0.126,0
2026-04-26 10:44:30,29.46,71.42,0.018,0.086,0
2026-04-26 10:44:35,29.35,71.91,-0.022,0.098,0
2026-04-26 10:44:40,29.4,71.17,0.01,-0.148,0
2026-04-26 10:44:45,29.54,71.85,0.028,0.136,0
2026-04-26 10:44:50,29.34,71.6,-0.04,-0.05,0
2026-04-26 10:44:55,29.5,71.21,0.032,-0.078,0
2026-04-26 10:45:00,29.38,71.06,-0.024,-0.03,0
2026-04-26 10:45:05,29.37,71.15,-0.002,0.018,0
2026-04-26 10:45:10,29.52,71.3,0.03,0.03,0
2026-04-26 10:45:15,29.36,71.56,-0.032,0.052,0
2026-04-26 10:45:20,29.57,71.06,0.042,-0.1,0
2026-04-26 10:45:25,29.36,71.37,-0.042,0.062,0
2026-04-26 10:45:30,29.43,71.4,0.014,0.006,0
2026-04-26 10:45:35,29.41,71.69,-0.004,0.058,0
2026-04-26 10:45:40,29.42,71.44,0.002,-0.05,0
2026-04-26 10:45:45,29.62,71.03,0.04,-0.082,0
2026-04-26 10:45:50,29.52,71.97,-0.02,0.188,0
2026-04-26 10:45:55,29.5,71.34,-0.004,-0.126,0
2026-04-26 10:46:00,29.46,71.21,-0.008,-0.026,0
2026-04-26 10:46:05,29.2,71.58,-0.052,0.074,0
2026-04-26 10:46:10,29.42,71.82,0.044,0.048,0
2026-04-26 10:46:15,29.32,71.31,-0.02,-0.102,0
2026-04-26 10:46:20,29.46,71.56,0.028,0.05,0
2026-04-26 10:46:25,29.57,71.45,0.022,-0.022,0
2026-04-26 10:46:30,29.34,71.5,-0.046,0.01,0
2026-04-26 10:46:35,29.35,71.44,0.002,-0.012,0
2026-04-26 10:46:40,29.4,71.62,0.01,0.036,0
2026-04-26 10:46:45,29.56,71.77,0.032,0.03,0
2026-04-26 10:46:50,32.93,67.49,0.674,-0.856,2
2026-04-26 10:46:55,35.5,65.02,0.514,-0.494,2
2026-04-26 10:47:00,37.2,63.34,0.34,-0.336,2
2026-04-26 10:47:05,38.27,61.59,0.214,-0.35,2
2026-04-26 10:47:10,38.83,61.07,0.112,-0.104,2
2026-04-26 10:47:15,39.02,60.24,0.038,-0.166,2
2026-04-26 10:47:20,39.12,59.3,0.02,-0.188,2
2026-04-26 10:47:25,39.36,59.59,0.048,0.058,2
2026-04-26 10:47:30,39.28,59.01,-0.016,-0.116,2
2026-04-26 10:47:35,39.27,59.12,-0.002,0.022,2
2026-04-26 10:47:40,39.27,59.07,0.0,-0.01,2
2026-04-26 10:47:45,39.23,58.88,-0.008,-0.038,2
2026-04-26 10:47:50,39.42,58.37,0.038,-0.102,1
2026-04-26 10:47:55,39.57,58.61,0.03,0.048,1
2026-04-26 10:48:00,39.82,58.21,0.05,-0.08,1
2026-04-26 10:48:05,39.91,57.39,0.018,-0.164,1
2026-04-26 10:48:10,39.97,57.45,0.012,0.012,1
2026-04-26 10:48:15,39.98,57.89,0.002,0.088,1
2026-04-26 10:48:20,39.87,57.75,-0.022,-0.028,1
2026-04-26 10:48:25,39.9,57.61,0.006,-0.028,1
2026-04-26 10:48:30,40.17,57.71,0.054,0.02,1
2026-04-26 10:48:35,40.05,57.65,-0.024,-0.012,1
2026-04-26 10:48:40,40.0,57.41,-0.01,-0.048,1
2026-04-26 10:48:45,40.01,57.1,0.002,-0.062,1
2026-04-26 10:48:50,40.06,57.48,0.01,0.076,1
2026-04-26 10:48:55,40.21,57.07,0.03,-0.082,1
2026-04-26 10:49:00,40.11,56.95,-0.02,-0.024,1
2026-04-26 10:49:05,39.97,57.4,-0.028,0.09,1
2026-04-26 10:49:10,28.73,71.2,-2.248,2.76,0
2026-04-26 10:49:15,28.67,71.36,-0.012,0.032,0
2026-04-26 10:49:20,28.57,71.44,-0.02,0.016,0
2026-04-26 10:49:25,28.58,71.66,0.002,0.044,0
2026-04-26 10:49:30,28.68,71.41,0.02,-0.05,0
2026-04-26 10:49:35,28.63,71.83,-0.01,0.084,0
2026-04-26 10:49:40,28.68,71.42,0.01,-0.082,0
2026-04-26 10:49:45,28.74,71.8,0.012,0.076,0
2026-04-26 10:49:50,28.71,71.58,-0.006,-0.044,0
2026-04-26 10:49:55,28.64,71.35,-0.014,-0.046,0
2026-04-26 10:50:00,28.8,71.31,0.032,-0.008,0
2026-04-26 10:50:05,28.73,71.37,-0.014,0.012,0
2026-04-26 10:50:10,28.76,71.85,0.006,0.096,0
2026-04-26 10:50:15,28.79,71.33,0.006,-0.104,0
2026-04-26 10:50:20,28.8,71.62,0.002,0.058,0
2026-04-26 10:50:25,28.77,71.49,-0.006,-0.026,0
2026-04-26 10:50:30,28.78,71.37,0.002,-0.024,0
2026-04-26 10:50:35,28.63,71.49,-0.03,0.024,0
2026-04-26 10:50:40,28.83,71.38,0.04,-0.022,0
2026-04-26 10:50:45,28.73,71.48,-0.02,0.02,0
2026-04-26 10:50:50,28.88,71.49,0.03,0.002,0
2026-04-26 10:50:55,28.8,71.13,-0.016,-0.072,0
2026-04-26 10:51:00,28.74,71.76,-0.012,0.126,0
2026-04-26 10:51:05,28.74,71.15,0.0,-0.122,0
2026-04-26 10:51:10,28.69,71.24,-0.01,0.018,0
2026-04-26 10:51:15,28.8,71.26,0.022,0.004,0
2026-04-26 10:51:20,28.81,71.55,0.002,0.058,0
2026-04-26 10:51:25,28.69,71.29,-0.024,-0.052,0
2026-04-26 10:51:30,28.7,71.31,0.002,0.004,0
2026-04-26 10:51:35,28.69,71.63,-0.002,0.064,0
2026-04-26 10:51:40,28.77,71.63,0.016,0.0,0
2026-04-26 10:51:45,28.86,71.39,0.018,-0.048,0
2026-04-26 10:51:50,28.75,71.54,-0.022,0.03,0
2026-04-26 10:51:55,28.79,71.07,0.008,-0.094,0
2026-04-26 10:52:00,28.82,71.13,0.006,0.012,0
2026-04-26 10:52:05,28.78,71.9,-0.008,0.154,0
2026-04-26 10:52:10,28.77,71.51,-0.002,-0.078,0
2026-04-26 10:52:15,29.02,71.57,0.05,0.012,0
2026-04-26 10:52:20,28.8,71.08,-0.044,-0.098,0
2026-04-26 10:52:25,28.68,71.25,-0.024,0.034,0
2026-04-26 10:52:30,28.7,70.98,0.004,-0.054,0
2026-04-26 10:52:35,28.65,71.35,-0.01,0.074,0
2026-04-26 10:52:40,28.79,71.17,0.028,-0.036,0
2026-04-26 10:52:45,29.87,70.17,0.216,-0.2,2
2026-04-26 10:52:50,31.21,69.08,0.268,-0.218,2
2026-04-26 10:52:55,32.36,68.2,0.23,-0.176,2
2026-04-26 10:53:00,32.93,67.01,0.114,-0.238,2
2026-04-26 10:53:05,33.37,66.59,0.088,-0.084,2
2026-04-26 10:53:10,33.74,66.24,0.074,-0.07,2
2026-04-26 10:53:15,33.94,66.11,0.04,-0.026,2
2026-04-26 10:53:20,33.92,65.63,-0.004,-0.096,2
2026-04-26 10:53:25,33.85,65.03,-0.014,-0.12,2
2026-04-26 10:53:30,33.89,65.57,0.008,0.108,2
2026-04-26 10:53:35,33.88,65.07,-0.002,-0.1,2
2026-04-26 10:53:40,33.95,64.27,0.014,-0.16,2
2026-04-26 10:53:45,33.87,64.51,-0.016,0.048,1
2026-04-26 10:53:50,34.11,64.38,0.048,-0.026,1
2026-04-26 10:53:55,34.25,63.56,0.028,-0.164,1
2026-04-26 10:54:00,34.52,63.59,0.054,0.006,1
2026-04-26 10:54:05,34.49,63.54,-0.006,-0.01,1
2026-04-26 10:54:10,34.48,63.49,-0.002,-0.01,1
2026-04-26 10:54:15,34.6,63.16,0.024,-0.066,1
2026-04-26 10:54:20,34.57,63.19,-0.006,0.006,1
2026-04-26 10:54:25,34.78,63.19,0.042,0.0,1
2026-04-26 10:54:30,34.64,63.12,-0.028,-0.014,1
2026-04-26 10:54:35,29.02,73.5,-1.124,2.076,0
2026-04-26 10:54:40,29.02,74.11,0.0,0.122,0
2026-04-26 10:54:45,28.96,74.21,-0.012,0.02,0
2026-04-26 10:54:50,28.82,74.07,-0.028,-0.028,0
2026-04-26 10:54:55,29.03,74.19,0.042,0.024,0
2026-04-26 10:55:00,28.96,73.83,-0.014,-0.072,0
2026-04-26 10:55:05,29.01,74.35,0.01,0.104,0
2026-04-26 10:55:10,28.94,74.03,-0.014,-0.064,0
2026-04-26 10:55:15,29.03,74.1,0.018,0.014,0
2026-04-26 10:55:20,29.0,74.6,-0.006,0.1,0
2026-04-26 10:55:25,28.88,73.94,-0.024,-0.132,0
2026-04-26 10:55:30,28.96,74.52,0.016,0.116,0
2026-04-26 10:55:35,28.96,74.03,0.0,-0.098,0
2026-04-26 10:55:40,29.07,74.45,0.022,0.084,0
2026-04-26 10:55:45,29.02,74.56,-0.01,0.022,0
2026-04-26 10:55:50,29.05,73.82,0.006,-0.148,0
2026-04-26 10:55:55,29.02,73.74,-0.006,-0.016,0
2026-04-26 10:56:00,29.15,74.08,0.026,0.068,0
2026-04-26 10:56:05,29.1,74.15,-0.01,0.014,0
2026-04-26 10:56:10,28.95,74.14,-0.03,-0.002,0
2026-04-26 10:56:15,28.98,74.52,0.006,0.076,0
2026-04-26 10:56:20,29.14,74.42,0.032,-0.02,0
2026-04-26 10:56:25,29.08,74.52,-0.012,0.02,0
2026-04-26 10:56:30,28.97,74.07,-0.022,-0.09,0
2026-04-26 10:56:35,28.95,74.68,-0.004,0.122,0
2026-04-26 10:56:40,29.05,74.52,0.02,-0.032,0
2026-04-26 10:56:45,28.99,74.82,-0.012,0.06,0
2026-04-26 10:56:50,28.97,74.36,-0.004,-0.092,0
2026-04-26 10:56:55,29.02,74.33,0.01,-0.006,0
2026-04-26 10:57:00,29.1,74.52,0.016,0.038,0
2026-04-26 10:57:05,29.15,73.79,0.01,-0.146,0
2026-04-26 10:57:10,29.06,74.27,-0.018,0.096,0
2026-04-26 10:57:15,28.96,74.33,-0.02,0.012,0
2026-04-26 10:57:20,28.95,73.77,-0.002,-0.112,0
2026-04-26 10:57:25,29.04,73.6,0.018,-0.034,0
2026-04-26 10:57:30,28.96,73.83,-0.016,0.046,0
2026-04-26 10:57:35,29.05,74.14,0.018,0.062,0
2026-04-26 10:57:40,29.14,74.13,0.018,-0.002,0
2026-04-26 10:57:45,28.99,74.51,-0.03,0.076,1
2026-04-26 10:57:50,29.16,75.53,0.034,0.204,1
2026-04-26 10:57:55,29.15,75.69,-0.002,0.032,1
2026-04-26 10:58:00,29.01,75.83,-0.028,0.028,1
2026-04-26 10:58:05,29.1,76.26,0.018,0.086,1
2026-04-26 10:58:10,29.11,76.47,0.002,0.042,1
2026-04-26 10:58:15,29.08,76.7,-0.006,0.046,1
2026-04-26 10:58:20,29.22,76.26,0.028,-0.088,1
2026-04-26 10:58:25,29.01,76.85,-0.042,0.118,1
2026-04-26 10:58:30,29.13,77.51,0.024,0.132,1
2026-04-26 10:58:35,29.22,77.21,0.018,-0.06,1
2026-04-26 10:58:40,29.15,76.91,-0.014,-0.06,1
2026-04-26 10:58:45,29.13,77.22,-0.004,0.062,1
2026-04-26 10:58:50,29.2,77.51,0.014,0.058,1
2026-04-26 10:58:55,29.32,77.66,0.024,0.03,1
2026-04-26 10:59:00,29.22,77.54,-0.02,-0.024,1
2026-04-26 10:59:05,29.37,77.27,0.03,-0.054,1
2026-04-26 10:59:10,29.31,77.99,-0.012,0.144,1
2026-04-26 10:59:15,29.28,77.61,-0.006,-0.076,1
2026-04-26 10:59:20,29.17,77.68,-0.022,0.014,1
2026-04-26 10:59:25,29.34,77.56,0.034,-0.024,1
2026-04-26 10:59:30,29.11,77.86,-0.046,0.06,1
2026-04-26 10:59:35,29.38,77.51,0.054,-0.07,1
2026-04-26 10:59:40,29.23,77.56,-0.03,0.01,1
2026-04-26 10:59:45,29.26,77.8,0.006,0.048,1
2026-04-26 10:59:50,29.37,77.68,0.022,-0.024,1
2026-04-26 10:59:55,28.59,74.99,-0.156,-0.538,0
2026-04-26 11:00:00,28.55,74.7,-0.008,-0.058,0
2026-04-26 11:00:05,28.66,74.89,0.022,0.038,0
2026-04-26 11:00:10,28.61,74.5,-0.01,-0.078,0
2026-04-26 11:00:15,28.62,74.49,0.002,-0.002,0
2026-04-26 11:00:20,28.59,74.63,-0.006,0.028,0
2026-04-26 11:00:25,28.68,74.66,0.018,0.006,0
2026-04-26 11:00:30,28.61,75.25,-0.014,0.118,0
2026-04-26 11:00:35,28.62,74.66,0.002,-0.118,0
2026-04-26 11:00:40,28.56,74.65,-0.012,-0.002,0
2026-04-26 11:00:45,28.6,74.8,0.008,0.03,0
2026-04-26 11:00:50,28.55,74.41,-0.01,-0.078,0
2026-04-26 11:00:55,28.61,75.18,0.012,0.154,0
2026-04-26 11:01:00,28.75,75.23,0.028,0.01,0
2026-04-26 11:01:05,28.6,74.78,-0.03,-0.09,0
2026-04-26 11:01:10,28.68,74.95,0.016,0.034,0
2026-04-26 11:01:15,28.7,74.38,0.004,-0.114,0
2026-04-26 11:01:20,28.65,74.65,-0.01,0.054,0
2026-04-26 11:01:25,28.57,74.13,-0.016,-0.104,0
2026-04-26 11:01:30,28.67,74.38,0.02,0.05,0
2026-04-26 11:01:35,28.83,74.77,0.032,0.078,0
2026-04-26 11:01:40,28.68,74.83,-0.03,0.012,0
2026-04-26 11:01:45,28.64,74.52,-0.008,-0.062,0
2026-04-26 11:01:50,28.65,74.69,0.002,0.034,0
2026-04-26 11:01:55,28.82,75.02,0.034,0.066,0
2026-04-26 11:02:00,28.64,74.61,-0.036,-0.082,0
2026-04-26 11:02:05,28.7,74.79,0.012,0.036,0
2026-04-26 11:02:10,28.67,74.85,-0.006,0.012,0
2026-04-26 11:02:15,28.73,74.7,0.012,-0.03,0
2026-04-26 11:02:20,28.71,75.09,-0.004,0.078,0
2026-04-26 11:02:25,28.63,74.67,-0.016,-0.084,0
2026-04-26 11:02:30,28.81,74.83,0.036,0.032,0
2026-04-26 11:02:35,28.65,75.02,-0.032,0.038,0
2026-04-26 11:02:40,28.81,74.77,0.032,-0.05,0
2026-04-26 11:02:45,28.72,74.68,-0.018,-0.018,0
2026-04-26 11:02:50,30.05,73.42,0.266,-0.252,2
2026-04-26 11:02:55,31.39,72.73,0.268,-0.138,2
2026-04-26 11:03:00,32.4,71.13,0.202,-0.32,2
2026-04-26 11:03:05,32.97,71.11,0.114,-0.004,2
2026-04-26 11:03:10,33.49,70.49,0.104,-0.124,2
2026-04-26 11:03:15,33.68,69.53,0.038,-0.192,2
2026-04-26 11:03:20,34.11,69.76,0.086,0.046,2
2026-04-26 11:03:25,34.22,69.24,0.022,-0.104,1
2026-04-26 11:03:30,34.43,68.97,0.042,-0.054,1
2026-04-26 11:03:35,34.58,68.55,0.03,-0.084,1
2026-04-26 11:03:40,34.74,68.49,0.032,-0.012,1
2026-04-26 11:03:45,34.96,68.3,0.044,-0.038,1
2026-04-26 11:03:50,34.98,67.61,0.004,-0.138,1
2026-04-26 11:03:55,35.14,68.17,0.032,0.112,1
2026-04-26 11:04:00,35.03,67.69,-0.022,-0.096,1
2026-04-26 11:04:05,35.07,67.64,0.008,-0.01,1
2026-04-26 11:04:10,35.15,66.94,0.016,-0.14,1
2026-04-26 11:04:15,35.14,67.37,-0.002,0.086,1
2026-04-26 11:04:20,35.17,67.07,0.006,-0.06,1
2026-04-26 11:04:25,35.2,67.25,0.006,0.036,1
2026-04-26 11:04:30,29.13,69.87,-1.214,0.524,0
2026-04-26 11:04:35,29.28,70.19,0.03,0.064,0
2026-04-26 11:04:40,29.25,69.87,-0.006,-0.064,0
2026-04-26 11:04:45,29.15,70.08,-0.02,0.042,0
2026-04-26 11:04:50,29.12,70.57,-0.006,0.098,0
2026-04-26 11:04:55,29.38,69.68,0.052,-0.178,0
2026-04-26 11:05:00,29.23,70.25,-0.03,0.114,0
2026-04-26 11:05:05,29.26,70.59,0.006,0.068,0
2026-04-26 11:05:10,29.29,69.92,0.006,-0.134,0
2026-04-26 11:05:15,29.28,69.75,-0.002,-0.034,0
2026-04-26 11:05:20,29.34,69.95,0.012,0.04,0
2026-04-26 11:05:25,29.28,69.98,-0.012,0.006,0
2026-04-26 11:05:30,29.28,69.79,0.0,-0.038,0
2026-04-26 11:05:35,29.36,69.68,0.016,-0.022,0
2026-04-26 11:05:40,29.38,69.61,0.004,-0.014,0
2026-04-26 11:05:45,29.23,69.87,-0.03,0.052,0
2026-04-26 11:05:50,29.32,69.84,0.018,-0.006,0
2026-04-26 11:05:55,29.29,69.35,-0.006,-0.098,0
2026-04-26 11:06:00,29.31,69.55,0.004,0.04,0
2026-04-26 11:06:05,29.34,69.93,0.006,0.076,0
2026-04-26 11:06:10,29.27,69.89,-0.014,-0.008,0
2026-04-26 11:06:15,29.35,70.09,0.016,0.04,0
2026-04-26 11:06:20,29.29,69.99,-0.012,-0.02,0
2026-04-26 11:06:25,29.23,69.25,-0.012,-0.148,0
2026-04-26 11:06:30,29.33,69.81,0.02,0.112,0
2026-04-26 11:06:35,29.3,69.89,-0.006,0.016,0
2026-04-26 11:06:40,29.23,70.06,-0.014,0.034,0
2026-04-26 11:06:45,29.38,70.1,0.03,0.008,0
2026-04-26 11:06:50,29.31,69.67,-0.014,-0.086,0
2026-04-26 11:06:55,29.25,70.0,-0.012,0.066,0
2026-04-26 11:07:00,29.34,69.86,0.018,-0.028,0
2026-04-26 11:07:05,29.38,69.81,0.008,-0.01,0
2026-04-26 11:07:10,29.41,69.39,0.006,-0.084,0
2026-04-26 11:07:15,29.32,69.78,-0.018,0.078,0
2026-04-26 11:07:20,29.26,69.61,-0.012,-0.034,0
2026-04-26 11:07:25,29.34,69.71,0.016,0.02,0
2026-04-26 11:07:30,29.4,69.23,0.012,-0.096,0
2026-04-26 11:07:35,29.35,69.43,-0.01,0.04,0
2026-04-26 11:07:40,29.35,69.87,0.0,0.088,0
2026-04-26 11:07:45,29.31,69.7,-0.008,-0.034,0
2026-04-26 11:07:50,29.44,69.57,0.026,-0.026,0
2026-04-26 11:07:55,29.2,70.05,-0.048,0.096,0
2026-04-26 11:08:00,29.21,69.57,0.002,-0.096,0
2026-04-26 11:08:05,29.3,69.55,0.018,-0.004,0
2026-04-26 11:08:10,29.36,69.42,0.012,-0.026,0
2026-04-26 11:08:15,29.27,69.43,-0.018,0.002,0
2026-04-26 11:08:20,29.32,69.78,0.01,0.07,0
2026-04-26 11:08:25,29.32,70.0,0.0,0.044,0
2026-04-26 11:08:30,29.36,69.9,0.008,-0.02,0
2026-04-26 11:08:35,31.04,68.37,0.336,-0.306,2
2026-04-26 11:08:40,32.42,68.01,0.276,-0.072,2
2026-04-26 11:08:45,33.65,67.34,0.246,-0.134,2
2026-04-26 11:08:50,34.45,66.34,0.16,-0.2,2
2026-04-26 11:08:55,34.95,66.11,0.1,-0.046,2
2026-04-26 11:09:00,35.33,65.96,0.076,-0.03,2
2026-04-26 11:09:05,35.35,65.6,0.004,-0.072,2
2026-04-26 11:09:10,35.4,65.19,0.01,-0.082,2
2026-04-26 11:09:15,35.42,65.22,0.004,0.006,2
2026-04-26 11:09:20,35.45,64.22,0.006,-0.2,2
2026-04-26 11:09:25,35.51,64.78,0.012,0.112,2
2026-04-26 11:09:30,35.41,64.82,-0.02,0.008,2
2026-04-26 11:09:35,35.68,64.89,0.054,0.014,2
2026-04-26 11:09:40,35.77,65.04,0.018,0.03,2
2026-04-26 11:09:45,35.64,64.78,-0.026,-0.052,2
2026-04-26 11:09:50,35.92,64.61,0.056,-0.034,1
2026-04-26 11:09:55,36.23,63.98,0.062,-0.126,1
2026-04-26 11:10:00,36.46,63.64,0.046,-0.068,1
2026-04-26 11:10:05,36.45,63.52,-0.002,-0.024,1
2026-04-26 11:10:10,36.72,63.44,0.054,-0.016,1
2026-04-26 11:10:15,36.85,63.5,0.026,0.012,1
2026-04-26 11:10:20,36.76,63.02,-0.018,-0.096,1
2026-04-26 11:10:25,36.88,63.03,0.024,0.002,1
2026-04-26 11:10:30,36.92,62.45,0.008,-0.116,1
2026-04-26 11:10:35,36.78,62.97,-0.028,0.104,1
2026-04-26 11:10:40,36.8,63.34,0.004,0.074,1
2026-04-26 11:10:45,36.91,62.67,0.022,-0.134,1
2026-04-26 11:10:50,37.07,62.86,0.032,0.038,1
2026-04-26 11:10:55,36.86,62.44,-0.042,-0.084,1
2026-04-26 11:11:00,36.77,62.33,-0.018,-0.022,1
2026-04-26 11:11:05,36.91,62.61,0.028,0.056,1
2026-04-26 11:11:10,36.9,61.96,-0.002,-0.13,1
2026-04-26 11:11:15,36.83,62.38,-0.014,0.084,1
2026-04-26 11:11:20,36.84,62.35,0.002,-0.006,1
2026-04-26 11:11:25,29.09,73.5,-1.55,2.23,0
2026-04-26 11:11:30,28.97,72.92,-0.024,-0.116,0
2026-04-26 11:11:35,28.99,73.25,0.004,0.066,0
2026-04-26 11:11:40,29.14,73.58,0.03,0.066,0
2026-04-26 11:11:45,29.07,73.57,-0.014,-0.002,0
2026-04-26 11:11:50,29.09,73.55,0.004,-0.004,0
2026-04-26 11:11:55,29.14,73.47,0.01,-0.016,0
2026-04-26 11:12:00,29.01,72.83,-0.026,-0.128,0
2026-04-26 11:12:05,29.14,73.29,0.026,0.092,0
2026-04-26 11:12:10,29.13,73.35,-0.002,0.012,0
2026-04-26 11:12:15,29.22,73.7,0.018,0.07,0
2026-04-26 11:12:20,29.05,73.55,-0.034,-0.03,0
2026-04-26 11:12:25,29.21,73.41,0.032,-0.028,0
2026-04-26 11:12:30,29.18,73.46,-0.006,0.01,0
2026-04-26 11:12:35,29.16,73.41,-0.004,-0.01,0
2026-04-26 11:12:40,29.03,73.57,-0.026,0.032,0
2026-04-26 11:12:45,29.28,73.75,0.05,0.036,0
2026-04-26 11:12:50,28.98,73.65,-0.06,-0.02,0
2026-04-26 11:12:55,29.13,73.33,0.03,-0.064,0
2026-04-26 11:13:00,29.12,73.27,-0.002,-0.012,0
2026-04-26 11:13:05,29.07,73.84,-0.01,0.114,0
2026-04-26 11:13:10,29.12,72.83,0.01,-0.202,0
2026-04-26 11:13:15,29.15,73.66,0.006,0.166,0
2026-04-26 11:13:20,29.19,73.31,0.008,-0.07,0
2026-04-26 11:13:25,29.23,73.28,0.008,-0.006,0
2026-04-26 11:13:30,29.02,73.46,-0.042,0.036,0
2026-04-26 11:13:35,31.02,71.15,0.4,-0.462,2
2026-04-26 11:13:40,32.44,70.05,0.284,-0.22,2
2026-04-26 11:13:45,33.55,68.76,0.222,-0.258,2
2026-04-26 11:13:50,34.44,67.82,0.178,-0.188,2
2026-04-26 11:13:55,35.01,67.18,0.114,-0.128,2
2026-04-26 11:14:00,35.31,66.5,0.06,-0.136,2
2026-04-26 11:14:05,35.74,65.66,0.086,-0.168,2
2026-04-26 11:14:10,35.72,65.67,-0.004,0.002,2
2026-04-26 11:14:15,35.83,65.53,0.022,-0.028,2
2026-04-26 11:14:20,35.92,65.13,0.018,-0.08,2
2026-04-26 11:14:25,36.08,64.61,0.032,-0.104,2
2026-04-26 11:14:30,35.97,64.54,-0.022,-0.014,2
2026-04-26 11:14:35,36.03,64.3,0.012,-0.048,2
2026-04-26 11:14:40,36.26,64.13,0.046,-0.034,1
2026-04-26 11:14:45,36.36,63.84,0.02,-0.058,1
2026-04-26 11:14:50,36.6,63.3,0.048,-0.108,1
2026-04-26 11:14:55,36.83,63.45,0.046,0.03,1
2026-04-26 11:15:00,37.06,63.3,0.046,-0.03,1
2026-04-26 11:15:05,37.08,63.54,0.004,0.048,1
2026-04-26 11:15:10,37.12,62.93,0.008,-0.122,1
2026-04-26 11:15:15,37.2,63.23,0.016,0.06,1
2026-04-26 11:15:20,37.18,62.85,-0.004,-0.076,1
2026-04-26 11:15:25,37.37,63.1,0.038,0.05,1
2026-04-26 11:15:30,37.22,62.69,-0.03,-0.082,1
2026-04-26 11:15:35,37.34,62.65,0.024,-0.008,1
2026-04-26 11:15:40,37.29,62.57,-0.01,-0.016,1
2026-04-26 11:15:45,37.47,62.52,0.036,-0.01,1
2026-04-26 11:15:50,37.32,62.57,-0.03,0.01,1
2026-04-26 11:15:55,37.18,62.49,-0.028,-0.016,1
2026-04-26 11:16:00,29.55,70.29,-1.526,1.56,0
2026-04-26 11:16:05,29.47,69.84,-0.016,-0.09,0
2026-04-26 11:16:10,29.43,70.02,-0.008,0.036,0
2026-04-26 11:16:15,29.53,70.71,0.02,0.138,0
2026-04-26 11:16:20,29.47,70.46,-0.012,-0.05,0
2026-04-26 11:16:25,29.49,70.31,0.004,-0.03,0
2026-04-26 11:16:30,29.4,70.32,-0.018,0.002,0
2026-04-26 11:16:35,29.59,70.9,0.038,0.116,0
2026-04-26 11:16:40,29.52,70.64,-0.014,-0.052,0
2026-04-26 11:16:45,29.6,70.36,0.016,-0.056,0
2026-04-26 11:16:50,29.62,70.84,0.004,0.096,0
2026-04-26 11:16:55,29.69,70.89,0.014,0.01,0
2026-04-26 11:17:00,29.62,70.79,-0.014,-0.02,0
2026-04-26 11:17:05,29.7,70.29,0.016,-0.1,0
2026-04-26 11:17:10,29.57,70.48,-0.026,0.038,0
2026-04-26 11:17:15,29.45,70.68,-0.024,0.04,0
2026-04-26 11:17:20,29.55,70.84,0.02,0.032,0
2026-04-26 11:17:25,29.58,70.66,0.006,-0.036,0
2026-04-26 11:17:30,29.63,70.49,0.01,-0.034,0
2026-04-26 11:17:35,29.62,70.74,-0.002,0.05,0
2026-04-26 11:17:40,29.58,70.92,-0.008,0.036,0
2026-04-26 11:17:45,29.58,70.15,0.0,-0.154,0
2026-04-26 11:17:50,29.51,70.94,-0.014,0.158,0
2026-04-26 11:17:55,29.55,70.65,0.008,-0.058,0
2026-04-26 11:18:00,29.5,70.55,-0.01,-0.02,0
2026-04-26 11:18:05,29.48,70.88,-0.004,0.066,0
2026-04-26 11:18:10,29.53,70.38,0.01,-0.1,0
2026-04-26 11:18:15,29.67,70.72,0.028,0.068,0
2026-04-26 11:18:20,29.64,70.86,-0.006,0.028,0
2026-04-26 11:18:25,29.61,70.97,-0.006,0.022,0
2026-04-26 11:18:30,29.45,70.43,-0.032,-0.108,0
2026-04-26 11:18:35,29.6,71.01,0.03,0.116,0
2026-04-26 11:18:40,29.56,70.49,-0.008,-0.104,0
2026-04-26 11:18:45,29.77,70.46,0.042,-0.006,0
2026-04-26 11:18:50,29.53,70.95,-0.048,0.098,0
2026-04-26 11:18:55,29.63,70.67,0.02,-0.056,0
2026-04-26 11:19:00,29.52,70.53,-0.022,-0.028,0
2026-04-26 11:19:05,29.59,70.62,0.014,0.018,0
2026-04-26 11:19:10,29.6,70.69,0.002,0.014,0
2026-04-26 11:19:15,29.6,70.63,0.0,-0.012,0
2026-04-26 11:19:20,29.56,70.64,-0.008,0.002,0
2026-04-26 11:19:25,29.43,70.48,-0.026,-0.032,0
2026-04-26 11:19:30,29.61,71.0,0.036,0.104,0
2026-04-26 11:19:35,29.69,71.02,0.016,0.004,0
2026-04-26 11:19:40,29.57,70.7,-0.024,-0.064,0
2026-04-26 11:19:45,29.6,70.97,0.006,0.054,0
2026-04-26 11:19:50,29.68,70.61,0.016,-0.072,0
2026-04-26 11:19:55,29.58,70.89,-0.02,0.056,0
2026-04-26 11:20:00,29.55,70.98,-0.006,0.018,0
2026-04-26 11:20:05,32.92,67.64,0.674,-0.668,2
2026-04-26 11:20:10,35.38,65.64,0.492,-0.4,2
2026-04-26 11:20:15,36.98,64.46,0.32,-0.236,2
2026-04-26 11:20:20,37.96,63.38,0.196,-0.216,2
2026-04-26 11:20:25,38.5,62.57,0.108,-0.162,2
2026-04-26 11:20:30,38.59,61.61,0.018,-0.192,2
2026-04-26 11:20:35,38.68,61.62,0.018,0.002,2
2026-04-26 11:20:40,38.9,61.36,0.044,-0.052,2
2026-04-26 11:20:45,38.86,61.44,-0.008,0.016,2
2026-04-26 11:20:50,38.93,60.98,0.014,-0.092,1
2026-04-26 11:20:55,39.06,60.82,0.026,-0.032,1
2026-04-26 11:21:00,39.36,60.13,0.06,-0.138,1
2026-04-26 11:21:05,39.45,60.63,0.018,0.1,1
2026-04-26 11:21:10,39.34,59.49,-0.022,-0.228,1
2026-04-26 11:21:15,39.47,59.39,0.026,-0.02,1
2026-04-26 11:21:20,39.49,59.63,0.004,0.048,1
2026-04-26 11:21:25,39.49,59.28,0.0,-0.07,1
2026-04-26 11:21:30,39.52,60.28,0.006,0.2,1
2026-04-26 11:21:35,39.34,59.55,-0.036,-0.146,1
2026-04-26 11:21:40,39.41,59.22,0.014,-0.066,1
2026-04-26 11:21:45,39.55,59.76,0.028,0.108,1
2026-04-26 11:21:50,29.09,70.46,-2.092,2.14,0
2026-04-26 11:21:55,29.02,70.06,-0.014,-0.08,0
2026-04-26 11:22:00,29.05,70.39,0.006,0.066,0
2026-04-26 11:22:05,29.24,70.16,0.038,-0.046,0
2026-04-26 11:22:10,29.19,70.87,-0.01,0.142,0
2026-04-26 11:22:15,29.21,70.01,0.004,-0.172,0
2026-04-26 11:22:20,29.2,70.32,-0.002,0.062,0
2026-04-26 11:22:25,29.19,70.34,-0.002,0.004,0
2026-04-26 11:22:30,29.34,70.75,0.03,0.082,0
2026-04-26 11:22:35,29.05,70.35,-0.058,-0.08,0
2026-04-26 11:22:40,29.2,70.45,0.03,0.02,0
2026-04-26 11:22:45,29.37,70.24,0.034,-0.042,0
2026-04-26 11:22:50,29.34,71.1,-0.006,0.172,0
2026-04-26 11:22:55,29.13,70.23,-0.042,-0.174,0
2026-04-26 11:23:00,29.28,70.4,0.03,0.034,0
2026-04-26 11:23:05,29.18,70.54,-0.02,0.028,0
2026-04-26 11:23:10,29.13,70.57,-0.01,0.006,0
2026-04-26 11:23:15,29.23,70.66,0.02,0.018,0
2026-04-26 11:23:20,29.28,70.32,0.01,-0.068,0
2026-04-26 11:23:25,29.21,71.01,-0.014,0.138,0
2026-04-26 11:23:30,29.3,70.58,0.018,-0.086,0
2026-04-26 11:23:35,29.26,70.42,-0.008,-0.032,0
2026-04-26 11:23:40,29.11,70.49,-0.03,0.014,0
2026-04-26 11:23:45,29.23,71.06,0.024,0.114,0
2026-04-26 11:23:50,29.34,71.06,0.022,0.0,0
2026-04-26 11:23:55,29.28,70.89,-0.012,-0.034,0
2026-04-26 11:24:00,29.24,70.88,-0.008,-0.002,0
2026-04-26 11:24:05,29.19,70.62,-0.01,-0.052,0
2026-04-26 11:24:10,29.23,70.68,0.008,0.012,0
2026-04-26 11:24:15,29.26,70.84,0.006,0.032,0
2026-04-26 11:24:20,29.39,70.22,0.026,-0.124,0
2026-04-26 11:24:25,29.4,70.88,0.002,0.132,0
2026-04-26 11:24:30,29.26,71.17,-0.028,0.058,0
2026-04-26 11:24:35,29.2,71.03,-0.012,-0.028,0
2026-04-26 11:24:40,29.21,70.71,0.002,-0.064,0
2026-04-26 11:24:45,29.26,70.62,0.01,-0.018,0
2026-04-26 11:24:50,29.23,70.95,-0.006,0.066,0
2026-04-26 11:24:55,29.38,70.79,0.03,-0.032,0
2026-04-26 11:25:00,29.24,70.68,-0.028,-0.022,0
2026-04-26 11:25:05,29.23,71.04,-0.002,0.072,0
2026-04-26 11:25:10,29.22,70.76,-0.002,-0.056,0
2026-04-26 11:25:15,29.24,71.21,0.004,0.09,0
2026-04-26 11:25:20,29.2,71.01,-0.008,-0.04,0
2026-04-26 11:25:25,29.25,70.45,0.01,-0.112,0
2026-04-26 11:25:30,29.29,70.65,0.008,0.04,0
2026-04-26 11:25:35,29.34,71.09,0.01,0.088,0
2026-04-26 11:25:40,29.3,71.11,-0.008,0.004,0
2026-04-26 11:25:45,31.2,69.27,0.38,-0.368,2
2026-04-26 11:25:50,32.87,67.93,0.334,-0.268,2
2026-04-26 11:25:55,34.4,66.25,0.306,-0.336,2
2026-04-26 11:26:00,35.15,65.49,0.15,-0.152,2
2026-04-26 11:26:05,35.86,64.83,0.142,-0.132,2
2026-04-26 11:26:10,36.14,64.79,0.056,-0.008,1
2026-04-26 11:26:15,36.37,64.28,0.046,-0.102,1
2026-04-26 11:26:20,36.55,63.52,0.036,-0.152,1
2026-04-26 11:26:25,36.78,63.64,0.046,0.024,1
2026-04-26 11:26:30,37.04,63.52,0.052,-0.024,1
2026-04-26 11:26:35,37.22,63.52,0.036,0.0,1
2026-04-26 11:26:40,37.26,62.61,0.008,-0.182,1
2026-04-26 11:26:45,37.25,63.53,-0.002,0.184,1
2026-04-26 11:26:50,37.32,63.2,0.014,-0.066,1
2026-04-26 11:26:55,37.28,62.84,-0.008,-0.072,1
2026-04-26 11:27:00,37.3,62.64,0.004,-0.04,1
2026-04-26 11:27:05,37.46,62.65,0.032,0.002,1
2026-04-26 11:27:10,37.35,62.63,-0.022,-0.004,1
2026-04-26 11:27:15,37.43,63.05,0.016,0.084,1
2026-04-26 11:27:20,37.4,62.94,-0.006,-0.022,1
2026-04-26 11:27:25,37.34,62.47,-0.012,-0.094,1
2026-04-26 11:27:30,29.5,73.48,-1.568,2.202,0
2026-04-26 11:27:35,29.42,73.9,-0.016,0.084,0
2026-04-26 11:27:40,29.56,73.67,0.028,-0.046,0
2026-04-26 11:27:45,29.48,73.67,-0.016,0.0,0
2026-04-26 11:27:50,29.42,73.95,-0.012,0.056,0
2026-04-26 11:27:55,29.47,73.52,0.01,-0.086,0
2026-04-26 11:28:00,29.51,73.37,0.008,-0.03,0
2026-04-26 11:28:05,29.47,74.11,-0.008,0.148,0
2026-04-26 11:28:10,29.64,73.51,0.034,-0.12,0
2026-04-26 11:28:15,29.57,73.28,-0.014,-0.046,0
2026-04-26 11:28:20,29.63,73.74,0.012,0.092,0
2026-04-26 11:28:25,29.62,73.64,-0.002,-0.02,0
2026-04-26 11:28:30,29.54,73.87,-0.016,0.046,0
2026-04-26 11:28:35,29.64,73.74,0.02,-0.026,0
2026-04-26 11:28:40,29.57,73.64,-0.014,-0.02,0
2026-04-26 11:28:45,29.59,73.81,0.004,0.034,0
2026-04-26 11:28:50,29.63,73.33,0.008,-0.096,0
2026-04-26 11:28:55,29.75,73.69,0.024,0.072,0
2026-04-26 11:29:00,29.67,73.55,-0.016,-0.028,0
2026-04-26 11:29:05,29.61,73.58,-0.012,0.006,0
2026-04-26 11:29:10,29.47,73.66,-0.028,0.016,0
2026-04-26 11:29:15,29.71,73.89,0.048,0.046,0
2026-04-26 11:29:20,29.64,74.0,-0.014,0.022,0
2026-04-26 11:29:25,29.73,73.6,0.018,-0.08,0
2026-04-26 11:29:30,29.7,73.3,-0.006,-0.06,0
2026-04-26 11:29:35,29.59,73.72,-0.022,0.084,0
2026-04-26 11:29:40,29.68,73.5,0.018,-0.044,0
2026-04-26 11:29:45,29.55,73.03,-0.026,-0.094,0
2026-04-26 11:29:50,29.59,73.93,0.008,0.18,0
2026-04-26 11:29:55,29.7,73.58,0.022,-0.07,0
2026-04-26 11:30:00,29.52,73.49,-0.036,-0.018,0
2026-04-26 11:30:05,29.55,73.15,0.006,-0.068,0
2026-04-26 11:30:10,29.54,73.51,-0.002,0.072,0
2026-04-26 11:30:15,29.51,74.18,-0.006,0.134,0
2026-04-26 11:30:20,29.52,73.32,0.002,-0.172,0
2026-04-26 11:30:25,29.55,73.87,0.006,0.11,0
2026-04-26 11:30:30,29.65,73.78,0.02,-0.018,0
2026-04-26 11:30:35,29.69,74.26,0.008,0.096,1
2026-04-26 11:30:40,29.77,74.98,0.016,0.144,1
2026-04-26 11:30:45,29.72,75.57,-0.01,0.118,1
2026-04-26 11:30:50,29.78,76.15,0.012,0.116,1
2026-04-26 11:30:55,29.81,76.39,0.006,0.048,1
2026-04-26 11:31:00,29.81,77.3,0.0,0.182,1
2026-04-26 11:31:05,29.84,77.45,0.006,0.03,1
2026-04-26 11:31:10,29.82,77.84,-0.004,0.078,1
2026-04-26 11:31:15,29.77,78.2,-0.01,0.072,1
2026-04-26 11:31:20,29.84,78.18,0.014,-0.004,1
2026-04-26 11:31:25,30.02,78.8,0.036,0.124,1
2026-04-26 11:31:30,29.95,78.57,-0.014,-0.046,1
2026-04-26 11:31:35,30.01,78.44,0.012,-0.026,1
2026-04-26 11:31:40,29.93,78.76,-0.016,0.064,1
2026-04-26 11:31:45,30.07,78.87,0.028,0.022,1
2026-04-26 11:31:50,29.91,78.45,-0.032,-0.084,1
2026-04-26 11:31:55,29.92,78.86,0.002,0.082,1
2026-04-26 11:32:00,30.05,79.12,0.026,0.052,1
2026-04-26 11:32:05,29.9,79.1,-0.03,-0.004,1
2026-04-26 11:32:10,29.87,79.35,-0.006,0.05,1
2026-04-26 11:32:15,30.05,79.51,0.036,0.032,1
2026-04-26 11:32:20,29.96,79.38,-0.018,-0.026,1
2026-04-26 11:32:25,29.85,78.72,-0.022,-0.132,1
2026-04-26 11:32:30,30.1,79.15,0.05,0.086,1
2026-04-26 11:32:35,28.75,71.98,-0.27,-1.434,0
2026-04-26 11:32:40,28.89,72.01,0.028,0.006,0
2026-04-26 11:32:45,28.79,72.2,-0.02,0.038,0
2026-04-26 11:32:50,28.87,71.82,0.016,-0.076,0
2026-04-26 11:32:55,28.7,71.88,-0.034,0.012,0
2026-04-26 11:33:00,28.82,71.74,0.024,-0.028,0
2026-04-26 11:33:05,28.77,71.84,-0.01,0.02,0
2026-04-26 11:33:10,28.87,71.88,0.02,0.008,0
2026-04-26 11:33:15,28.69,71.89,-0.036,0.002,0
2026-04-26 11:33:20,28.85,71.8,0.032,-0.018,0
2026-04-26 11:33:25,28.76,71.76,-0.018,-0.008,0
2026-04-26 11:33:30,28.74,71.59,-0.004,-0.034,0
2026-04-26 11:33:35,28.97,72.09,0.046,0.1,0
2026-04-26 11:33:40,28.93,71.37,-0.008,-0.144,0
2026-04-26 11:33:45,28.83,71.83,-0.02,0.092,0
2026-04-26 11:33:50,28.78,71.43,-0.01,-0.08,0
2026-04-26 11:33:55,28.89,71.62,0.022,0.038,0
2026-04-26 11:34:00,28.94,72.08,0.01,0.092,0
2026-04-26 11:34:05,28.87,71.65,-0.014,-0.086,0
2026-04-26 11:34:10,28.91,71.34,0.008,-0.062,0
2026-04-26 11:34:15,28.88,71.69,-0.006,0.07,0
2026-04-26 11:34:20,28.89,71.73,0.002,0.008,0
2026-04-26 11:34:25,28.77,71.63,-0.024,-0.02,0
2026-04-26 11:34:30,28.87,71.55,0.02,-0.016,0
2026-04-26 11:34:35,28.87,71.73,0.0,0.036,0
2026-04-26 11:34:40,28.69,71.56,-0.036,-0.034,0
2026-04-26 11:34:45,28.85,71.68,0.032,0.024,0
2026-04-26 11:34:50,28.91,71.79,0.012,0.022,0
2026-04-26 11:34:55,28.79,72.04,-0.024,0.05,0
2026-04-26 11:35:00,28.89,71.79,0.02,-0.05,0
2026-04-26 11:35:05,28.78,71.86,-0.022,0.014,0
2026-04-26 11:35:10,28.74,72.27,-0.008,0.082,0
2026-04-26 11:35:15,28.9,71.96,0.032,-0.062,0
2026-04-26 11:35:20,28.83,72.38,-0.014,0.084,1
2026-04-26 11:35:25,28.98,72.75,0.03,0.074,1
2026-04-26 11:35:30,28.96,72.55,-0.004,-0.04,1
2026-04-26 11:35:35,28.86,73.25,-0.02,0.14,1
2026-04-26 11:35:40,29.05,73.22,0.038,-0.006,1
2026-04-26 11:35:45,29.04,73.65,-0.002,0.086,1
2026-04-26 11:35:50,28.98,73.36,-0.012,-0.058,1
2026-04-26 11:35:55,29.03,73.52,0.01,0.032,1
2026-04-26 11:36:00,28.97,74.43,-0.012,0.182,1
2026-04-26 11:36:05,29.19,74.33,0.044,-0.02,1
2026-04-26 11:36:10,28.94,74.36,-0.05,0.006,1
2026-04-26 11:36:15,29.14,74.93,0.04,0.114,1
2026-04-26 11:36:20,29.13,74.94,-0.002,0.002,1
2026-04-26 11:36:25,29.06,74.67,-0.014,-0.054,1
2026-04-26 11:36:30,28.99,74.77,-0.014,0.02,1
2026-04-26 11:36:35,29.15,74.85,0.032,0.016,1
2026-04-26 11:36:40,29.17,75.19,0.004,0.068,1
2026-04-26 11:36:45,29.16,75.06,-0.002,-0.026,1
2026-04-26 11:36:50,29.24,74.99,0.016,-0.014,1
2026-04-26 11:36:55,29.2,75.05,-0.008,0.012,1
2026-04-26 11:37:00,29.19,75.23,-0.002,0.036,1
2026-04-26 11:37:05,29.26,75.54,0.014,0.062,1
2026-04-26 11:37:10,29.09,75.97,-0.034,0.086,1
2026-04-26 11:37:15,29.15,74.71,0.012,-0.252,0
2026-04-26 11:37:20,29.24,74.32,0.018,-0.078,0
2026-04-26 11:37:25,29.24,75.29,0.0,0.194,0
2026-04-26 11:37:30,29.21,74.5,-0.006,-0.158,0
2026-04-26 11:37:35,29.16,74.75,-0.01,0.05,0
2026-04-26 11:37:40,29.11,74.69,-0.01,-0.012,0
2026-04-26 11:37:45,29.08,75.19,-0.006,0.1,0
2026-04-26 11:37:50,29.11,75.2,0.006,0.002,0
2026-04-26 11:37:55,29.31,75.03,0.04,-0.034,0
2026-04-26 11:38:00,29.19,75.17,-0.024,0.028,0
2026-04-26 11:38:05,29.11,74.9,-0.016,-0.054,0
2026-04-26 11:38:10,29.26,74.94,0.03,0.008,0
2026-04-26 11:38:15,29.2,74.8,-0.012,-0.028,0
2026-04-26 11:38:20,29.23,74.82,0.006,0.004,0
2026-04-26 11:38:25,29.34,74.8,0.022,-0.004,0
2026-04-26 11:38:30,29.16,75.22,-0.036,0.084,0
2026-04-26 11:38:35,29.38,75.08,0.044,-0.028,0
2026-04-26 11:38:40,29.34,75.04,-0.008,-0.008,0
2026-04-26 11:38:45,29.18,74.6,-0.032,-0.088,0
2026-04-26 11:38:50,29.24,75.05,0.012,0.09,0
2026-04-26 11:38:55,29.22,74.77,-0.004,-0.056,0
2026-04-26 11:39:00,29.32,74.75,0.02,-0.004,0
2026-04-26 11:39:05,29.22,75.13,-0.02,0.076,0
2026-04-26 11:39:10,29.45,75.27,0.046,0.028,0
2026-04-26 11:39:15,29.35,75.03,-0.02,-0.048,0
2026-04-26 11:39:20,29.3,75.12,-0.01,0.018,0
2026-04-26 11:39:25,29.25,75.28,-0.01,0.032,0
2026-04-26 11:39:30,29.34,75.16,0.018,-0.024,0
2026-04-26 11:39:35,29.39,75.27,0.01,0.022,0
2026-04-26 11:39:40,29.28,74.87,-0.022,-0.08,0
2026-04-26 11:39:45,29.12,75.09,-0.032,0.044,0
2026-04-26 11:39:50,29.34,75.25,0.044,0.032,0
2026-04-26 11:39:55,29.31,75.22,-0.006,-0.006,0
2026-04-26 11:40:00,29.32,75.31,0.002,0.018,0
2026-04-26 11:40:05,29.16,75.02,-0.032,-0.058,0
2026-04-26 11:40:10,29.23,75.12,0.014,0.02,0
2026-04-26 11:40:15,29.31,74.89,0.016,-0.046,0
2026-04-26 11:40:20,29.22,74.66,-0.018,-0.046,0
2026-04-26 11:40:25,29.42,75.1,0.04,0.088,0
2026-04-26 11:40:30,29.27,75.12,-0.03,0.004,0
2026-04-26 11:40:35,29.32,74.96,0.01,-0.032,0
2026-04-26 11:40:40,29.34,75.39,0.004,0.086,0
2026-04-26 11:40:45,29.27,75.26,-0.014,-0.026,0
2026-04-26 11:40:50,29.31,75.17,0.008,-0.018,0
2026-04-26 11:40:55,29.22,75.32,-0.018,0.03,0
2026-04-26 11:41:00,29.44,74.95,0.044,-0.074,0
2026-04-26 11:41:05,29.19,75.11,-0.05,0.032,0
2026-04-26 11:41:10,29.27,75.12,0.016,0.002,0
2026-04-26 11:41:15,29.14,75.11,-0.026,-0.002,0
2026-04-26 11:41:20,30.49,73.58,0.27,-0.306,2
2026-04-26 11:41:25,31.86,73.03,0.274,-0.11,2
2026-04-26 11:41:30,32.68,72.07,0.164,-0.192,2
2026-04-26 11:41:35,33.4,71.57,0.144,-0.1,2
2026-04-26 11:41:40,33.86,71.04,0.092,-0.106,2
2026-04-26 11:41:45,34.17,70.41,0.062,-0.126,2
2026-04-26 11:41:50,34.31,70.55,0.028,0.028,2
2026-04-26 11:41:55,34.37,69.62,0.012,-0.186,2
2026-04-26 11:42:00,34.49,69.86,0.024,0.048,2
2026-04-26 11:42:05,34.38,70.22,-0.022,0.072,2
2026-04-26 11:42:10,34.46,68.94,0.016,-0.256,1
2026-04-26 11:42:15,34.65,68.65,0.038,-0.058,1
2026-04-26 11:42:20,34.96,69.24,0.062,0.118,1
2026-04-26 11:42:25,35.25,68.26,0.058,-0.196,1
2026-04-26 11:42:30,35.39,68.21,0.028,-0.01,1
2026-04-26 11:42:35,35.47,67.76,0.016,-0.09,1
2026-04-26 11:42:40,35.51,67.5,0.008,-0.052,1
2026-04-26 11:42:45,35.44,67.52,-0.014,0.004,1
2026-04-26 11:42:50,35.45,67.48,0.002,-0.008,1
2026-04-26 11:42:55,35.6,67.84,0.03,0.072,1
2026-04-26 11:43:00,35.53,67.19,-0.014,-0.13,1
2026-04-26 11:43:05,35.5,67.33,-0.006,0.028,1
2026-04-26 11:43:10,35.68,67.08,0.036,-0.05,1
2026-04-26 11:43:15,35.45,67.22,-0.046,0.028,1
2026-04-26 11:43:20,29.16,69.89,-1.258,0.534,0
2026-04-26 11:43:25,29.23,69.8,0.014,-0.018,0
2026-04-26 11:43:30,28.89,70.09,-0.068,0.058,0
2026-04-26 11:43:35,29.01,70.1,0.024,0.002,0
2026-04-26 11:43:40,28.97,69.81,-0.008,-0.058,0
2026-04-26 11:43:45,29.1,70.24,0.026,0.086,0
2026-04-26 11:43:50,29.09,70.08,-0.002,-0.032,0
2026-04-26 11:43:55,29.01,70.04,-0.016,-0.008,0
2026-04-26 11:44:00,29.02,69.85,0.002,-0.038,0
2026-04-26 11:44:05,29.05,69.74,0.006,-0.022,0
2026-04-26 11:44:10,29.21,69.79,0.032,0.01,0
2026-04-26 11:44:15,29.11,69.8,-0.02,0.002,0
2026-04-26 11:44:20,29.06,70.27,-0.01,0.094,0
2026-04-26 11:44:25,29.19,69.69,0.026,-0.116,0
2026-04-26 11:44:30,29.22,69.85,0.006,0.032,0
2026-04-26 11:44:35,29.11,69.75,-0.022,-0.02,0
2026-04-26 11:44:40,29.06,69.89,-0.01,0.028,0
2026-04-26 11:44:45,29.13,69.67,0.014,-0.044,0
2026-04-26 11:44:50,29.21,69.96,0.016,0.058,0
2026-04-26 11:44:55,29.07,69.53,-0.028,-0.086,0
2026-04-26 11:45:00,29.07,69.6,0.0,0.014,0
2026-04-26 11:45:05,29.12,69.48,0.01,-0.024,0
2026-04-26 11:45:10,29.21,69.66,0.018,0.036,0
2026-04-26 11:45:15,29.19,70.03,-0.004,0.074,0
2026-04-26 11:45:20,29.03,69.72,-0.032,-0.062,0
2026-04-26 11:45:25,29.07,69.5,0.008,-0.044,0
2026-04-26 11:45:30,29.07,70.07,0.0,0.114,0
2026-04-26 11:45:35,29.24,70.21,0.034,0.028,0
2026-04-26 11:45:40,29.17,69.88,-0.014,-0.066,0
2026-04-26 11:45:45,29.2,70.29,0.006,0.082,0
2026-04-26 11:45:50,29.12,69.68,-0.016,-0.122,0
2026-04-26 11:45:55,29.17,69.88,0.01,0.04,0
2026-04-26 11:46:00,29.1,69.88,-0.014,0.0,0
2026-04-26 11:46:05,29.07,70.19,-0.006,0.062,0
2026-04-26 11:46:10,29.13,69.97,0.012,-0.044,1
2026-04-26 11:46:15,29.13,70.95,0.0,0.196,1
2026-04-26 11:46:20,29.24,71.66,0.022,0.142,1
2026-04-26 11:46:25,29.25,71.64,0.002,-0.004,1
2026-04-26 11:46:30,29.29,71.76,0.008,0.024,1
2026-04-26 11:46:35,29.3,72.69,0.002,0.186,1
2026-04-26 11:46:40,29.27,72.43,-0.006,-0.052,1
2026-04-26 11:46:45,29.32,72.57,0.01,0.028,1
2026-04-26 11:46:50,29.24,72.32,-0.016,-0.05,1
2026-04-26 11:46:55,29.48,73.19,0.048,0.174,1
2026-04-26 11:47:00,29.31,73.11,-0.034,-0.016,1
2026-04-26 11:47:05,29.3,73.06,-0.002,-0.01,1
2026-04-26 11:47:10,29.32,73.31,0.004,0.05,1
2026-04-26 11:47:15,29.36,73.42,0.008,0.022,1
2026-04-26 11:47:20,29.32,73.49,-0.008,0.014,1
2026-04-26 11:47:25,29.45,73.52,0.026,0.006,1
2026-04-26 11:47:30,29.34,73.94,-0.022,0.084,0
2026-04-26 11:47:35,29.29,73.84,-0.01,-0.02,0
2026-04-26 11:47:40,29.34,73.63,0.01,-0.042,0
2026-04-26 11:47:45,29.34,74.05,0.0,0.084,0
2026-04-26 11:47:50,29.38,73.89,0.008,-0.032,0
2026-04-26 11:47:55,29.23,73.73,-0.03,-0.032,0
2026-04-26 11:48:00,29.14,73.75,-0.018,0.004,0
2026-04-26 11:48:05,29.33,73.84,0.038,0.018,0
2026-04-26 11:48:10,29.29,74.22,-0.008,0.076,0
2026-04-26 11:48:15,29.5,74.05,0.042,-0.034,0
2026-04-26 11:48:20,29.27,74.67,-0.046,0.124,0
2026-04-26 11:48:25,29.49,74.23,0.044,-0.088,0
2026-04-26 11:48:30,29.34,73.42,-0.03,-0.162,0
2026-04-26 11:48:35,29.37,74.15,0.006,0.146,0
2026-04-26 11:48:40,29.43,73.58,0.012,-0.114,0
2026-04-26 11:48:45,29.45,74.02,0.004,0.088,0
2026-04-26 11:48:50,29.4,73.68,-0.01,-0.068,0
2026-04-26 11:48:55,29.41,73.99,0.002,0.062,0
2026-04-26 11:49:00,29.38,73.92,-0.006,-0.014,0
2026-04-26 11:49:05,29.53,73.63,0.03,-0.058,0
2026-04-26 11:49:10,29.42,73.88,-0.022,0.05,0
2026-04-26 11:49:15,29.44,74.23,0.004,0.07,0
2026-04-26 11:49:20,29.43,74.23,-0.002,0.0,0
2026-04-26 11:49:25,29.51,73.9,0.016,-0.066,0
2026-04-26 11:49:30,29.45,74.04,-0.012,0.028,0
2026-04-26 11:49:35,29.33,73.6,-0.024,-0.088,0
2026-04-26 11:49:40,29.64,74.26,0.062,0.132,1
2026-04-26 11:49:45,29.89,73.93,0.05,-0.066,1
2026-04-26 11:49:50,30.08,72.96,0.038,-0.194,1
2026-04-26 11:49:55,30.31,73.45,0.046,0.098,1
2026-04-26 11:50:00,30.4,72.87,0.018,-0.116,1
2026-04-26 11:50:05,30.75,72.58,0.07,-0.058,1
2026-04-26 11:50:10,30.88,72.25,0.026,-0.066,1
2026-04-26 11:50:15,31.05,72.24,0.034,-0.002,1
2026-04-26 11:50:20,31.13,72.62,0.016,0.076,1
2026-04-26 11:50:25,31.12,72.3,-0.002,-0.064,1
2026-04-26 11:50:30,31.25,72.25,0.026,-0.01,1
2026-04-26 11:50:35,31.23,72.5,-0.004,0.05,1
2026-04-26 11:50:40,31.46,72.4,0.046,-0.02,1
2026-04-26 11:50:45,31.3,72.8,-0.032,0.08,1
2026-04-26 11:50:50,31.37,72.6,0.014,-0.04,1
2026-04-26 11:50:55,31.44,72.48,0.014,-0.024,1
2026-04-26 11:51:00,31.37,72.5,-0.014,0.004,1
2026-04-26 11:51:05,31.46,72.89,0.018,0.078,1
2026-04-26 11:51:10,31.26,72.96,-0.04,0.014,1
2026-04-26 11:51:15,31.51,72.59,0.05,-0.074,1
2026-04-26 11:51:20,31.37,72.42,-0.028,-0.034,1
2026-04-26 11:51:25,31.36,72.32,-0.002,-0.02,1
2026-04-26 11:51:30,31.47,72.48,0.022,0.032,1
2026-04-26 11:51:35,31.44,72.57,-0.006,0.018,1
2026-04-26 11:51:40,31.45,72.55,0.002,-0.004,1
2026-04-26 11:51:45,31.33,72.76,-0.024,0.042,1
2026-04-26 11:51:50,31.42,72.22,0.018,-0.108,1
2026-04-26 11:51:55,29.04,74.23,-0.476,0.402,0
2026-04-26 11:52:00,29.02,74.21,-0.004,-0.004,0
2026-04-26 11:52:05,29.02,74.63,0.0,0.084,0
2026-04-26 11:52:10,29.06,74.05,0.008,-0.116,0
2026-04-26 11:52:15,29.0,73.92,-0.012,-0.026,0
2026-04-26 11:52:20,29.13,74.35,0.026,0.086,0
2026-04-26 11:52:25,28.99,73.63,-0.028,-0.144,0
2026-04-26 11:52:30,29.21,73.89,0.044,0.052,0
2026-04-26 11:52:35,29.17,73.93,-0.008,0.008,0
2026-04-26 11:52:40,29.09,73.9,-0.016,-0.006,0
2026-04-26 11:52:45,29.13,73.81,0.008,-0.018,0
2026-04-26 11:52:50,28.98,73.92,-0.03,0.022,0
2026-04-26 11:52:55,29.05,73.91,0.014,-0.002,0
2026-04-26 11:53:00,28.9,73.74,-0.03,-0.034,0
2026-04-26 11:53:05,29.08,74.06,0.036,0.064,0
2026-04-26 11:53:10,29.07,73.66,-0.002,-0.08,0
2026-04-26 11:53:15,29.12,73.89,0.01,0.046,0
2026-04-26 11:53:20,29.08,73.54,-0.008,-0.07,0
2026-04-26 11:53:25,29.18,73.84,0.02,0.06,0
2026-04-26 11:53:30,29.1,73.81,-0.016,-0.006,0
2026-04-26 11:53:35,29.09,73.96,-0.002,0.03,0
2026-04-26 11:53:40,29.01,73.89,-0.016,-0.014,0
2026-04-26 11:53:45,31.02,72.81,0.402,-0.216,2
2026-04-26 11:53:50,32.97,72.76,0.39,-0.01,2
2026-04-26 11:53:55,34.43,71.18,0.292,-0.316,2
2026-04-26 11:54:00,35.35,71.68,0.184,0.1,2
2026-04-26 11:54:05,36.08,71.14,0.146,-0.108,2
2026-04-26 11:54:10,36.4,70.76,0.064,-0.076,2
2026-04-26 11:54:15,36.83,70.45,0.086,-0.062,2
2026-04-26 11:54:20,36.9,70.07,0.014,-0.076,2
2026-04-26 11:54:25,37.03,70.01,0.026,-0.012,2
2026-04-26 11:54:30,37.14,70.16,0.022,0.03,1
2026-04-26 11:54:35,37.27,69.56,0.026,-0.12,1
2026-04-26 11:54:40,37.56,69.32,0.058,-0.048,1
2026-04-26 11:54:45,37.57,69.36,0.002,0.008,1
2026-04-26 11:54:50,37.76,69.37,0.038,0.002,1
2026-04-26 11:54:55,37.87,68.89,0.022,-0.096,1
2026-04-26 11:55:00,37.98,68.74,0.022,-0.03,1
2026-04-26 11:55:05,37.87,68.88,-0.022,0.028,1
2026-04-26 11:55:10,38.1,68.71,0.046,-0.034,1
2026-04-26 11:55:15,37.94,68.4,-0.032,-0.062,1
2026-04-26 11:55:20,37.97,68.92,0.006,0.104,1
2026-04-26 11:55:25,37.98,68.58,0.002,-0.068,1
2026-04-26 11:55:30,28.97,72.19,-1.802,0.722,0
2026-04-26 11:55:35,29.02,71.98,0.01,-0.042,0
2026-04-26 11:55:40,29.13,71.88,0.022,-0.02,0
2026-04-26 11:55:45,29.02,72.14,-0.022,0.052,0
2026-04-26 11:55:50,29.1,71.92,0.016,-0.044,0
2026-04-26 11:55:55,29.06,72.12,-0.008,0.04,0
2026-04-26 11:56:00,29.06,71.91,0.0,-0.042,0
2026-04-26 11:56:05,29.17,72.31,0.022,0.08,0
2026-04-26 11:56:10,29.04,71.99,-0.026,-0.064,0
2026-04-26 11:56:15,29.02,72.12,-0.004,0.026,0
2026-04-26 11:56:20,29.24,71.97,0.044,-0.03,0
2026-04-26 11:56:25,29.02,72.34,-0.044,0.074,0
2026-04-26 11:56:30,29.04,72.26,0.004,-0.016,0
2026-04-26 11:56:35,29.05,72.06,0.002,-0.04,0
2026-04-26 11:56:40,29.1,71.93,0.01,-0.026,0
2026-04-26 11:56:45,28.96,72.36,-0.028,0.086,0
2026-04-26 11:56:50,29.0,72.06,0.008,-0.06,0
2026-04-26 11:56:55,29.08,72.18,0.016,0.024,0
2026-04-26 11:57:00,29.05,72.41,-0.006,0.046,0
2026-04-26 11:57:05,29.0,72.21,-0.01,-0.04,0
2026-04-26 11:57:10,29.19,72.72,0.038,0.102,0
2026-04-26 11:57:15,29.0,72.66,-0.038,-0.012,0
2026-04-26 11:57:20,29.12,72.09,0.024,-0.114,0
2026-04-26 11:57:25,29.14,72.08,0.004,-0.002,0
2026-04-26 11:57:30,29.05,72.55,-0.018,0.094,0
2026-04-26 11:57:35,29.11,72.18,0.012,-0.074,0
2026-04-26 11:57:40,29.16,72.43,0.01,0.05,0
2026-04-26 11:57:45,29.11,72.43,-0.01,0.0,0
2026-04-26 11:57:50,29.13,72.23,0.004,-0.04,0
2026-04-26 11:57:55,29.04,72.56,-0.018,0.066,0
2026-04-26 11:58:00,29.08,72.35,0.008,-0.042,0
2026-04-26 11:58:05,29.18,72.32,0.02,-0.006,0
2026-04-26 11:58:10,29.14,72.1,-0.008,-0.044,0
2026-04-26 11:58:15,29.05,72.87,-0.018,0.154,0
2026-04-26 11:58:20,29.26,72.27,0.042,-0.12,0
2026-04-26 11:58:25,29.1,72.31,-0.032,0.008,0
2026-04-26 11:58:30,29.04,72.11,-0.012,-0.04,0
2026-04-26 11:58:35,29.09,72.62,0.01,0.102,0
2026-04-26 11:58:40,29.12,72.49,0.006,-0.026,0
2026-04-26 11:58:45,29.04,72.03,-0.016,-0.092,0
2026-04-26 11:58:50,29.1,72.59,0.012,0.112,0
2026-04-26 11:58:55,29.07,73.15,-0.006,0.112,0
2026-04-26 11:59:00,29.09,72.44,0.004,-0.142,0
2026-04-26 11:59:05,29.06,72.59,-0.006,0.03,0
2026-04-26 11:59:10,29.26,71.84,0.04,-0.15,0
2026-04-26 11:59:15,29.19,72.39,-0.014,0.11,0
2026-04-26 11:59:20,29.09,72.34,-0.02,-0.01,0
2026-04-26 11:59:25,29.05,71.75,-0.008,-0.118,0
2026-04-26 11:59:30,29.18,72.51,0.026,0.152,0
2026-04-26 11:59:35,29.06,72.32,-0.024,-0.038,1
2026-04-26 11:59:40,28.98,72.33,-0.016,0.002,1
2026-04-26 11:59:45,29.11,72.82,0.026,0.098,1
2026-04-26 11:59:50,29.16,72.4,0.01,-0.084,1
2026-04-26 11:59:55,29.16,71.94,0.0,-0.092,1
2026-04-26 12:00:00,29.14,72.34,-0.004,0.08,1
2026-04-26 12:00:05,29.2,72.46,0.012,0.024,1
2026-04-26 12:00:10,29.08,72.57,-0.024,0.022,1
2026-04-26 12:00:15,29.24,71.97,0.032,-0.12,1
2026-04-26 12:00:20,29.16,72.02,-0.016,0.01,1
2026-04-26 12:00:25,29.24,72.29,0.016,0.054,1
2026-04-26 12:00:30,29.14,71.92,-0.02,-0.074,1
2026-04-26 12:00:35,29.14,72.29,0.0,0.074,1
2026-04-26 12:00:40,29.3,72.01,0.032,-0.056,1
2026-04-26 12:00:45,29.19,71.87,-0.022,-0.028,1
2026-04-26 12:00:50,29.22,72.42,0.006,0.11,0
2026-04-26 12:00:55,29.2,72.27,-0.004,-0.03,0
2026-04-26 12:01:00,29.21,72.43,0.002,0.032,0
2026-04-26 12:01:05,29.27,72.47,0.012,0.008,0
2026-04-26 12:01:10,29.3,72.23,0.006,-0.048,0
2026-04-26 12:01:15,29.42,72.49,0.024,0.052,0
2026-04-26 12:01:20,29.23,72.7,-0.038,0.042,0
2026-04-26 12:01:25,29.28,72.79,0.01,0.018,0
2026-04-26 12:01:30,29.31,72.76,0.006,-0.006,0
2026-04-26 12:01:35,29.36,72.2,0.01,-0.112,0
2026-04-26 12:01:40,29.44,72.63,0.016,0.086,0
2026-04-26 12:01:45,29.29,72.99,-0.03,0.072,0
2026-04-26 12:01:50,29.14,72.66,-0.03,-0.066,0
2026-04-26 12:01:55,29.35,72.51,0.042,-0.03,0
2026-04-26 12:02:00,28.96,70.55,-0.078,-0.392,0
2026-04-26 12:02:05,29.01,70.75,0.01,0.04,0
2026-04-26 12:02:10,28.84,70.88,-0.034,0.026,0
2026-04-26 12:02:15,28.96,70.82,0.024,-0.012,0
2026-04-26 12:02:20,28.86,70.68,-0.02,-0.028,0
2026-04-26 12:02:25,28.93,70.69,0.014,0.002,0
2026-04-26 12:02:30,28.81,70.7,-0.024,0.002,0
2026-04-26 12:02:35,28.97,70.76,0.032,0.012,0
2026-04-26 12:02:40,29.02,70.25,0.01,-0.102,0
2026-04-26 12:02:45,29.0,70.31,-0.004,0.012,0
2026-04-26 12:02:50,28.96,70.57,-0.008,0.052,0
2026-04-26 12:02:55,28.89,70.57,-0.014,0.0,0
2026-04-26 12:03:00,29.07,70.65,0.036,0.016,0
2026-04-26 12:03:05,29.03,70.38,-0.008,-0.054,0
2026-04-26 12:03:10,28.87,70.9,-0.032,0.104,0
2026-04-26 12:03:15,28.95,70.76,0.016,-0.028,0
2026-04-26 12:03:20,28.92,70.49,-0.006,-0.054,0
2026-04-26 12:03:25,28.92,70.6,0.0,0.022,0
2026-04-26 12:03:30,28.93,70.09,0.002,-0.102,0
2026-04-26 12:03:35,28.91,70.83,-0.004,0.148,0
2026-04-26 12:03:40,28.9,70.36,-0.002,-0.094,0
2026-04-26 12:03:45,28.9,70.61,0.0,0.05,0
2026-04-26 12:03:50,29.11,70.4,0.042,-0.042,1
2026-04-26 12:03:55,29.0,70.78,-0.022,0.076,1
2026-04-26 12:04:00,29.02,70.0,0.004,-0.156,1
2026-04-26 12:04:05,28.87,69.91,-0.03,-0.018,1
2026-04-26 12:04:10,29.1,70.02,0.046,0.022,1
2026-04-26 12:04:15,29.11,69.9,0.002,-0.024,1
2026-04-26 12:04:20,29.12,70.14,0.002,0.048,1
2026-04-26 12:04:25,29.04,70.3,-0.016,0.032,0
2026-04-26 12:04:30,28.97,70.6,-0.014,0.06,0
2026-04-26 12:04:35,29.02,70.72,0.01,0.024,0
2026-04-26 12:04:40,29.16,70.61,0.028,-0.022,0
2026-04-26 12:04:45,29.09,70.51,-0.014,-0.02,0
2026-04-26 12:04:50,29.12,70.54,0.006,0.006,0
2026-04-26 12:04:55,29.14,70.72,0.004,0.036,0
2026-04-26 12:05:00,29.09,70.43,-0.01,-0.058,0
2026-04-26 12:05:05,29.05,70.92,-0.008,0.098,0
2026-04-26 12:05:10,29.15,70.06,0.02,-0.172,0
2026-04-26 12:05:15,29.02,70.38,-0.026,0.064,0
2026-04-26 12:05:20,28.65,73.25,-0.074,0.574,0
2026-04-26 12:05:25,28.47,73.05,-0.036,-0.04,0
2026-04-26 12:05:30,28.45,73.05,-0.004,0.0,0
2026-04-26 12:05:35,28.47,72.47,0.004,-0.116,0
2026-04-26 12:05:40,28.69,73.19,0.044,0.144,0
2026-04-26 12:05:45,28.54,73.14,-0.03,-0.01,0
2026-04-26 12:05:50,28.51,72.92,-0.006,-0.044,0
2026-04-26 12:05:55,28.63,72.91,0.024,-0.002,0
2026-04-26 12:06:00,28.6,73.12,-0.006,0.042,0
2026-04-26 12:06:05,28.49,73.67,-0.022,0.11,0
2026-04-26 12:06:10,28.61,72.79,0.024,-0.176,0
2026-04-26 12:06:15,28.68,72.73,0.014,-0.012,0
2026-04-26 12:06:20,28.61,72.83,-0.014,0.02,0
2026-04-26 12:06:25,28.57,72.79,-0.008,-0.008,0
2026-04-26 12:06:30,28.64,73.26,0.014,0.094,0
2026-04-26 12:06:35,28.48,72.6,-0.032,-0.132,0
2026-04-26 12:06:40,28.55,73.2,0.014,0.12,0
2026-04-26 12:06:45,28.61,73.1,0.012,-0.02,0
2026-04-26 12:06:50,28.58,73.03,-0.006,-0.014,0
2026-04-26 12:06:55,28.53,73.02,-0.01,-0.002,0
2026-04-26 12:07:00,28.56,73.17,0.006,0.03,0
2026-04-26 12:07:05,28.68,73.34,0.024,0.034,0
2026-04-26 12:07:10,28.6,73.26,-0.016,-0.016,0
2026-04-26 12:07:15,28.63,72.87,0.006,-0.078,0
2026-04-26 12:07:20,28.58,72.96,-0.01,0.018,0
2026-04-26 12:07:25,28.65,73.64,0.014,0.136,0
2026-04-26 12:07:30,28.67,73.82,0.004,0.036,0
2026-04-26 12:07:35,28.66,73.21,-0.002,-0.122,0
2026-04-26 12:07:40,28.51,72.94,-0.03,-0.054,0
2026-04-26 12:07:45,28.53,73.1,0.004,0.032,0
2026-04-26 12:07:50,28.51,73.15,-0.004,0.01,0
2026-04-26 12:07:55,28.62,73.2,0.022,0.01,0
2026-04-26 12:08:00,28.58,73.24,-0.008,0.008,0
2026-04-26 12:08:05,28.51,73.07,-0.014,-0.034,0
2026-04-26 12:08:10,28.6,72.9,0.018,-0.034,0
2026-04-26 12:08:15,28.48,72.99,-0.024,0.018,0
2026-04-26 12:08:20,28.64,72.99,0.032,0.0,0
2026-04-26 12:08:25,28.67,73.73,0.006,0.148,0
2026-04-26 12:08:30,33.2,70.59,0.906,-0.628,2
2026-04-26 12:08:35,36.9,68.93,0.74,-0.332,2
2026-04-26 12:08:40,38.97,67.12,0.414,-0.362,2
2026-04-26 12:08:45,40.61,66.62,0.328,-0.1,2
2026-04-26 12:08:50,41.43,66.35,0.164,-0.054,2
2026-04-26 12:08:55,41.76,65.49,0.066,-0.172,2
2026-04-26 12:09:00,42.0,65.34,0.048,-0.03,2
2026-04-26 12:09:05,42.2,65.18,0.04,-0.032,2
2026-04-26 12:09:10,42.31,65.36,0.022,0.036,2
2026-04-26 12:09:15,42.21,64.82,-0.02,-0.108,2
2026-04-26 12:09:20,42.3,64.45,0.018,-0.074,2
2026-04-26 12:09:25,42.16,64.73,-0.028,0.056,2
2026-04-26 12:09:30,42.11,64.81,-0.01,0.016,2
2026-04-26 12:09:35,42.48,64.46,0.074,-0.07,1
2026-04-26 12:09:40,42.73,63.91,0.05,-0.11,1
2026-04-26 12:09:45,42.87,63.75,0.028,-0.032,1
2026-04-26 12:09:50,42.95,64.08,0.016,0.066,1
2026-04-26 12:09:55,43.11,63.96,0.032,-0.024,1
2026-04-26 12:10:00,43.14,63.87,0.006,-0.018,1
2026-04-26 12:10:05,43.1,63.76,-0.008,-0.022,1
2026-04-26 12:10:10,43.25,63.39,0.03,-0.074,1
2026-04-26 12:10:15,43.41,63.66,0.032,0.054,1
2026-04-26 12:10:20,43.26,63.57,-0.03,-0.018,1
2026-04-26 12:10:25,43.21,63.66,-0.01,0.018,1
2026-04-26 12:10:30,43.22,63.66,0.002,0.0,1
2026-04-26 12:10:35,43.17,63.45,-0.01,-0.042,1
2026-04-26 12:10:40,43.28,63.71,0.022,0.052,1
2026-04-26 12:10:45,43.22,63.14,-0.012,-0.114,1
2026-04-26 12:10:50,43.22,63.59,0.0,0.09,1
2026-04-26 12:10:55,43.28,63.12,0.012,-0.094,1
2026-04-26 12:11:00,43.22,63.56,-0.012,0.088,1
2026-04-26 12:11:05,43.2,63.91,-0.004,0.07,1
2026-04-26 12:11:10,29.31,74.37,-2.778,2.092,0
2026-04-26 12:11:15,29.2,74.1,-0.022,-0.054,0
2026-04-26 12:11:20,29.2,74.24,0.0,0.028,0
2026-04-26 12:11:25,29.18,74.02,-0.004,-0.044,0
2026-04-26 12:11:30,29.35,74.34,0.034,0.064,0
2026-04-26 12:11:35,29.38,74.58,0.006,0.048,0
2026-04-26 12:11:40,29.22,74.54,-0.032,-0.008,0
2026-04-26 12:11:45,29.26,73.68,0.008,-0.172,0
2026-04-26 12:11:50,29.25,74.48,-0.002,0.16,0
2026-04-26 12:11:55,29.43,74.5,0.036,0.004,0
2026-04-26 12:12:00,29.28,74.42,-0.03,-0.016,0
2026-04-26 12:12:05,29.29,74.47,0.002,0.01,0
2026-04-26 12:12:10,29.2,74.72,-0.018,0.05,0
2026-04-26 12:12:15,29.21,74.8,0.002,0.016,0
2026-04-26 12:12:20,29.4,74.43,0.038,-0.074,0
2026-04-26 12:12:25,29.32,74.38,-0.016,-0.01,0
2026-04-26 12:12:30,29.23,74.63,-0.018,0.05,0
2026-04-26 12:12:35,29.29,74.54,0.012,-0.018,0
2026-04-26 12:12:40,29.4,74.27,0.022,-0.054,0
2026-04-26 12:12:45,29.35,74.71,-0.01,0.088,0
2026-04-26 12:12:50,29.27,74.11,-0.016,-0.12,0
2026-04-26 12:12:55,29.23,74.61,-0.008,0.1,0
2026-04-26 12:13:00,29.34,74.72,0.022,0.022,0
2026-04-26 12:13:05,29.26,75.08,-0.016,0.072,0
2026-04-26 12:13:10,29.33,74.65,0.014,-0.086,0
2026-04-26 12:13:15,29.49,74.35,0.032,-0.06,1
2026-04-26 12:13:20,29.61,74.35,0.024,0.0,1
2026-04-26 12:13:25,29.72,73.73,0.022,-0.124,1
2026-04-26 12:13:30,29.77,73.41,0.01,-0.064,1
2026-04-26 12:13:35,29.88,73.47,0.022,0.012,1
2026-04-26 12:13:40,30.12,73.02,0.048,-0.09,1
2026-04-26 12:13:45,30.19,72.87,0.014,-0.03,1
2026-04-26 12:13:50,30.28,72.81,0.018,-0.012,1
2026-04-26 12:13:55,30.42,72.72,0.028,-0.018,1
2026-04-26 12:14:00,30.46,72.25,0.008,-0.094,1
2026-04-26 12:14:05,30.59,72.62,0.026,0.074,1
2026-04-26 12:14:10,30.74,71.92,0.03,-0.14,1
2026-04-26 12:14:15,30.75,71.55,0.002,-0.074,1
2026-04-26 12:14:20,30.76,71.72,0.002,0.034,1
2026-04-26 12:14:25,30.84,72.4,0.016,0.136,1
2026-04-26 12:14:30,30.82,72.37,-0.004,-0.006,1
2026-04-26 12:14:35,30.62,72.11,-0.04,-0.052,1
2026-04-26 12:14:40,30.89,72.39,0.054,0.056,1
2026-04-26 12:14:45,30.84,72.1,-0.01,-0.058,1
2026-04-26 12:14:50,30.82,72.24,-0.004,0.028,1
2026-04-26 12:14:55,30.88,72.29,0.012,0.01,1
2026-04-26 12:15:00,30.76,72.4,-0.024,0.022,1
2026-04-26 12:15:05,30.92,72.53,0.032,0.026,1
2026-04-26 12:15:10,30.83,72.8,-0.018,0.054,1
2026-04-26 12:15:15,30.84,72.4,0.002,-0.08,1
2026-04-26 12:15:20,29.26,70.21,-0.316,-0.438,0
2026-04-26 12:15:25,29.45,70.34,0.038,0.026,0
2026-04-26 12:15:30,29.48,69.88,0.006,-0.092,0
2026-04-26 12:15:35,29.24,70.07,-0.048,0.038,0
2026-04-26 12:15:40,29.24,70.09,0.0,0.004,0
2026-04-26 12:15:45,29.32,69.95,0.016,-0.028,0
2026-04-26 12:15:50,29.16,69.99,-0.032,0.008,0
2026-04-26 12:15:55,29.33,69.86,0.034,-0.026,0
2026-04-26 12:16:00,29.34,70.17,0.002,0.062,0
2026-04-26 12:16:05,29.33,69.88,-0.002,-0.058,0
2026-04-26 12:16:10,29.19,69.72,-0.028,-0.032,0
2026-04-26 12:16:15,29.37,70.05,0.036,0.066,0
2026-04-26 12:16:20,29.26,69.6,-0.022,-0.09,0
2026-04-26 12:16:25,29.34,69.57,0.016,-0.006,0
2026-04-26 12:16:30,29.35,69.82,0.002,0.05,0
2026-04-26 12:16:35,29.47,69.73,0.024,-0.018,0
2026-04-26 12:16:40,29.33,70.16,-0.028,0.086,0
2026-04-26 12:16:45,29.5,69.9,0.034,-0.052,0
2026-04-26 12:16:50,29.45,69.79,-0.01,-0.022,0
2026-04-26 12:16:55,29.41,69.94,-0.008,0.03,0
2026-04-26 12:17:00,29.24,69.56,-0.034,-0.076,0
2026-04-26 12:17:05,29.48,69.55,0.048,-0.002,0
2026-04-26 12:17:10,29.28,69.8,-0.04,0.05,0
2026-04-26 12:17:15,29.58,69.99,0.06,0.038,0
2026-04-26 12:17:20,29.26,69.56,-0.064,-0.086,0
2026-04-26 12:17:25,29.29,69.77,0.006,0.042,0
2026-04-26 12:17:30,29.34,69.54,0.01,-0.046,0
2026-04-26 12:17:35,29.34,69.55,0.0,0.002,0
2026-04-26 12:17:40,29.29,70.02,-0.01,0.094,0
2026-04-26 12:17:45,29.3,69.67,0.002,-0.07,0
2026-04-26 12:17:50,29.32,69.82,0.004,0.03,0
2026-04-26 12:17:55,29.41,69.95,0.018,0.026,0
2026-04-26 12:18:00,29.42,69.34,0.002,-0.122,0
2026-04-26 12:18:05,29.28,69.52,-0.028,0.036,0
2026-04-26 12:18:10,29.41,69.34,0.026,-0.036,0
2026-04-26 12:18:15,29.39,69.42,-0.004,0.016,0
2026-04-26 12:18:20,29.35,70.3,-0.008,0.176,0
2026-04-26 12:18:25,29.34,70.15,-0.002,-0.03,0
2026-04-26 12:18:30,29.43,69.76,0.018,-0.078,0
2026-04-26 12:18:35,29.3,69.66,-0.026,-0.02,0
2026-04-26 12:18:40,29.25,69.47,-0.01,-0.038,0
2026-04-26 12:18:45,29.18,69.79,-0.014,0.064,0
2026-04-26 12:18:50,29.4,69.58,0.044,-0.042,0
2026-04-26 12:18:55,29.27,69.77,-0.026,0.038,0
2026-04-26 12:19:00,29.29,69.88,0.004,0.022,0
2026-04-26 12:19:05,29.4,69.81,0.022,-0.014,0
2026-04-26 12:19:10,29.45,69.75,0.01,-0.012,1
2026-04-26 12:19:15,29.72,68.77,0.054,-0.196,1
2026-04-26 12:19:20,29.81,68.84,0.018,0.014,1
2026-04-26 12:19:25,29.93,68.52,0.024,-0.064,1
2026-04-26 12:19:30,30.02,68.59,0.018,0.014,1
2026-04-26 12:19:35,30.1,68.43,0.016,-0.032,1
2026-04-26 12:19:40,30.19,68.44,0.018,0.002,1
2026-04-26 12:19:45,30.24,68.56,0.01,0.024,1
2026-04-26 12:19:50,30.23,68.6,-0.002,0.008,1
2026-04-26 12:19:55,30.53,68.11,0.06,-0.098,1
2026-04-26 12:20:00,30.52,68.42,-0.002,0.062,1
2026-04-26 12:20:05,30.56,68.72,0.008,0.06,1
2026-04-26 12:20:10,30.55,68.86,-0.002,0.028,1
2026-04-26 12:20:15,30.48,68.89,-0.014,0.006,1
2026-04-26 12:20:20,30.6,68.39,0.024,-0.1,1
2026-04-26 12:20:25,30.7,69.21,0.02,0.164,1
2026-04-26 12:20:30,30.67,69.44,-0.006,0.046,1
2026-04-26 12:20:35,30.65,69.08,-0.004,-0.072,1
2026-04-26 12:20:40,30.61,68.77,-0.008,-0.062,1
2026-04-26 12:20:45,30.67,69.05,0.012,0.056,1
2026-04-26 12:20:50,30.67,69.25,0.0,0.04,1
2026-04-26 12:20:55,30.6,69.08,-0.014,-0.034,1
2026-04-26 12:21:00,30.65,68.68,0.01,-0.08,1
2026-04-26 12:21:05,30.57,68.74,-0.016,0.012,1
2026-04-26 12:21:10,30.76,68.82,0.038,0.016,1
2026-04-26 12:21:15,30.63,68.84,-0.026,0.004,1
2026-04-26 12:21:20,30.79,68.95,0.032,0.022,1
2026-04-26 12:21:25,29.44,71.56,-0.27,0.522,0
2026-04-26 12:21:30,29.44,71.59,0.0,0.006,0
2026-04-26 12:21:35,29.37,71.18,-0.014,-0.082,0
2026-04-26 12:21:40,29.31,71.62,-0.012,0.088,0
2026-04-26 12:21:45,29.48,71.34,0.034,-0.056,0
2026-04-26 12:21:50,29.52,71.95,0.008,0.122,0
2026-04-26 12:21:55,29.47,71.58,-0.01,-0.074,0
2026-04-26 12:22:00,29.5,71.02,0.006,-0.112,0
2026-04-26 12:22:05,29.56,71.58,0.012,0.112,0
2026-04-26 12:22:10,29.48,71.49,-0.016,-0.018,0
2026-04-26 12:22:15,29.48,71.79,0.0,0.06,0
2026-04-26 12:22:20,29.39,71.5,-0.018,-0.058,0
2026-04-26 12:22:25,29.45,71.46,0.012,-0.008,0
2026-04-26 12:22:30,29.43,71.52,-0.004,0.012,0
2026-04-26 12:22:35,29.36,71.84,-0.014,0.064,0
2026-04-26 12:22:40,29.41,71.59,0.01,-0.05,0
2026-04-26 12:22:45,29.3,71.31,-0.022,-0.056,0
2026-04-26 12:22:50,29.49,71.96,0.038,0.13,0
2026-04-26 12:22:55,29.53,71.48,0.008,-0.096,0
2026-04-26 12:23:00,29.44,72.03,-0.018,0.11,0
2026-04-26 12:23:05,29.46,71.88,0.004,-0.03,0
2026-04-26 12:23:10,29.34,72.26,-0.024,0.076,0
2026-04-26 12:23:15,29.47,71.69,0.026,-0.114,0
2026-04-26 12:23:20,29.29,71.82,-0.036,0.026,0
2026-04-26 12:23:25,29.35,71.46,0.012,-0.072,0
2026-04-26 12:23:30,29.39,71.66,0.008,0.04,0
2026-04-26 12:23:35,29.55,71.28,0.032,-0.076,0
2026-04-26 12:23:40,29.37,72.09,-0.036,0.162,0
2026-04-26 12:23:45,29.48,71.38,0.022,-0.142,0
2026-04-26 12:23:50,29.59,71.27,0.022,-0.022,0
2026-04-26 12:23:55,29.43,71.53,-0.032,0.052,0
2026-04-26 12:24:00,29.61,71.8,0.036,0.054,0
2026-04-26 12:24:05,29.36,72.09,-0.05,0.058,0
2026-04-26 12:24:10,29.4,71.89,0.008,-0.04,0
2026-04-26 12:24:15,29.36,71.64,-0.008,-0.05,0
2026-04-26 12:24:20,29.49,72.22,0.026,0.116,0
2026-04-26 12:24:25,29.46,71.73,-0.006,-0.098,0
2026-04-26 12:24:30,29.43,71.73,-0.006,0.0,0
2026-04-26 12:24:35,29.39,71.69,-0.008,-0.008,0
2026-04-26 12:24:40,29.49,71.61,0.02,-0.016,0
2026-04-26 12:24:45,29.42,71.96,-0.014,0.07,0
2026-04-26 12:24:50,29.42,71.44,0.0,-0.104,0
2026-04-26 12:24:55,29.47,71.73,0.01,0.058,0
2026-04-26 12:25:00,29.44,71.66,-0.006,-0.014,0
2026-04-26 12:25:05,29.47,71.47,0.006,-0.038,0
2026-04-26 12:25:10,29.43,71.99,-0.008,0.104,0
2026-04-26 12:25:15,29.38,71.83,-0.01,-0.032,1
2026-04-26 12:25:20,29.48,71.93,0.02,0.02,1
2026-04-26 12:25:25,29.53,71.88,0.01,-0.01,1
2026-04-26 12:25:30,29.45,71.68,-0.016,-0.04,1
2026-04-26 12:25:35,29.48,71.87,0.006,0.038,1
2026-04-26 12:25:40,29.48,71.47,0.0,-0.08,1
2026-04-26 12:25:45,29.37,72.43,-0.022,0.192,1
2026-04-26 12:25:50,29.67,72.0,0.06,-0.086,0
2026-04-26 12:25:55,29.51,72.06,-0.032,0.012,0
2026-04-26 12:26:00,29.58,72.21,0.014,0.03,0
2026-04-26 12:26:05,29.49,71.51,-0.018,-0.14,0
2026-04-26 12:26:10,29.66,72.04,0.034,0.106,0
2026-04-26 12:26:15,29.54,71.67,-0.024,-0.074,0
2026-04-26 12:26:20,29.46,71.65,-0.016,-0.004,0
2026-04-26 12:26:25,29.66,71.77,0.04,0.024,0
2026-04-26 12:26:30,29.65,71.65,-0.002,-0.024,0
2026-04-26 12:26:35,29.53,71.99,-0.024,0.068,0
2026-04-26 12:26:40,29.49,71.57,-0.008,-0.084,0
2026-04-26 12:26:45,29.53,71.78,0.008,0.042,0
2026-04-26 12:26:50,28.89,71.29,-0.128,-0.098,0
2026-04-26 12:26:55,28.97,71.2,0.016,-0.018,0
2026-04-26 12:27:00,28.92,71.28,-0.01,0.016,0
2026-04-26 12:27:05,28.99,71.3,0.014,0.004,0
2026-04-26 12:27:10,29.06,71.24,0.014,-0.012,0
2026-04-26 12:27:15,29.18,71.05,0.024,-0.038,0
2026-04-26 12:27:20,29.06,71.19,-0.024,0.028,0
2026-04-26 12:27:25,29.02,71.37,-0.008,0.036,0
2026-04-26 12:27:30,29.15,70.89,0.026,-0.096,0
2026-04-26 12:27:35,29.07,71.3,-0.016,0.082,0
2026-04-26 12:27:40,29.03,71.01,-0.008,-0.058,0
2026-04-26 12:27:45,29.09,70.9,0.012,-0.022,0
2026-04-26 12:27:50,29.08,71.27,-0.002,0.074,0
2026-04-26 12:27:55,29.05,71.13,-0.006,-0.028,0
2026-04-26 12:28:00,28.97,70.9,-0.016,-0.046,0
2026-04-26 12:28:05,29.07,70.81,0.02,-0.018,0
2026-04-26 12:28:10,28.99,71.03,-0.016,0.044,0
2026-04-26 12:28:15,29.08,71.29,0.018,0.052,0
2026-04-26 12:28:20,29.01,71.3,-0.014,0.002,0
2026-04-26 12:28:25,29.18,71.4,0.034,0.02,0
2026-04-26 12:28:30,28.88,71.61,-0.06,0.042,0
2026-04-26 12:28:35,29.07,70.76,0.038,-0.17,0
2026-04-26 12:28:40,29.11,71.18,0.008,0.084,0
2026-04-26 12:28:45,28.97,71.15,-0.028,-0.006,0
2026-04-26 12:28:50,28.99,70.84,0.004,-0.062,0
2026-04-26 12:28:55,29.09,71.2,0.02,0.072,0
2026-04-26 12:29:00,29.0,71.15,-0.018,-0.01,0
2026-04-26 12:29:05,29.01,71.28,0.002,0.026,0
2026-04-26 12:29:10,29.0,71.55,-0.002,0.054,0
2026-04-26 12:29:15,28.99,71.54,-0.002,-0.002,0
2026-04-26 12:29:20,28.98,70.94,-0.002,-0.12,0
2026-04-26 12:29:25,28.96,71.14,-0.004,0.04,0
2026-04-26 12:29:30,29.06,71.06,0.02,-0.016,0
2026-04-26 12:29:35,29.03,71.17,-0.006,0.022,0
2026-04-26 12:29:40,28.96,71.56,-0.014,0.078,0
2026-04-26 12:29:45,29.0,71.07,0.008,-0.098,0
2026-04-26 12:29:50,28.93,71.14,-0.014,0.014,0
2026-04-26 12:29:55,29.05,71.11,0.024,-0.006,0
2026-04-26 12:30:00,28.95,71.06,-0.02,-0.01,0
2026-04-26 12:30:05,33.12,67.19,0.834,-0.774,2
2026-04-26 12:30:10,36.33,64.01,0.642,-0.636,2
2026-04-26 12:30:15,38.45,62.64,0.424,-0.274,2
2026-04-26 12:30:20,39.84,60.42,0.278,-0.444,2
2026-04-26 12:30:25,40.43,60.01,0.118,-0.082,2
2026-04-26 12:30:30,40.63,59.34,0.04,-0.134,2
2026-04-26 12:30:35,41.0,59.28,0.074,-0.012,1
2026-04-26 12:30:40,41.12,59.28,0.024,0.0,1
2026-04-26 12:30:45,41.14,58.26,0.004,-0.204,1
2026-04-26 12:30:50,41.22,58.64,0.016,0.076,1
2026-04-26 12:30:55,41.45,58.41,0.046,-0.046,1
2026-04-26 12:31:00,41.28,58.51,-0.034,0.02,1
2026-04-26 12:31:05,41.26,58.25,-0.004,-0.052,1
2026-04-26 12:31:10,41.23,57.98,-0.006,-0.054,1
2026-04-26 12:31:15,41.36,58.35,0.026,0.074,1
2026-04-26 12:31:20,41.41,57.97,0.01,-0.076,1
2026-04-26 12:31:25,41.46,58.07,0.01,0.02,1
2026-04-26 12:31:30,41.36,57.84,-0.02,-0.046,1
2026-04-26 12:31:35,41.42,58.21,0.012,0.074,1
2026-04-26 12:31:40,41.29,58.13,-0.026,-0.016,1
2026-04-26 12:31:45,41.27,57.97,-0.004,-0.032,1
2026-04-26 12:31:50,41.33,57.79,0.012,-0.036,1
2026-04-26 12:31:55,41.38,57.84,0.01,0.01,1
2026-04-26 12:32:00,41.4,58.13,0.004,0.058,1
2026-04-26 12:32:05,41.41,57.82,0.002,-0.062,1
2026-04-26 12:32:10,28.81,72.64,-2.52,2.964,0
2026-04-26 12:32:15,28.95,72.56,0.028,-0.016,0
2026-04-26 12:32:20,28.74,72.8,-0.042,0.048,0
2026-04-26 12:32:25,28.77,72.34,0.006,-0.092,0
2026-04-26 12:32:30,28.82,72.49,0.01,0.03,0
2026-04-26 12:32:35,28.78,72.71,-0.008,0.044,0
2026-04-26 12:32:40,28.82,72.84,0.008,0.026,0
2026-04-26 12:32:45,28.66,72.38,-0.032,-0.092,0
2026-04-26 12:32:50,28.89,72.95,0.046,0.114,0
2026-04-26 12:32:55,28.81,73.03,-0.016,0.016,0
2026-04-26 12:33:00,28.73,72.97,-0.016,-0.012,0
2026-04-26 12:33:05,28.81,72.46,0.016,-0.102,0
2026-04-26 12:33:10,28.74,72.26,-0.014,-0.04,0
2026-04-26 12:33:15,28.75,72.84,0.002,0.116,0
2026-04-26 12:33:20,28.92,72.42,0.034,-0.084,0
2026-04-26 12:33:25,28.81,72.56,-0.022,0.028,0
2026-04-26 12:33:30,28.87,72.91,0.012,0.07,0
2026-04-26 12:33:35,28.73,72.76,-0.028,-0.03,0
2026-04-26 12:33:40,28.74,72.78,0.002,0.004,0
2026-04-26 12:33:45,28.95,72.64,0.042,-0.028,0
2026-04-26 12:33:50,28.83,72.49,-0.024,-0.03,0
2026-04-26 12:33:55,28.8,72.5,-0.006,0.002,0
2026-04-26 12:34:00,28.73,72.53,-0.014,0.006,0
2026-04-26 12:34:05,28.88,72.74,0.03,0.042,0
2026-04-26 12:34:10,28.75,72.57,-0.026,-0.034,0
2026-04-26 12:34:15,28.9,72.5,0.03,-0.014,0
2026-04-26 12:34:20,28.86,72.78,-0.008,0.056,0
2026-04-26 12:34:25,28.9,72.87,0.008,0.018,0
2026-04-26 12:34:30,28.95,73.1,0.01,0.046,0
2026-04-26 12:34:35,28.93,72.56,-0.004,-0.108,0
2026-04-26 12:34:40,28.74,72.62,-0.038,0.012,0
2026-04-26 12:34:45,28.87,72.51,0.026,-0.022,0
2026-04-26 12:34:50,28.87,73.01,0.0,0.1,0
2026-04-26 12:34:55,28.8,72.7,-0.014,-0.062,0
2026-04-26 12:35:00,28.85,72.62,0.01,-0.016,0
2026-04-26 12:35:05,28.81,72.56,-0.008,-0.012,0
2026-04-26 12:35:10,28.86,72.78,0.01,0.044,0
2026-04-26 12:35:15,28.83,72.4,-0.006,-0.076,0
2026-04-26 12:35:20,33.79,69.0,0.992,-0.68,2
2026-04-26 12:35:25,37.35,66.27,0.712,-0.546,2
2026-04-26 12:35:30,39.95,64.03,0.52,-0.448,2
2026-04-26 12:35:35,41.34,63.02,0.278,-0.202,2
2026-04-26 12:35:40,42.18,62.56,0.168,-0.092,2
2026-04-26 12:35:45,42.43,62.19,0.05,-0.074,1
2026-04-26 12:35:50,42.53,61.9,0.02,-0.058,1
2026-04-26 12:35:55,42.76,61.49,0.046,-0.082,1
2026-04-26 12:36:00,42.85,61.86,0.018,0.074,1
2026-04-26 12:36:05,42.71,61.49,-0.028,-0.074,1
2026-04-26 12:36:10,42.8,61.4,0.018,-0.018,1
2026-04-26 12:36:15,42.76,61.42,-0.008,0.004,1
2026-04-26 12:36:20,42.81,61.43,0.01,0.002,1
2026-04-26 12:36:25,42.87,61.06,0.012,-0.074,1
2026-04-26 12:36:30,43.01,61.33,0.028,0.054,1
2026-04-26 12:36:35,42.77,61.31,-0.048,-0.004,1
2026-04-26 12:36:40,43.01,61.01,0.048,-0.06,1
2026-04-26 12:36:45,42.93,60.92,-0.016,-0.018,1
2026-04-26 12:36:50,42.88,61.01,-0.01,0.018,1
2026-04-26 12:36:55,42.91,61.65,0.006,0.128,1
2026-04-26 12:37:00,42.72,61.45,-0.038,-0.04,1
2026-04-26 12:37:05,42.86,61.2,0.028,-0.05,1
2026-04-26 12:37:10,28.99,70.46,-2.774,1.852,0
2026-04-26 12:37:15,28.94,70.64,-0.01,0.036,0
2026-04-26 12:37:20,28.94,71.17,0.0,0.106,0
2026-04-26 12:37:25,29.02,70.65,0.016,-0.104,0
2026-04-26 12:37:30,28.86,71.28,-0.032,0.126,0
2026-04-26 12:37:35,29.06,70.77,0.04,-0.102,0
2026-04-26 12:37:40,29.03,71.07,-0.006,0.06,0
2026-04-26 12:37:45,29.07,70.91,0.008,-0.032,0
2026-04-26 12:37:50,29.06,71.15,-0.002,0.048,0
2026-04-26 12:37:55,29.08,71.07,0.004,-0.016,0
2026-04-26 12:38:00,28.83,71.12,-0.05,0.01,0
2026-04-26 12:38:05,28.96,71.06,0.026,-0.012,0
2026-04-26 12:38:10,28.93,70.95,-0.006,-0.022,0
2026-04-26 12:38:15,28.95,70.59,0.004,-0.072,0
2026-04-26 12:38:20,28.99,70.6,0.008,0.002,0
2026-04-26 12:38:25,29.0,70.44,0.002,-0.032,0
2026-04-26 12:38:30,28.98,71.04,-0.004,0.12,0
2026-04-26 12:38:35,28.99,71.28,0.002,0.048,0
2026-04-26 12:38:40,29.07,70.94,0.016,-0.068,0
2026-04-26 12:38:45,29.03,71.17,-0.008,0.046,0
2026-04-26 12:38:50,29.2,70.16,0.034,-0.202,1
2026-04-26 12:38:55,29.34,69.85,0.028,-0.062,1
2026-04-26 12:39:00,29.51,69.48,0.034,-0.074,1
2026-04-26 12:39:05,29.65,69.19,0.028,-0.058,1
2026-04-26 12:39:10,29.76,68.7,0.022,-0.098,1
2026-04-26 12:39:15,29.68,69.08,-0.016,0.076,1
2026-04-26 12:39:20,29.86,68.28,0.036,-0.16,1
2026-04-26 12:39:25,29.98,68.19,0.024,-0.018,1
2026-04-26 12:39:30,30.13,68.42,0.03,0.046,1
2026-04-26 12:39:35,30.17,67.89,0.008,-0.106,1
2026-04-26 12:39:40,30.17,68.37,0.0,0.096,1
2026-04-26 12:39:45,30.23,67.77,0.012,-0.12,1
2026-04-26 12:39:50,30.28,67.43,0.01,-0.068,1
2026-04-26 12:39:55,30.33,67.83,0.01,0.08,1
2026-04-26 12:40:00,30.61,67.47,0.056,-0.072,1
2026-04-26 12:40:05,30.51,67.14,-0.02,-0.066,1
2026-04-26 12:40:10,30.51,67.82,0.0,0.136,1
2026-04-26 12:40:15,30.67,67.89,0.032,0.014,1
2026-04-26 12:40:20,30.53,67.67,-0.028,-0.044,1
2026-04-26 12:40:25,30.59,67.73,0.012,0.012,1
2026-04-26 12:40:30,30.76,68.06,0.034,0.066,1
2026-04-26 12:40:35,30.81,67.54,0.01,-0.104,1
2026-04-26 12:40:40,30.59,68.06,-0.044,0.104,1
2026-04-26 12:40:45,30.66,67.86,0.014,-0.04,1
2026-04-26 12:40:50,30.82,67.78,0.032,-0.016,1
2026-04-26 12:40:55,30.64,68.28,-0.036,0.1,1
2026-04-26 12:41:00,30.63,67.65,-0.002,-0.126,1
2026-04-26 12:41:05,30.64,67.81,0.002,0.032,1
2026-04-26 12:41:10,30.7,68.0,0.012,0.038,1
2026-04-26 12:41:15,30.7,67.91,0.0,-0.018,1
2026-04-26 12:41:20,30.63,68.03,-0.014,0.024,1
2026-04-26 12:41:25,30.76,68.47,0.026,0.088,1
2026-04-26 12:41:30,30.65,67.87,-0.022,-0.12,1
2026-04-26 12:41:35,30.76,68.09,0.022,0.044,1
2026-04-26 12:41:40,29.35,74.57,-0.282,1.296,0
2026-04-26 12:41:45,29.43,74.91,0.016,0.068,0
2026-04-26 12:41:50,29.29,74.65,-0.028,-0.052,0
2026-04-26 12:41:55,29.21,74.52,-0.016,-0.026,0
2026-04-26 12:42:00,29.38,75.2,0.034,0.136,0
2026-04-26 12:42:05,29.33,74.32,-0.01,-0.176,0
2026-04-26 12:42:10,29.34,74.72,0.002,0.08,0
2026-04-26 12:42:15,29.39,74.91,0.01,0.038,0
2026-04-26 12:42:20,29.47,74.94,0.016,0.006,0
2026-04-26 12:42:25,29.46,74.44,-0.002,-0.1,0
2026-04-26 12:42:30,29.44,74.69,-0.004,0.05,0
2026-04-26 12:42:35,29.32,75.07,-0.024,0.076,0
2026-04-26 12:42:40,29.38,75.0,0.012,-0.014,0
2026-04-26 12:42:45,29.42,75.12,0.008,0.024,0
2026-04-26 12:42:50,29.37,74.97,-0.01,-0.03,0
2026-04-26 12:42:55,29.29,74.83,-0.016,-0.028,0
2026-04-26 12:43:00,29.42,74.42,0.026,-0.082,0
2026-04-26 12:43:05,29.39,74.43,-0.006,0.002,0
2026-04-26 12:43:10,29.3,74.49,-0.018,0.012,0
2026-04-26 12:43:15,29.44,74.6,0.028,0.022,0
2026-04-26 12:43:20,29.49,75.05,0.01,0.09,0
2026-04-26 12:43:25,29.35,74.8,-0.028,-0.05,0
2026-04-26 12:43:30,31.64,73.15,0.458,-0.33,2
2026-04-26 12:43:35,33.45,71.8,0.362,-0.27,2
2026-04-26 12:43:40,34.97,70.99,0.304,-0.162,2
2026-04-26 12:43:45,36.14,70.46,0.234,-0.106,2
2026-04-26 12:43:50,37.03,69.35,0.178,-0.222,2
2026-04-26 12:43:55,37.4,69.11,0.074,-0.048,2
2026-04-26 12:44:00,37.87,68.53,0.094,-0.116,2
2026-04-26 12:44:05,37.79,68.26,-0.016,-0.054,2
2026-04-26 12:44:10,37.81,68.25,0.004,-0.002,2
2026-04-26 12:44:15,37.91,67.68,0.02,-0.114,2
2026-04-26 12:44:20,38.03,68.14,0.024,0.092,2
2026-04-26 12:44:25,38.3,67.74,0.054,-0.08,2
2026-04-26 12:44:30,37.96,67.89,-0.068,0.03,2
2026-04-26 12:44:35,38.06,67.49,0.02,-0.08,2
2026-04-26 12:44:40,38.08,67.56,0.004,0.014,2
2026-04-26 12:44:45,38.05,67.08,-0.006,-0.096,1
2026-04-26 12:44:50,38.46,67.05,0.082,-0.006,1
2026-04-26 12:44:55,38.61,66.62,0.03,-0.086,1
2026-04-26 12:45:00,38.79,66.7,0.036,0.016,1
2026-04-26 12:45:05,39.03,65.7,0.048,-0.2,1
2026-04-26 12:45:10,39.17,65.82,0.028,0.024,1
2026-04-26 12:45:15,39.32,65.53,0.03,-0.058,1
2026-04-26 12:45:20,39.35,65.49,0.006,-0.008,1
2026-04-26 12:45:25,39.35,65.4,0.0,-0.018,1
2026-04-26 12:45:30,39.29,65.6,-0.012,0.04,1
2026-04-26 12:45:35,39.36,65.8,0.014,0.04,1
2026-04-26 12:45:40,39.41,65.08,0.01,-0.144,1
2026-04-26 12:45:45,39.48,64.98,0.014,-0.02,1
2026-04-26 12:45:50,39.3,65.01,-0.036,0.006,1
2026-04-26 12:45:55,29.35,70.62,-1.99,1.122,0
2026-04-26 12:46:00,29.38,70.97,0.006,0.07,0
2026-04-26 12:46:05,29.29,70.88,-0.018,-0.018,0
2026-04-26 12:46:10,29.45,70.57,0.032,-0.062,0
2026-04-26 12:46:15,29.46,70.73,0.002,0.032,0
2026-04-26 12:46:20,29.39,70.36,-0.014,-0.074,0
2026-04-26 12:46:25,29.25,70.71,-0.028,0.07,0
2026-04-26 12:46:30,29.47,70.66,0.044,-0.01,0
2026-04-26 12:46:35,29.37,70.71,-0.02,0.01,0
2026-04-26 12:46:40,29.38,70.49,0.002,-0.044,0
2026-04-26 12:46:45,29.45,70.49,0.014,0.0,0
2026-04-26 12:46:50,29.38,70.83,-0.014,0.068,0
2026-04-26 12:46:55,29.48,70.21,0.02,-0.124,0
2026-04-26 12:47:00,29.58,70.46,0.02,0.05,0
2026-04-26 12:47:05,29.4,70.01,-0.036,-0.09,0
2026-04-26 12:47:10,29.32,70.85,-0.016,0.168,0
2026-04-26 12:47:15,29.52,70.41,0.04,-0.088,0
2026-04-26 12:47:20,29.34,70.29,-0.036,-0.024,0
2026-04-26 12:47:25,29.62,70.32,0.056,0.006,0
2026-04-26 12:47:30,29.6,70.4,-0.004,0.016,0
2026-04-26 12:47:35,29.35,70.25,-0.05,-0.03,0
2026-04-26 12:47:40,29.54,70.71,0.038,0.092,0
2026-04-26 12:47:45,29.3,70.58,-0.048,-0.026,0
2026-04-26 12:47:50,29.67,70.98,0.074,0.08,0
2026-04-26 12:47:55,29.63,70.63,-0.008,-0.07,0
2026-04-26 12:48:00,29.37,71.16,-0.052,0.106,0
2026-04-26 12:48:05,29.49,70.87,0.024,-0.058,0
2026-04-26 12:48:10,29.46,70.42,-0.006,-0.09,0
2026-04-26 12:48:15,29.54,70.48,0.016,0.012,0
2026-04-26 12:48:20,29.55,70.71,0.002,0.046,0
2026-04-26 12:48:25,29.53,70.42,-0.004,-0.058,0
2026-04-26 12:48:30,29.62,71.05,0.018,0.126,0
2026-04-26 12:48:35,29.48,70.46,-0.028,-0.118,0
2026-04-26 12:48:40,29.56,70.64,0.016,0.036,0
2026-04-26 12:48:45,29.63,70.6,0.014,-0.008,0
2026-04-26 12:48:50,29.54,70.45,-0.018,-0.03,1
2026-04-26 12:48:55,29.41,70.51,-0.026,0.012,1
2026-04-26 12:49:00,29.48,70.56,0.014,0.01,1
2026-04-26 12:49:05,29.45,70.18,-0.006,-0.076,1
2026-04-26 12:49:10,29.53,70.41,0.016,0.046,1
2026-04-26 12:49:15,29.48,70.63,-0.01,0.044,1
2026-04-26 12:49:20,29.48,71.01,0.0,0.076,1
2026-04-26 12:49:25,29.42,70.69,-0.012,-0.064,1
2026-04-26 12:49:30,29.35,70.25,-0.014,-0.088,1
2026-04-26 12:49:35,29.52,70.92,0.034,0.134,1
2026-04-26 12:49:40,29.36,70.72,-0.032,-0.04,1
2026-04-26 12:49:45,29.49,70.76,0.026,0.008,1
2026-04-26 12:49:50,29.4,70.57,-0.018,-0.038,1
2026-04-26 12:49:55,29.24,70.47,-0.032,-0.02,1
2026-04-26 12:50:00,29.33,70.96,0.018,0.098,1
2026-04-26 12:50:05,29.29,70.84,-0.008,-0.024,0
2026-04-26 12:50:10,29.36,70.24,0.014,-0.12,0
2026-04-26 12:50:15,29.42,70.59,0.012,0.07,0
2026-04-26 12:50:20,29.43,71.21,0.002,0.124,0
2026-04-26 12:50:25,29.58,70.86,0.03,-0.07,0
2026-04-26 12:50:30,29.46,70.5,-0.024,-0.072,0
2026-04-26 12:50:35,29.54,71.13,0.016,0.126,0
2026-04-26 12:50:40,29.55,70.33,0.002,-0.16,0
2026-04-26 12:50:45,29.42,71.21,-0.026,0.176,0
2026-04-26 12:50:50,29.48,71.01,0.012,-0.04,0
2026-04-26 12:50:55,29.46,71.32,-0.004,0.062,0
2026-04-26 12:51:00,29.45,70.95,-0.002,-0.074,0
2026-04-26 12:51:05,29.5,71.03,0.01,0.016,0
2026-04-26 12:51:10,29.63,71.16,0.026,0.026,0
2026-04-26 12:51:15,29.56,71.0,-0.014,-0.032,0
2026-04-26 12:51:20,29.53,70.74,-0.006,-0.052,0
2026-04-26 12:51:25,29.58,70.84,0.01,0.02,0
2026-04-26 12:51:30,28.67,74.9,-0.182,0.812,0
2026-04-26 12:51:35,28.84,74.9,0.034,0.0,0
2026-04-26 12:51:40,28.86,74.68,0.004,-0.044,0
2026-04-26 12:51:45,28.8,74.81,-0.012,0.026,0
2026-04-26 12:51:50,28.82,74.71,0.004,-0.02,0
2026-04-26 12:51:55,28.81,74.8,-0.002,0.018,0
2026-04-26 12:52:00,28.66,75.22,-0.03,0.084,0
2026-04-26 12:52:05,28.7,74.63,0.008,-0.118,0
2026-04-26 12:52:10,28.91,74.74,0.042,0.022,0
2026-04-26 12:52:15,28.8,75.1,-0.022,0.072,0
2026-04-26 12:52:20,28.79,75.37,-0.002,0.054,0
2026-04-26 12:52:25,28.93,74.9,0.028,-0.094,0
2026-04-26 12:52:30,28.72,75.34,-0.042,0.088,0
2026-04-26 12:52:35,28.82,75.06,0.02,-0.056,0
2026-04-26 12:52:40,28.82,74.59,0.0,-0.094,0
2026-04-26 12:52:45,28.81,75.66,-0.002,0.214,0
2026-04-26 12:52:50,28.76,75.19,-0.01,-0.094,0
2026-04-26 12:52:55,28.92,75.21,0.032,0.004,0
2026-04-26 12:53:00,28.8,75.06,-0.024,-0.03,0
2026-04-26 12:53:05,28.79,74.79,-0.002,-0.054,0
2026-04-26 12:53:10,28.87,75.45,0.016,0.132,0
2026-04-26 12:53:15,28.87,75.05,0.0,-0.08,0
2026-04-26 12:53:20,28.69,74.89,-0.036,-0.032,0
2026-04-26 12:53:25,28.75,75.14,0.012,0.05,0
2026-04-26 12:53:30,28.84,75.22,0.018,0.016,0
2026-04-26 12:53:35,28.9,75.17,0.012,-0.01,0
2026-04-26 12:53:40,28.86,75.0,-0.008,-0.034,0
2026-04-26 12:53:45,28.94,75.06,0.016,0.012,0
2026-04-26 12:53:50,28.8,74.98,-0.028,-0.016,0
2026-04-26 12:53:55,28.72,75.3,-0.016,0.064,0
2026-04-26 12:54:00,28.71,75.0,-0.002,-0.06,0
2026-04-26 12:54:05,30.63,73.74,0.384,-0.252,2
2026-04-26 12:54:10,31.92,73.25,0.258,-0.098,2
2026-04-26 12:54:15,33.11,72.71,0.238,-0.108,2
2026-04-26 12:54:20,34.04,72.18,0.186,-0.106,2
2026-04-26 12:54:25,34.62,71.81,0.116,-0.074,2
2026-04-26 12:54:30,34.8,71.52,0.036,-0.058,2
2026-04-26 12:54:35,35.25,70.87,0.09,-0.13,2
2026-04-26 12:54:40,35.36,70.86,0.022,-0.002,1
2026-04-26 12:54:45,35.44,70.06,0.016,-0.16,1
2026-04-26 12:54:50,35.58,70.44,0.028,0.076,1
2026-04-26 12:54:55,35.74,69.77,0.032,-0.134,1
2026-04-26 12:55:00,35.95,69.54,0.042,-0.046,1
2026-04-26 12:55:05,36.07,69.51,0.024,-0.006,1
2026-04-26 12:55:10,36.08,69.43,0.002,-0.016,1
2026-04-26 12:55:15,36.17,68.89,0.018,-0.108,1
2026-04-26 12:55:20,36.08,68.66,-0.018,-0.046,1
2026-04-26 12:55:25,36.12,68.83,0.008,0.034,1
2026-04-26 12:55:30,36.06,68.74,-0.012,-0.018,1
2026-04-26 12:55:35,36.19,68.59,0.026,-0.03,1
2026-04-26 12:55:40,35.98,68.67,-0.042,0.016,1
2026-04-26 12:55:45,29.21,72.9,-1.354,0.846,0
2026-04-26 12:55:50,29.34,73.05,0.026,0.03,0
2026-04-26 12:55:55,29.12,72.9,-0.044,-0.03,0
2026-04-26 12:56:00,29.1,72.78,-0.004,-0.024,0
2026-04-26 12:56:05,29.18,73.69,0.016,0.182,0
2026-04-26 12:56:10,29.16,73.29,-0.004,-0.08,0
2026-04-26 12:56:15,29.26,72.46,0.02,-0.166,0
2026-04-26 12:56:20,29.26,73.34,0.0,0.176,0
2026-04-26 12:56:25,29.25,72.73,-0.002,-0.122,0
2026-04-26 12:56:30,29.23,72.67,-0.004,-0.012,0
2026-04-26 12:56:35,29.23,72.51,0.0,-0.032,0
2026-04-26 12:56:40,29.25,72.72,0.004,0.042,0
2026-04-26 12:56:45,29.15,72.97,-0.02,0.05,0
2026-04-26 12:56:50,29.27,72.63,0.024,-0.068,0
2026-04-26 12:56:55,29.25,72.92,-0.004,0.058,0
2026-04-26 12:57:00,29.3,72.43,0.01,-0.098,0
2026-04-26 12:57:05,29.23,73.42,-0.014,0.198,0
2026-04-26 12:57:10,29.23,72.89,0.0,-0.106,0
2026-04-26 12:57:15,29.28,72.62,0.01,-0.054,0
2026-04-26 12:57:20,29.24,72.77,-0.008,0.03,0
2026-04-26 12:57:25,29.3,73.05,0.012,0.056,0
2026-04-26 12:57:30,29.32,72.7,0.004,-0.07,0
2026-04-26 12:57:35,29.31,73.14,-0.002,0.088,0
2026-04-26 12:57:40,29.29,72.75,-0.004,-0.078,0
2026-04-26 12:57:45,29.11,72.87,-0.036,0.024,0
2026-04-26 12:57:50,29.14,73.38,0.006,0.102,0
2026-04-26 12:57:55,29.2,72.57,0.012,-0.162,0
2026-04-26 12:58:00,29.36,72.92,0.032,0.07,0
2026-04-26 12:58:05,29.18,72.57,-0.036,-0.07,0
2026-04-26 12:58:10,29.34,72.45,0.032,-0.024,0
2026-04-26 12:58:15,29.12,72.85,-0.044,0.08,0
2026-04-26 12:58:20,29.26,73.11,0.028,0.052,0
2026-04-26 12:58:25,29.23,72.69,-0.006,-0.084,0
2026-04-26 12:58:30,29.29,72.78,0.012,0.018,0
2026-04-26 12:58:35,29.33,72.95,0.008,0.034,0
2026-04-26 12:58:40,29.28,73.25,-0.01,0.06,0
2026-04-26 12:58:45,29.27,72.35,-0.002,-0.18,0
2026-04-26 12:58:50,29.26,72.36,-0.002,0.002,0
2026-04-26 12:58:55,29.17,72.81,-0.018,0.09,0
2026-04-26 12:59:00,29.17,73.05,0.0,0.048,0
2026-04-26 12:59:05,29.21,73.15,0.008,0.02,0
2026-04-26 12:59:10,29.36,72.51,0.03,-0.128,0
2026-04-26 12:59:15,29.18,72.34,-0.036,-0.034,0
2026-04-26 12:59:20,29.35,73.09,0.034,0.15,1
2026-04-26 12:59:25,29.36,74.27,0.002,0.236,1
2026-04-26 12:59:30,29.34,74.85,-0.004,0.116,1
2026-04-26 12:59:35,29.2,74.54,-0.028,-0.062,1
2026-04-26 12:59:40,29.42,75.21,0.044,0.134,1
2026-04-26 12:59:45,29.35,75.13,-0.014,-0.016,1
2026-04-26 12:59:50,29.44,75.44,0.018,0.062,1
2026-04-26 12:59:55,29.56,75.56,0.024,0.024,1
2026-04-26 13:00:00,29.57,76.06,0.002,0.1,1
2026-04-26 13:00:05,29.55,75.63,-0.004,-0.086,1
2026-04-26 13:00:10,29.6,75.89,0.01,0.052,1
2026-04-26 13:00:15,29.43,75.63,-0.034,-0.052,1
2026-04-26 13:00:20,29.53,76.06,0.02,0.086,1
2026-04-26 13:00:25,29.65,76.22,0.024,0.032,1
2026-04-26 13:00:30,29.56,76.16,-0.018,-0.012,1
2026-04-26 13:00:35,29.4,76.8,-0.032,0.128,1
2026-04-26 13:00:40,29.55,76.39,0.03,-0.082,1
2026-04-26 13:00:45,29.34,72.84,-0.042,-0.71,0
2026-04-26 13:00:50,29.49,72.72,0.03,-0.024,0
2026-04-26 13:00:55,29.47,72.72,-0.004,0.0,0
2026-04-26 13:01:00,29.5,72.19,0.006,-0.106,0
2026-04-26 13:01:05,29.53,72.6,0.006,0.082,0
2026-04-26 13:01:10,29.52,72.46,-0.002,-0.028,0
2026-04-26 13:01:15,29.44,73.2,-0.016,0.148,0
2026-04-26 13:01:20,29.57,72.15,0.026,-0.21,0
2026-04-26 13:01:25,29.56,72.95,-0.002,0.16,0
2026-04-26 13:01:30,29.53,72.49,-0.006,-0.092,0
2026-04-26 13:01:35,29.53,72.74,0.0,0.05,0
2026-04-26 13:01:40,29.6,72.4,0.014,-0.068,0
2026-04-26 13:01:45,29.52,72.1,-0.016,-0.06,0
2026-04-26 13:01:50,29.57,72.84,0.01,0.148,0
2026-04-26 13:01:55,29.58,72.65,0.002,-0.038,0
2026-04-26 13:02:00,29.59,72.81,0.002,0.032,0
2026-04-26 13:02:05,29.62,72.35,0.006,-0.092,0
2026-04-26 13:02:10,29.41,72.93,-0.042,0.116,0
2026-04-26 13:02:15,29.7,72.73,0.058,-0.04,0
2026-04-26 13:02:20,29.66,73.2,-0.008,0.094,0
2026-04-26 13:02:25,29.56,72.39,-0.02,-0.162,0
2026-04-26 13:02:30,29.53,72.97,-0.006,0.116,0
2026-04-26 13:02:35,29.57,72.81,0.008,-0.032,0
2026-04-26 13:02:40,29.49,72.81,-0.016,0.0,0
2026-04-26 13:02:45,29.7,72.78,0.042,-0.006,0
2026-04-26 13:02:50,29.57,72.52,-0.026,-0.052,0
2026-04-26 13:02:55,29.67,72.57,0.02,0.01,0
2026-04-26 13:03:00,29.71,72.03,0.008,-0.108,1
2026-04-26 13:03:05,29.95,71.5,0.048,-0.106,1
2026-04-26 13:03:10,30.04,71.09,0.018,-0.082,1
2026-04-26 13:03:15,30.18,70.75,0.028,-0.068,1
2026-04-26 13:03:20,30.43,70.87,0.05,0.024,1
2026-04-26 13:03:25,30.51,69.73,0.016,-0.228,1
2026-04-26 13:03:30,30.57,70.2,0.012,0.094,1
2026-04-26 13:03:35,30.75,69.99,0.036,-0.042,1
2026-04-26 13:03:40,30.81,69.47,0.012,-0.104,1
2026-04-26 13:03:45,30.78,69.27,-0.006,-0.04,1
2026-04-26 13:03:50,30.92,68.66,0.028,-0.122,1
2026-04-26 13:03:55,31.11,69.24,0.038,0.116,1
2026-04-26 13:04:00,30.97,69.08,-0.028,-0.032,1
2026-04-26 13:04:05,30.99,69.35,0.004,0.054,1
2026-04-26 13:04:10,31.12,68.9,0.026,-0.09,1
2026-04-26 13:04:15,31.07,69.28,-0.01,0.076,1
2026-04-26 13:04:20,31.29,69.24,0.044,-0.008,1
2026-04-26 13:04:25,31.09,68.88,-0.04,-0.072,1
2026-04-26 13:04:30,31.26,69.45,0.034,0.114,1
2026-04-26 13:04:35,31.14,68.98,-0.024,-0.094,1
2026-04-26 13:04:40,31.28,69.31,0.028,0.066,1
2026-04-26 13:04:45,31.25,69.3,-0.006,-0.002,1
2026-04-26 13:04:50,31.26,69.05,0.002,-0.05,1
2026-04-26 13:04:55,29.26,72.36,-0.4,0.662,0
2026-04-26 13:05:00,29.38,72.35,0.024,-0.002,0
2026-04-26 13:05:05,29.47,71.7,0.018,-0.13,0
2026-04-26 13:05:10,29.49,72.2,0.004,0.1,0
2026-04-26 13:05:15,29.46,72.34,-0.006,0.028,0
2026-04-26 13:05:20,29.31,72.45,-0.03,0.022,0
2026-04-26 13:05:25,29.32,72.17,0.002,-0.056,0
2026-04-26 13:05:30,29.45,71.9,0.026,-0.054,0
2026-04-26 13:05:35,29.46,72.17,0.002,0.054,0
2026-04-26 13:05:40,29.4,72.48,-0.012,0.062,0
2026-04-26 13:05:45,29.24,72.3,-0.032,-0.036,0
2026-04-26 13:05:50,29.57,72.5,0.066,0.04,0
2026-04-26 13:05:55,29.49,72.56,-0.016,0.012,0
2026-04-26 13:06:00,29.45,72.58,-0.008,0.004,0
2026-04-26 13:06:05,29.57,72.4,0.024,-0.036,0
2026-04-26 13:06:10,29.57,72.11,0.0,-0.058,0
2026-04-26 13:06:15,29.37,72.66,-0.04,0.11,0
2026-04-26 13:06:20,29.47,72.45,0.02,-0.042,0
2026-04-26 13:06:25,29.41,73.05,-0.012,0.12,0
2026-04-26 13:06:30,29.42,72.8,0.002,-0.05,0
2026-04-26 13:06:35,29.45,72.45,0.006,-0.07,0
2026-04-26 13:06:40,29.59,72.42,0.028,-0.006,0
2026-04-26 13:06:45,29.57,72.65,-0.004,0.046,0
2026-04-26 13:06:50,29.48,73.36,-0.018,0.142,0
2026-04-26 13:06:55,29.43,72.69,-0.01,-0.134,0
2026-04-26 13:07:00,29.4,72.74,-0.006,0.01,0
2026-04-26 13:07:05,29.38,72.74,-0.004,0.0,0
2026-04-26 13:07:10,29.57,73.24,0.038,0.1,1
2026-04-26 13:07:15,29.43,74.17,-0.028,0.186,1
2026-04-26 13:07:20,29.68,74.2,0.05,0.006,1
2026-04-26 13:07:25,29.54,74.87,-0.028,0.134,1
2026-04-26 13:07:30,29.54,74.99,0.0,0.024,1
2026-04-26 13:07:35,29.74,75.3,0.04,0.062,1
2026-04-26 13:07:40,29.81,75.85,0.014,0.11,1
2026-04-26 13:07:45,29.64,76.18,-0.034,0.066,1
2026-04-26 13:07:50,29.77,76.36,0.026,0.036,1
2026-04-26 13:07:55,29.75,76.71,-0.004,0.07,1
2026-04-26 13:08:00,29.81,76.56,0.012,-0.03,1
2026-04-26 13:08:05,30.01,76.93,0.04,0.074,1
2026-04-26 13:08:10,29.86,77.11,-0.03,0.036,1
2026-04-26 13:08:15,29.88,77.1,0.004,-0.002,1
2026-04-26 13:08:20,29.86,77.59,-0.004,0.098,1
2026-04-26 13:08:25,29.87,77.62,0.002,0.006,1
2026-04-26 13:08:30,29.89,77.46,0.004,-0.032,1
2026-04-26 13:08:35,29.9,77.49,0.002,0.006,1
2026-04-26 13:08:40,30.02,77.59,0.024,0.02,1
2026-04-26 13:08:45,30.08,77.99,0.012,0.08,1
2026-04-26 13:08:50,29.92,77.39,-0.032,-0.12,1
2026-04-26 13:08:55,29.99,77.86,0.014,0.094,1
2026-04-26 13:09:00,29.86,78.0,-0.026,0.028,1
2026-04-26 13:09:05,29.91,77.81,0.01,-0.038,1
2026-04-26 13:09:10,29.99,78.04,0.016,0.046,1
2026-04-26 13:09:15,29.96,77.49,-0.006,-0.11,1
2026-04-26 13:09:20,29.93,78.15,-0.006,0.132,1
2026-04-26 13:09:25,28.65,70.64,-0.256,-1.502,0
2026-04-26 13:09:30,28.8,70.69,0.03,0.01,0
2026-04-26 13:09:35,28.68,70.59,-0.024,-0.02,0
2026-04-26 13:09:40,28.63,70.9,-0.01,0.062,0
2026-04-26 13:09:45,28.7,71.2,0.014,0.06,0
2026-04-26 13:09:50,28.77,70.89,0.014,-0.062,0
2026-04-26 13:09:55,28.74,70.95,-0.006,0.012,0
2026-04-26 13:10:00,28.62,70.77,-0.024,-0.036,0
2026-04-26 13:10:05,28.72,70.67,0.02,-0.02,0
2026-04-26 13:10:10,28.69,70.69,-0.006,0.004,0
2026-04-26 13:10:15,28.7,70.51,0.002,-0.036,0
2026-04-26 13:10:20,28.72,70.89,0.004,0.076,0
2026-04-26 13:10:25,28.74,70.5,0.004,-0.078,0
2026-04-26 13:10:30,28.68,71.02,-0.012,0.104,0
2026-04-26 13:10:35,28.71,70.59,0.006,-0.086,0
2026-04-26 13:10:40,28.81,70.44,0.02,-0.03,0
2026-04-26 13:10:45,28.83,70.52,0.004,0.016,0
2026-04-26 13:10:50,28.76,70.51,-0.014,-0.002,0
2026-04-26 13:10:55,28.83,70.76,0.014,0.05,0
2026-04-26 13:11:00,28.74,70.54,-0.018,-0.044,0
2026-04-26 13:11:05,28.81,70.69,0.014,0.03,0
2026-04-26 13:11:10,28.9,70.56,0.018,-0.026,0
2026-04-26 13:11:15,28.71,70.79,-0.038,0.046,0
2026-04-26 13:11:20,28.7,69.96,-0.002,-0.166,0
2026-04-26 13:11:25,28.74,70.8,0.008,0.168,0
2026-04-26 13:11:30,28.7,70.2,-0.008,-0.12,0
2026-04-26 13:11:35,28.81,70.17,0.022,-0.006,0
2026-04-26 13:11:40,28.71,70.23,-0.02,0.012,0
2026-04-26 13:11:45,28.75,70.78,0.008,0.11,0
2026-04-26 13:11:50,28.6,70.55,-0.03,-0.046,0
2026-04-26 13:11:55,28.84,70.2,0.048,-0.07,0
2026-04-26 13:12:00,28.76,70.43,-0.016,0.046,0
2026-04-26 13:12:05,28.83,70.6,0.014,0.034,0
2026-04-26 13:12:10,28.67,70.54,-0.032,-0.012,0
2026-04-26 13:12:15,28.8,70.13,0.026,-0.082,0
2026-04-26 13:12:20,28.88,70.46,0.016,0.066,0
2026-04-26 13:12:25,28.79,70.75,-0.018,0.058,0
2026-04-26 13:12:30,28.81,70.37,0.004,-0.076,0
2026-04-26 13:12:35,28.86,70.03,0.01,-0.068,0
2026-04-26 13:12:40,28.75,70.74,-0.022,0.142,0
2026-04-26 13:12:45,28.86,70.57,0.022,-0.034,0
2026-04-26 13:12:50,28.85,70.52,-0.002,-0.01,0
2026-04-26 13:12:55,28.77,70.5,-0.016,-0.004,0
2026-04-26 13:13:00,28.79,70.89,0.004,0.078,0
2026-04-26 13:13:05,28.85,70.78,0.012,-0.022,0
2026-04-26 13:13:10,28.84,70.1,-0.002,-0.136,0
2026-04-26 13:13:15,28.7,70.9,-0.028,0.16,0
2026-04-26 13:13:20,28.81,70.6,0.022,-0.06,0
2026-04-26 13:13:25,28.94,70.18,0.026,-0.084,1
2026-04-26 13:13:30,29.19,69.71,0.05,-0.094,1
2026-04-26 13:13:35,29.3,69.48,0.022,-0.046,1
2026-04-26 13:13:40,29.43,69.17,0.026,-0.062,1
2026-04-26 13:13:45,29.61,69.56,0.036,0.078,1
2026-04-26 13:13:50,29.68,69.16,0.014,-0.08,1
2026-04-26 13:13:55,29.85,68.85,0.034,-0.062,1
2026-04-26 13:14:00,29.8,68.45,-0.01,-0.08,1
2026-04-26 13:14:05,30.01,69.01,0.042,0.112,1
2026-04-26 13:14:10,29.94,68.68,-0.014,-0.066,1
2026-04-26 13:14:15,29.98,68.41,0.008,-0.054,1
2026-04-26 13:14:20,30.01,68.56,0.006,0.03,1
2026-04-26 13:14:25,30.01,68.91,0.0,0.07,1
2026-04-26 13:14:30,29.96,68.58,-0.01,-0.066,1
2026-04-26 13:14:35,30.01,69.16,0.01,0.116,1
2026-04-26 13:14:40,29.93,68.86,-0.016,-0.06,1
2026-04-26 13:14:45,29.98,69.01,0.01,0.03,1
2026-04-26 13:14:50,30.06,68.78,0.016,-0.046,1
2026-04-26 13:14:55,28.66,73.79,-0.28,1.002,0
2026-04-26 13:15:00,28.59,73.7,-0.014,-0.018,0
2026-04-26 13:15:05,28.57,73.74,-0.004,0.008,0
2026-04-26 13:15:10,28.82,73.8,0.05,0.012,0
2026-04-26 13:15:15,28.81,73.51,-0.002,-0.058,0
2026-04-26 13:15:20,28.95,73.7,0.028,0.038,0
2026-04-26 13:15:25,28.85,74.12,-0.02,0.084,0
2026-04-26 13:15:30,28.81,73.33,-0.008,-0.158,0
2026-04-26 13:15:35,28.75,73.61,-0.012,0.056,0
2026-04-26 13:15:40,28.72,74.15,-0.006,0.108,0
2026-04-26 13:15:45,28.72,74.03,0.0,-0.024,0
2026-04-26 13:15:50,28.7,73.83,-0.004,-0.04,0
2026-04-26 13:15:55,28.67,73.49,-0.006,-0.068,0
2026-04-26 13:16:00,28.78,74.1,0.022,0.122,0
2026-04-26 13:16:05,28.68,73.66,-0.02,-0.088,0
2026-04-26 13:16:10,28.84,73.65,0.032,-0.002,0
2026-04-26 13:16:15,28.91,73.62,0.014,-0.006,0
2026-04-26 13:16:20,28.83,73.95,-0.016,0.066,0
2026-04-26 13:16:25,28.78,73.96,-0.01,0.002,0
2026-04-26 13:16:30,28.72,73.86,-0.012,-0.02,0
2026-04-26 13:16:35,28.72,73.85,0.0,-0.002,0
2026-04-26 13:16:40,28.79,73.54,0.014,-0.062,0
2026-04-26 13:16:45,28.73,73.86,-0.012,0.064,0
2026-04-26 13:16:50,28.87,73.77,0.028,-0.018,0
2026-04-26 13:16:55,28.74,73.9,-0.026,0.026,0
2026-04-26 13:17:00,28.84,73.72,0.02,-0.036,0
2026-04-26 13:17:05,28.72,73.9,-0.024,0.036,0
2026-04-26 13:17:10,28.7,73.91,-0.004,0.002,0
2026-04-26 13:17:15,33.1,70.89,0.88,-0.604,2
2026-04-26 13:17:20,36.47,69.26,0.674,-0.326,2
2026-04-26 13:17:25,38.43,67.37,0.392,-0.378,2
2026-04-26 13:17:30,39.76,66.65,0.266,-0.144,2
2026-04-26 13:17:35,40.52,65.96,0.152,-0.138,2
2026-04-26 13:17:40,40.87,65.72,0.07,-0.048,2
2026-04-26 13:17:45,40.85,65.54,-0.004,-0.036,2
2026-04-26 13:17:50,41.06,64.96,0.042,-0.116,2
2026-04-26 13:17:55,41.2,64.73,0.028,-0.046,2
2026-04-26 13:18:00,41.11,64.73,-0.018,0.0,2
2026-04-26 13:18:05,41.14,64.78,0.006,0.01,2
2026-04-26 13:18:10,41.01,64.68,-0.026,-0.02,2
2026-04-26 13:18:15,41.12,64.04,0.022,-0.128,2
2026-04-26 13:18:20,41.36,63.77,0.048,-0.054,1
2026-04-26 13:18:25,41.48,63.88,0.024,0.022,1
2026-04-26 13:18:30,41.65,63.88,0.034,0.0,1
2026-04-26 13:18:35,41.91,63.5,0.052,-0.076,1
2026-04-26 13:18:40,41.97,63.6,0.012,0.02,1
2026-04-26 13:18:45,41.91,63.15,-0.012,-0.09,1
2026-04-26 13:18:50,41.97,63.61,0.012,0.092,1
2026-04-26 13:18:55,41.91,63.07,-0.012,-0.108,1
2026-04-26 13:19:00,42.02,63.24,0.022,0.034,1
2026-04-26 13:19:05,42.14,62.99,0.024,-0.05,1
2026-04-26 13:19:10,42.0,62.9,-0.028,-0.018,1
2026-04-26 13:19:15,42.14,62.79,0.028,-0.022,1
2026-04-26 13:19:20,41.95,63.02,-0.038,0.046,1
2026-04-26 13:19:25,41.97,62.82,0.004,-0.04,1
2026-04-26 13:19:30,41.96,63.03,-0.002,0.042,1
2026-04-26 13:19:35,41.96,62.57,0.0,-0.092,1
2026-04-26 13:19:40,42.01,62.7,0.01,0.026,1
2026-04-26 13:19:45,42.04,62.61,0.006,-0.018,1
2026-04-26 13:19:50,42.08,62.94,0.008,0.066,1
2026-04-26 13:19:55,42.16,62.71,0.016,-0.046,1
2026-04-26 13:20:00,28.93,70.64,-2.646,1.586,0
2026-04-26 13:20:05,29.03,70.75,0.02,0.022,0
2026-04-26 13:20:10,28.87,70.76,-0.032,0.002,0
2026-04-26 13:20:15,28.95,70.11,0.016,-0.13,0
2026-04-26 13:20:20,29.07,70.67,0.024,0.112,0
2026-04-26 13:20:25,28.97,70.62,-0.02,-0.01,0
2026-04-26 13:20:30,28.9,70.7,-0.014,0.016,0
2026-04-26 13:20:35,29.03,70.8,0.026,0.02,0
2026-04-26 13:20:40,29.01,70.65,-0.004,-0.03,0
2026-04-26 13:20:45,29.12,70.71,0.022,0.012,0
2026-04-26 13:20:50,29.06,70.16,-0.012,-0.11,0
2026-04-26 13:20:55,29.05,70.46,-0.002,0.06,0
2026-04-26 13:21:00,28.91,70.66,-0.028,0.04,0
2026-04-26 13:21:05,28.97,70.55,0.012,-0.022,0
2026-04-26 13:21:10,29.05,70.44,0.016,-0.022,0
2026-04-26 13:21:15,29.06,70.38,0.002,-0.012,0
2026-04-26 13:21:20,28.92,70.28,-0.028,-0.02,0
2026-04-26 13:21:25,29.18,70.51,0.052,0.046,0
2026-04-26 13:21:30,28.93,70.18,-0.05,-0.066,0
2026-04-26 13:21:35,29.01,70.5,0.016,0.064,0
2026-04-26 13:21:40,28.99,70.65,-0.004,0.03,0
2026-04-26 13:21:45,29.01,70.4,0.004,-0.05,0
2026-04-26 13:21:50,29.0,70.4,-0.002,0.0,0
2026-04-26 13:21:55,29.05,70.54,0.01,0.028,0
2026-04-26 13:22:00,28.97,70.34,-0.016,-0.04,0
2026-04-26 13:22:05,28.89,70.26,-0.016,-0.016,0
2026-04-26 13:22:10,28.96,70.23,0.014,-0.006,0
2026-04-26 13:22:15,29.12,70.32,0.032,0.018,0
2026-04-26 13:22:20,28.99,71.01,-0.026,0.138,0
2026-04-26 13:22:25,28.97,70.02,-0.004,-0.198,0
2026-04-26 13:22:30,28.92,70.09,-0.01,0.014,0
2026-04-26 13:22:35,29.06,70.55,0.028,0.092,0
2026-04-26 13:22:40,29.1,70.43,0.008,-0.024,0
2026-04-26 13:22:45,29.08,70.24,-0.004,-0.038,0
2026-04-26 13:22:50,28.94,69.96,-0.028,-0.056,0
2026-04-26 13:22:55,29.13,70.5,0.038,0.108,0
2026-04-26 13:23:00,29.06,69.96,-0.014,-0.108,0
2026-04-26 13:23:05,28.99,70.53,-0.014,0.114,0
2026-04-26 13:23:10,29.0,70.34,0.002,-0.038,0
2026-04-26 13:23:15,29.09,70.87,0.018,0.106,0
2026-04-26 13:23:20,28.93,70.87,-0.032,0.0,0
2026-04-26 13:23:25,28.91,70.58,-0.004,-0.058,0
2026-04-26 13:23:30,29.14,70.74,0.046,0.032,0
2026-04-26 13:23:35,29.17,70.52,0.006,-0.044,0
2026-04-26 13:23:40,28.97,69.78,-0.04,-0.148,0
2026-04-26 13:23:45,29.18,70.29,0.042,0.102,0
2026-04-26 13:23:50,29.07,70.48,-0.022,0.038,0
2026-04-26 13:23:55,28.89,70.65,-0.036,0.034,0
2026-04-26 13:24:00,29.32,70.0,0.086,-0.13,1
2026-04-26 13:24:05,29.62,69.31,0.06,-0.138,1
2026-04-26 13:24:10,29.79,68.88,0.034,-0.086,1
2026-04-26 13:24:15,30.05,68.9,0.052,0.004,1
2026-04-26 13:24:20,30.27,68.78,0.044,-0.024,1
2026-04-26 13:24:25,30.41,68.06,0.028,-0.144,1
2026-04-26 13:24:30,30.51,67.94,0.02,-0.024,1
2026-04-26 13:24:35,30.75,67.27,0.048,-0.134,1
2026-04-26 13:24:40,30.88,67.33,0.026,0.012,1
2026-04-26 13:24:45,30.92,67.8,0.008,0.094,1
2026-04-26 13:24:50,30.93,67.75,0.002,-0.01,1
2026-04-26 13:24:55,30.87,67.51,-0.012,-0.048,1
2026-04-26 13:25:00,31.08,67.99,0.042,0.096,1
2026-04-26 13:25:05,31.0,67.86,-0.016,-0.026,1
2026-04-26 13:25:10,31.11,67.64,0.022,-0.044,1
2026-04-26 13:25:15,31.04,68.08,-0.014,0.088,1
2026-04-26 13:25:20,31.12,68.28,0.016,0.04,1
2026-04-26 13:25:25,31.06,67.91,-0.012,-0.074,1
2026-04-26 13:25:30,31.12,68.28,0.012,0.074,1
2026-04-26 13:25:35,31.1,68.0,-0.004,-0.056,1
2026-04-26 13:25:40,31.16,68.25,0.012,0.05,1
2026-04-26 13:25:45,30.89,67.9,-0.054,-0.07,1
2026-04-26 13:25:50,31.08,68.21,0.038,0.062,1
2026-04-26 13:25:55,31.1,68.04,0.004,-0.034,1
2026-04-26 13:26:00,29.06,72.83,-0.408,0.958,0
2026-04-26 13:26:05,28.93,72.86,-0.026,0.006,0
2026-04-26 13:26:10,28.92,72.63,-0.002,-0.046,0
2026-04-26 13:26:15,29.14,73.35,0.044,0.144,0
2026-04-26 13:26:20,28.91,73.08,-0.046,-0.054,0
2026-04-26 13:26:25,29.0,72.99,0.018,-0.018,0
2026-04-26 13:26:30,29.15,72.96,0.03,-0.006,0
2026-04-26 13:26:35,29.22,72.69,0.014,-0.054,0
2026-04-26 13:26:40,29.02,72.8,-0.04,0.022,0
2026-04-26 13:26:45,29.17,72.7,0.03,-0.02,0
2026-04-26 13:26:50,29.16,72.84,-0.002,0.028,0
2026-04-26 13:26:55,29.13,73.31,-0.006,0.094,0
2026-04-26 13:27:00,29.13,72.91,0.0,-0.08,0
2026-04-26 13:27:05,29.19,73.1,0.012,0.038,0
2026-04-26 13:27:10,29.14,72.99,-0.01,-0.022,0
2026-04-26 13:27:15,29.01,73.0,-0.026,0.002,0
2026-04-26 13:27:20,29.24,73.0,0.046,0.0,0
2026-04-26 13:27:25,29.12,72.55,-0.024,-0.09,0
2026-04-26 13:27:30,29.07,72.89,-0.01,0.068,0
2026-04-26 13:27:35,29.09,73.16,0.004,0.054,0
2026-04-26 13:27:40,29.12,73.22,0.006,0.012,0
2026-04-26 13:27:45,29.11,73.07,-0.002,-0.03,0
2026-04-26 13:27:50,29.13,73.19,0.004,0.024,0
2026-04-26 13:27:55,29.24,72.73,0.022,-0.092,0
2026-04-26 13:28:00,29.07,73.0,-0.034,0.054,0
2026-04-26 13:28:05,29.03,73.06,-0.008,0.012,0
2026-04-26 13:28:10,29.23,73.1,0.04,0.008,0
2026-04-26 13:28:15,29.06,72.99,-0.034,-0.022,0
2026-04-26 13:28:20,29.07,72.89,0.002,-0.02,0
2026-04-26 13:28:25,29.2,73.07,0.026,0.036,0
2026-04-26 13:28:30,29.23,73.12,0.006,0.01,0
2026-04-26 13:28:35,29.21,73.01,-0.004,-0.022,0
2026-04-26 13:28:40,29.02,73.13,-0.038,0.024,0
2026-04-26 13:28:45,29.2,73.03,0.036,-0.02,0
2026-04-26 13:28:50,29.18,73.02,-0.004,-0.002,0
2026-04-26 13:28:55,29.13,73.14,-0.01,0.024,0
2026-04-26 13:29:00,29.13,73.14,0.0,0.0,0
2026-04-26 13:29:05,29.07,73.04,-0.012,-0.02,0
2026-04-26 13:29:10,32.12,69.26,0.61,-0.756,2
2026-04-26 13:29:15,34.26,67.14,0.428,-0.424,2
2026-04-26 13:29:20,35.71,65.7,0.29,-0.288,2
2026-04-26 13:29:25,36.66,64.57,0.19,-0.226,2
2026-04-26 13:29:30,37.19,63.09,0.106,-0.296,2
2026-04-26 13:29:35,37.39,62.96,0.04,-0.026,2
2026-04-26 13:29:40,37.55,62.8,0.032,-0.032,2
2026-04-26 13:29:45,37.53,62.45,-0.004,-0.07,2
2026-04-26 13:29:50,37.63,62.11,0.02,-0.068,2
2026-04-26 13:29:55,37.63,61.66,0.0,-0.09,2
2026-04-26 13:30:00,37.57,61.97,-0.012,0.062,2
2026-04-26 13:30:05,37.52,61.84,-0.01,-0.026,2
2026-04-26 13:30:10,37.53,61.25,0.002,-0.118,1
2026-04-26 13:30:15,37.67,61.45,0.028,0.04,1
2026-04-26 13:30:20,37.85,61.2,0.036,-0.05,1
2026-04-26 13:30:25,37.83,61.05,-0.004,-0.03,1
2026-04-26 13:30:30,38.0,60.9,0.034,-0.03,1
2026-04-26 13:30:35,38.11,60.54,0.022,-0.072,1
2026-04-26 13:30:40,38.02,60.18,-0.018,-0.072,1
2026-04-26 13:30:45,38.17,60.41,0.03,0.046,1
2026-04-26 13:30:50,38.03,59.95,-0.028,-0.092,1
2026-04-26 13:30:55,38.0,60.19,-0.006,0.048,1
2026-04-26 13:31:00,38.06,60.09,0.012,-0.02,1
2026-04-26 13:31:05,38.18,60.3,0.024,0.042,1
2026-04-26 13:31:10,38.06,59.97,-0.024,-0.066,1
2026-04-26 13:31:15,37.95,60.86,-0.022,0.178,1
2026-04-26 13:31:20,38.24,60.06,0.058,-0.16,1
2026-04-26 13:31:25,29.42,74.49,-1.764,2.886,0
2026-04-26 13:31:30,29.52,74.79,0.02,0.06,0
2026-04-26 13:31:35,29.45,75.06,-0.014,0.054,0
2026-04-26 13:31:40,29.3,74.75,-0.03,-0.062,0
2026-04-26 13:31:45,29.38,75.22,0.016,0.094,0
2026-04-26 13:31:50,29.57,75.35,0.038,0.026,0
2026-04-26 13:31:55,29.36,74.88,-0.042,-0.094,0
2026-04-26 13:32:00,29.41,75.08,0.01,0.04,0
2026-04-26 13:32:05,29.5,74.57,0.018,-0.102,0
2026-04-26 13:32:10,29.4,75.1,-0.02,0.106,0
2026-04-26 13:32:15,29.65,74.87,0.05,-0.046,0
2026-04-26 13:32:20,29.51,75.11,-0.028,0.048,0
2026-04-26 13:32:25,29.43,74.57,-0.016,-0.108,0
2026-04-26 13:32:30,29.63,74.87,0.04,0.06,0
2026-04-26 13:32:35,29.42,75.32,-0.042,0.09,0
2026-04-26 13:32:40,29.61,75.3,0.038,-0.004,0
2026-04-26 13:32:45,29.48,74.7,-0.026,-0.12,0
2026-04-26 13:32:50,29.42,74.76,-0.012,0.012,0
2026-04-26 13:32:55,29.59,74.6,0.034,-0.032,0
2026-04-26 13:33:00,29.61,74.45,0.004,-0.03,0
2026-04-26 13:33:05,29.45,74.79,-0.032,0.068,0
2026-04-26 13:33:10,29.52,74.69,0.014,-0.02,0
2026-04-26 13:33:15,29.53,74.87,0.002,0.036,0
2026-04-26 13:33:20,29.43,74.43,-0.02,-0.088,0
2026-04-26 13:33:25,29.5,74.45,0.014,0.004,0
2026-04-26 13:33:30,29.49,74.83,-0.002,0.076,0
2026-04-26 13:33:35,29.87,74.45,0.076,-0.076,1
2026-04-26 13:33:40,30.06,73.67,0.038,-0.156,1
2026-04-26 13:33:45,30.5,73.58,0.088,-0.018,1
2026-04-26 13:33:50,30.53,73.7,0.006,0.024,1
2026-04-26 13:33:55,30.79,73.1,0.052,-0.12,1
2026-04-26 13:34:00,31.12,72.93,0.066,-0.034,1
2026-04-26 13:34:05,31.22,72.57,0.02,-0.072,1
2026-04-26 13:34:10,31.38,72.46,0.032,-0.022,1
2026-04-26 13:34:15,31.62,72.27,0.048,-0.038,1
2026-04-26 13:34:20,31.8,71.73,0.036,-0.108,1
2026-04-26 13:34:25,31.74,71.68,-0.012,-0.01,1
2026-04-26 13:34:30,31.97,71.41,0.046,-0.054,1
2026-04-26 13:34:35,32.15,71.71,0.036,0.06,1
2026-04-26 13:34:40,32.19,71.61,0.008,-0.02,1
2026-04-26 13:34:45,32.37,71.61,0.036,0.0,1
2026-04-26 13:34:50,32.2,71.71,-0.034,0.02,1
2026-04-26 13:34:55,32.2,71.68,0.0,-0.006,1
2026-04-26 13:35:00,32.3,71.53,0.02,-0.03,1
2026-04-26 13:35:05,32.44,71.61,0.028,0.016,1
2026-04-26 13:35:10,32.35,71.69,-0.018,0.016,1
2026-04-26 13:35:15,32.45,72.44,0.02,0.15,1
2026-04-26 13:35:20,32.45,72.24,0.0,-0.04,1
2026-04-26 13:35:25,32.53,71.75,0.016,-0.098,1
2026-04-26 13:35:30,32.6,71.37,0.014,-0.076,1
2026-04-26 13:35:35,32.39,72.07,-0.042,0.14,1
2026-04-26 13:35:40,32.52,71.76,0.026,-0.062,1
2026-04-26 13:35:45,32.57,72.08,0.01,0.064,1
2026-04-26 13:35:50,32.44,72.06,-0.026,-0.004,1
2026-04-26 13:35:55,32.67,72.02,0.046,-0.008,1
2026-04-26 13:36:00,32.41,71.64,-0.052,-0.076,1
2026-04-26 13:36:05,32.43,71.47,0.004,-0.034,1
2026-04-26 13:36:10,32.45,71.96,0.004,0.098,1
2026-04-26 13:36:15,28.74,72.54,-0.742,0.116,0
2026-04-26 13:36:20,28.69,72.67,-0.01,0.026,0
2026-04-26 13:36:25,28.74,72.67,0.01,0.0,0
2026-04-26 13:36:30,28.68,73.03,-0.012,0.072,0
2026-04-26 13:36:35,28.61,72.72,-0.014,-0.062,0
2026-04-26 13:36:40,28.63,72.74,0.004,0.004,0
2026-04-26 13:36:45,28.73,72.8,0.02,0.012,0
2026-04-26 13:36:50,28.69,72.75,-0.008,-0.01,0
2026-04-26 13:36:55,28.74,72.3,0.01,-0.09,0
2026-04-26 13:37:00,28.75,72.45,0.002,0.03,0
2026-04-26 13:37:05,28.7,72.65,-0.01,0.04,0
2026-04-26 13:37:10,28.71,73.33,0.002,0.136,0
2026-04-26 13:37:15,28.62,72.7,-0.018,-0.126,0
2026-04-26 13:37:20,28.8,72.47,0.036,-0.046,0
2026-04-26 13:37:25,28.65,72.53,-0.03,0.012,0
2026-04-26 13:37:30,28.56,72.97,-0.018,0.088,0
2026-04-26 13:37:35,28.61,72.73,0.01,-0.048,0
2026-04-26 13:37:40,28.56,72.62,-0.01,-0.022,0
2026-04-26 13:37:45,28.61,73.12,0.01,0.1,0
2026-04-26 13:37:50,28.68,72.42,0.014,-0.14,0
2026-04-26 13:37:55,28.76,72.61,0.016,0.038,0
2026-04-26 13:38:00,28.7,72.72,-0.012,0.022,0
2026-04-26 13:38:05,28.52,72.75,-0.036,0.006,0
2026-04-26 13:38:10,28.68,72.61,0.032,-0.028,0
2026-04-26 13:38:15,28.67,72.67,-0.002,0.012,0
2026-04-26 13:38:20,28.85,72.63,0.036,-0.008,0
2026-04-26 13:38:25,28.7,72.45,-0.03,-0.036,0
2026-04-26 13:38:30,28.5,72.48,-0.04,0.006,0
2026-04-26 13:38:35,28.73,72.64,0.046,0.032,0
2026-04-26 13:38:40,28.58,72.92,-0.03,0.056,0
2026-04-26 13:38:45,28.73,72.38,0.03,-0.108,0
2026-04-26 13:38:50,28.72,72.53,-0.002,0.03,0
2026-04-26 13:38:55,28.68,72.4,-0.008,-0.026,0
2026-04-26 13:39:00,28.75,72.69,0.014,0.058,0
2026-04-26 13:39:05,28.63,72.97,-0.024,0.056,0
2026-04-26 13:39:10,28.77,72.65,0.028,-0.064,0
2026-04-26 13:39:15,28.75,72.65,-0.004,0.0,0
2026-04-26 13:39:20,28.81,72.88,0.012,0.046,0
2026-04-26 13:39:25,28.61,72.46,-0.04,-0.084,0
2026-04-26 13:39:30,28.65,72.51,0.008,0.01,0
2026-04-26 13:39:35,32.62,69.55,0.794,-0.592,2
2026-04-26 13:39:40,35.35,66.8,0.546,-0.55,2
2026-04-26 13:39:45,37.25,65.31,0.38,-0.298,2
2026-04-26 13:39:50,38.38,63.96,0.226,-0.27,2
2026-04-26 13:39:55,39.04,62.98,0.132,-0.196,2
2026-04-26 13:40:00,39.39,62.38,0.07,-0.12,2
2026-04-26 13:40:05,39.68,62.31,0.058,-0.014,2
2026-04-26 13:40:10,39.55,62.22,-0.026,-0.018,2
2026-04-26 13:40:15,39.52,62.13,-0.006,-0.018,2
2026-04-26 13:40:20,39.52,61.16,0.0,-0.194,2
2026-04-26 13:40:25,39.37,61.6,-0.03,0.088,2
2026-04-26 13:40:30,39.34,60.86,-0.006,-0.148,2
2026-04-26 13:40:35,39.55,61.09,0.042,0.046,1
2026-04-26 13:40:40,39.63,60.84,0.016,-0.05,1
2026-04-26 13:40:45,39.73,60.32,0.02,-0.104,1
2026-04-26 13:40:50,39.73,60.24,0.0,-0.016,1
2026-04-26 13:40:55,39.88,60.19,0.03,-0.01,1
2026-04-26 13:41:00,39.86,59.91,-0.004,-0.056,1
2026-04-26 13:41:05,39.82,59.24,-0.008,-0.134,1
2026-04-26 13:41:10,39.9,59.56,0.016,0.064,1
2026-04-26 13:41:15,39.82,59.54,-0.016,-0.004,1
2026-04-26 13:41:20,39.87,59.77,0.01,0.046,1
2026-04-26 13:41:25,39.84,59.27,-0.006,-0.1,1
2026-04-26 13:41:30,28.62,74.27,-2.244,3.0,0
2026-04-26 13:41:35,28.78,73.89,0.032,-0.076,0
2026-04-26 13:41:40,28.63,73.96,-0.03,0.014,0
2026-04-26 13:41:45,28.6,74.07,-0.006,0.022,0
2026-04-26 13:41:50,28.73,74.61,0.026,0.108,0
2026-04-26 13:41:55,28.54,74.45,-0.038,-0.032,0
2026-04-26 13:42:00,28.65,74.38,0.022,-0.014,0
2026-04-26 13:42:05,28.58,74.83,-0.014,0.09,0
2026-04-26 13:42:10,28.74,74.47,0.032,-0.072,0
2026-04-26 13:42:15,28.73,74.43,-0.002,-0.008,0
2026-04-26 13:42:20,28.68,74.13,-0.01,-0.06,0
2026-04-26 13:42:25,28.55,74.28,-0.026,0.03,0
2026-04-26 13:42:30,28.67,74.16,0.024,-0.024,0
2026-04-26 13:42:35,28.67,74.18,0.0,0.004,0
2026-04-26 13:42:40,28.69,74.5,0.004,0.064,0
2026-04-26 13:42:45,28.82,74.26,0.026,-0.048,0
2026-04-26 13:42:50,28.71,74.49,-0.022,0.046,0
2026-04-26 13:42:55,28.81,74.36,0.02,-0.026,0
2026-04-26 13:43:00,28.76,74.36,-0.01,0.0,0
2026-04-26 13:43:05,28.67,74.52,-0.018,0.032,0
2026-04-26 13:43:10,28.65,74.29,-0.004,-0.046,0
2026-04-26 13:43:15,28.73,75.01,0.016,0.144,0
2026-04-26 13:43:20,28.71,74.64,-0.004,-0.074,0
2026-04-26 13:43:25,28.64,74.43,-0.014,-0.042,0
2026-04-26 13:43:30,28.54,74.03,-0.02,-0.08,0
2026-04-26 13:43:35,28.75,74.47,0.042,0.088,0
2026-04-26 13:43:40,28.69,74.32,-0.012,-0.03,0
2026-04-26 13:43:45,28.73,74.34,0.008,0.004,0
2026-04-26 13:43:50,28.63,74.38,-0.02,0.008,0
2026-04-26 13:43:55,28.76,73.86,0.026,-0.104,0
2026-04-26 13:44:00,28.74,74.68,-0.004,0.164,0
2026-04-26 13:44:05,28.78,74.61,0.008,-0.014,0
2026-04-26 13:44:10,28.78,74.66,0.0,0.01,0
2026-04-26 13:44:15,28.7,74.29,-0.016,-0.074,0
2026-04-26 13:44:20,28.78,74.21,0.016,-0.016,0
2026-04-26 13:44:25,28.82,74.09,0.008,-0.024,0
2026-04-26 13:44:30,28.6,74.78,-0.044,0.138,0
2026-04-26 13:44:35,28.77,74.63,0.034,-0.03,0
2026-04-26 13:44:40,28.77,74.52,0.0,-0.022,0
2026-04-26 13:44:45,28.74,74.03,-0.006,-0.098,0
2026-04-26 13:44:50,28.63,74.41,-0.022,0.076,0
2026-04-26 13:44:55,28.71,74.38,0.016,-0.006,0
2026-04-26 13:45:00,28.82,74.24,0.022,-0.028,0
2026-04-26 13:45:05,28.78,74.39,-0.008,0.03,0
2026-04-26 13:45:10,28.63,74.28,-0.03,-0.022,0
2026-04-26 13:45:15,28.72,74.47,0.018,0.038,0
2026-04-26 13:45:20,28.79,73.38,0.014,-0.218,1
2026-04-26 13:45:25,29.07,73.95,0.056,0.114,1
2026-04-26 13:45:30,29.2,73.41,0.026,-0.108,1
2026-04-26 13:45:35,29.34,73.05,0.028,-0.072,1
2026-04-26 13:45:40,29.42,72.49,0.016,-0.112,1
2026-04-26 13:45:45,29.64,72.18,0.044,-0.062,1
2026-04-26 13:45:50,29.76,71.89,0.024,-0.058,1
2026-04-26 13:45:55,29.83,72.2,0.014,0.062,1
2026-04-26 13:46:00,29.99,72.02,0.032,-0.036,1
2026-04-26 13:46:05,29.84,71.94,-0.03,-0.016,1
2026-04-26 13:46:10,29.78,72.13,-0.012,0.038,1
2026-04-26 13:46:15,29.83,72.14,0.01,0.002,1
2026-04-26 13:46:20,30.0,71.65,0.034,-0.098,1
2026-04-26 13:46:25,30.05,72.01,0.01,0.072,1
2026-04-26 13:46:30,29.92,72.2,-0.026,0.038,1
2026-04-26 13:46:35,29.98,72.05,0.012,-0.03,1
2026-04-26 13:46:40,29.97,72.42,-0.002,0.074,1
2026-04-26 13:46:45,29.99,72.34,0.004,-0.016,1
2026-04-26 13:46:50,29.89,72.14,-0.02,-0.04,1
2026-04-26 13:46:55,29.91,71.98,0.004,-0.032,1
2026-04-26 13:47:00,30.04,72.01,0.026,0.006,1
2026-04-26 13:47:05,29.94,72.4,-0.02,0.078,1
2026-04-26 13:47:10,30.05,71.61,0.022,-0.158,1
2026-04-26 13:47:15,30.1,71.83,0.01,0.044,1
2026-04-26 13:47:20,29.98,72.24,-0.024,0.082,1
2026-04-26 13:47:25,30.06,71.59,0.016,-0.13,1
2026-04-26 13:47:30,30.04,72.08,-0.004,0.098,1
2026-04-26 13:47:35,29.27,73.56,-0.154,0.296,0
2026-04-26 13:47:40,28.98,73.49,-0.058,-0.014,0
2026-04-26 13:47:45,29.17,73.4,0.038,-0.018,0
2026-04-26 13:47:50,29.13,73.45,-0.008,0.01,0
2026-04-26 13:47:55,29.11,73.94,-0.004,0.098,0
2026-04-26 13:48:00,29.08,73.37,-0.006,-0.114,0
2026-04-26 13:48:05,29.14,73.69,0.012,0.064,0
2026-04-26 13:48:10,29.17,73.32,0.006,-0.074,0
2026-04-26 13:48:15,29.3,73.67,0.026,0.07,0
2026-04-26 13:48:20,29.25,73.52,-0.01,-0.03,0
2026-04-26 13:48:25,29.22,73.79,-0.006,0.054,0
2026-04-26 13:48:30,29.08,73.9,-0.028,0.022,0
2026-04-26 13:48:35,29.34,73.28,0.052,-0.124,0
2026-04-26 13:48:40,29.28,73.71,-0.012,0.086,0
2026-04-26 13:48:45,29.1,73.38,-0.036,-0.066,0
2026-04-26 13:48:50,29.31,73.55,0.042,0.034,0
2026-04-26 13:48:55,29.19,73.52,-0.024,-0.006,0
2026-04-26 13:49:00,29.26,73.74,0.014,0.044,0
2026-04-26 13:49:05,29.27,73.82,0.002,0.016,0
2026-04-26 13:49:10,29.22,73.78,-0.01,-0.008,0
2026-04-26 13:49:15,29.25,74.07,0.006,0.058,0
2026-04-26 13:49:20,29.15,74.21,-0.02,0.028,0
2026-04-26 13:49:25,29.25,73.84,0.02,-0.074,0
2026-04-26 13:49:30,29.13,73.99,-0.024,0.03,0
2026-04-26 13:49:35,29.16,73.97,0.006,-0.004,0
2026-04-26 13:49:40,29.35,73.52,0.038,-0.09,0
2026-04-26 13:49:45,29.21,73.95,-0.028,0.086,0
2026-04-26 13:49:50,29.28,73.53,0.014,-0.084,0
2026-04-26 13:49:55,29.32,73.68,0.008,0.03,1
2026-04-26 13:50:00,29.3,73.44,-0.004,-0.048,1
2026-04-26 13:50:05,29.26,73.86,-0.008,0.084,1
2026-04-26 13:50:10,29.38,73.25,0.024,-0.122,1
2026-04-26 13:50:15,29.32,73.86,-0.012,0.122,1
2026-04-26 13:50:20,29.29,73.69,-0.006,-0.034,1
2026-04-26 13:50:25,29.23,73.38,-0.012,-0.062,1
2026-04-26 13:50:30,29.27,73.39,0.008,0.002,0
2026-04-26 13:50:35,29.22,73.65,-0.01,0.052,0
2026-04-26 13:50:40,29.43,73.88,0.042,0.046,0
2026-04-26 13:50:45,29.29,73.53,-0.028,-0.07,0
2026-04-26 13:50:50,29.26,74.1,-0.006,0.114,0
2026-04-26 13:50:55,29.13,73.92,-0.026,-0.036,0
2026-04-26 13:51:00,29.2,74.28,0.014,0.072,0
2026-04-26 13:51:05,29.37,73.86,0.034,-0.084,0
2026-04-26 13:51:10,29.44,74.09,0.014,0.046,0
2026-04-26 13:51:15,29.2,73.6,-0.048,-0.098,0
2026-04-26 13:51:20,29.04,74.37,-0.032,0.154,0
2026-04-26 13:51:25,28.97,74.9,-0.014,0.106,0
2026-04-26 13:51:30,28.99,74.29,0.004,-0.122,0
2026-04-26 13:51:35,29.19,74.49,0.04,0.04,0
2026-04-26 13:51:40,29.03,74.91,-0.032,0.084,0
2026-04-26 13:51:45,29.06,74.06,0.006,-0.17,0
2026-04-26 13:51:50,29.1,74.63,0.008,0.114,0
2026-04-26 13:51:55,29.06,74.5,-0.008,-0.026,0
2026-04-26 13:52:00,29.05,74.3,-0.002,-0.04,0
2026-04-26 13:52:05,29.16,74.6,0.022,0.06,0
2026-04-26 13:52:10,29.05,74.71,-0.022,0.022,0
2026-04-26 13:52:15,29.19,74.47,0.028,-0.048,0
2026-04-26 13:52:20,29.04,74.14,-0.03,-0.066,0
2026-04-26 13:52:25,29.06,74.35,0.004,0.042,0
2026-04-26 13:52:30,29.2,74.11,0.028,-0.048,0
2026-04-26 13:52:35,29.05,74.31,-0.03,0.04,0
2026-04-26 13:52:40,29.11,74.67,0.012,0.072,0
2026-04-26 13:52:45,29.17,74.62,0.012,-0.01,0
2026-04-26 13:52:50,29.18,74.25,0.002,-0.074,0
2026-04-26 13:52:55,29.14,75.06,-0.008,0.162,0
2026-04-26 13:53:00,29.14,74.65,0.0,-0.082,0
2026-04-26 13:53:05,29.09,74.6,-0.01,-0.01,0
2026-04-26 13:53:10,29.27,74.08,0.036,-0.104,0
2026-04-26 13:53:15,29.03,74.25,-0.048,0.034,0
2026-04-26 13:53:20,28.98,74.63,-0.01,0.076,0
2026-04-26 13:53:25,29.12,74.93,0.028,0.06,0
2026-04-26 13:53:30,29.23,74.21,0.022,-0.144,0
2026-04-26 13:53:35,29.18,74.57,-0.01,0.072,0
2026-04-26 13:53:40,29.21,74.66,0.006,0.018,0
2026-04-26 13:53:45,29.16,74.31,-0.01,-0.07,0
2026-04-26 13:53:50,29.06,74.26,-0.02,-0.01,0
2026-04-26 13:53:55,29.12,74.66,0.012,0.08,0
2026-04-26 13:54:00,29.29,74.63,0.034,-0.006,0
2026-04-26 13:54:05,29.11,74.62,-0.036,-0.002,0
2026-04-26 13:54:10,29.11,74.26,0.0,-0.072,0
2026-04-26 13:54:15,29.21,74.87,0.02,0.122,0
2026-04-26 13:54:20,29.27,74.24,0.012,-0.126,0
2026-04-26 13:54:25,29.21,74.7,-0.012,0.092,0
2026-04-26 13:54:30,29.12,74.67,-0.018,-0.006,0
2026-04-26 13:54:35,29.0,74.77,-0.024,0.02,0
2026-04-26 13:54:40,29.14,74.44,0.028,-0.066,0
2026-04-26 13:54:45,29.25,74.54,0.022,0.02,0
2026-04-26 13:54:50,29.11,74.36,-0.028,-0.036,0
2026-04-26 13:54:55,29.12,74.6,0.002,0.048,0
2026-04-26 13:55:00,29.15,74.36,0.006,-0.048,0
2026-04-26 13:55:05,29.18,74.3,0.006,-0.012,0
2026-04-26 13:55:10,29.14,74.47,-0.008,0.034,0
2026-04-26 13:55:15,29.18,74.42,0.008,-0.01,1
2026-04-26 13:55:20,29.29,74.31,0.022,-0.022,1
2026-04-26 13:55:25,29.19,74.37,-0.02,0.012,1
2026-04-26 13:55:30,29.07,74.9,-0.024,0.106,1
2026-04-26 13:55:35,29.11,74.55,0.008,-0.07,1
2026-04-26 13:55:40,29.21,74.65,0.02,0.02,1
2026-04-26 13:55:45,29.23,74.5,0.004,-0.03,1
2026-04-26 13:55:50,29.26,74.24,0.006,-0.052,1
2026-04-26 13:55:55,29.3,74.7,0.008,0.092,0
2026-04-26 13:56:00,29.06,74.6,-0.048,-0.02,0
2026-04-26 13:56:05,29.26,74.72,0.04,0.024,0
2026-04-26 13:56:10,29.13,74.64,-0.026,-0.016,0
2026-04-26 13:56:15,29.21,74.74,0.016,0.02,0
2026-04-26 13:56:20,29.2,74.39,-0.002,-0.07,0
2026-04-26 13:56:25,29.3,75.06,0.02,0.134,0
2026-04-26 13:56:30,29.31,74.86,0.002,-0.04,0
2026-04-26 13:56:35,29.36,74.64,0.01,-0.044,0
2026-04-26 13:56:40,29.35,75.23,-0.002,0.118,0
2026-04-26 13:56:45,29.22,75.36,-0.026,0.026,0
2026-04-26 13:56:50,29.3,75.03,0.016,-0.066,0
2026-04-26 13:56:55,29.15,74.99,-0.03,-0.008,0
2026-04-26 13:57:00,29.16,75.41,0.002,0.084,0
2026-04-26 13:57:05,29.28,74.86,0.024,-0.11,0
2026-04-26 13:57:10,29.25,75.17,-0.006,0.062,0
2026-04-26 13:57:15,29.4,75.37,0.03,0.04,0
2026-04-26 13:57:20,29.26,75.07,-0.028,-0.06,0
2026-04-26 13:57:25,28.5,74.72,-0.152,-0.07,0
2026-04-26 13:57:30,28.51,74.59,0.002,-0.026,0
2026-04-26 13:57:35,28.62,74.81,0.022,0.044,0
2026-04-26 13:57:40,28.44,74.99,-0.036,0.036,0
2026-04-26 13:57:45,28.62,74.34,0.036,-0.13,0
2026-04-26 13:57:50,28.55,74.61,-0.014,0.054,0
2026-04-26 13:57:55,28.47,74.48,-0.016,-0.026,0
2026-04-26 13:58:00,28.56,74.98,0.018,0.1,0
2026-04-26 13:58:05,28.56,74.96,0.0,-0.004,0
2026-04-26 13:58:10,28.48,75.03,-0.016,0.014,0
2026-04-26 13:58:15,28.43,74.96,-0.01,-0.014,0
2026-04-26 13:58:20,28.55,75.0,0.024,0.008,0
2026-04-26 13:58:25,28.53,75.17,-0.004,0.034,0
2026-04-26 13:58:30,28.59,74.85,0.012,-0.064,0
2026-04-26 13:58:35,28.61,74.89,0.004,0.008,0
2026-04-26 13:58:40,28.48,74.56,-0.026,-0.066,0
2026-04-26 13:58:45,28.42,75.14,-0.012,0.116,0
2026-04-26 13:58:50,28.54,74.74,0.024,-0.08,0
2026-04-26 13:58:55,28.65,74.45,0.022,-0.058,0
2026-04-26 13:59:00,28.57,75.3,-0.016,0.17,0
2026-04-26 13:59:05,28.52,74.79,-0.01,-0.102,0
2026-04-26 13:59:10,28.56,74.94,0.008,0.03,0
2026-04-26 13:59:15,28.57,75.26,0.002,0.064,0
2026-04-26 13:59:20,28.47,75.46,-0.02,0.04,0
2026-04-26 13:59:25,28.61,75.27,0.028,-0.038,0
2026-04-26 13:59:30,28.54,74.79,-0.014,-0.096,0
2026-04-26 13:59:35,28.55,74.89,0.002,0.02,0
2026-04-26 13:59:40,28.62,74.98,0.014,0.018,0
2026-04-26 13:59:45,28.62,75.02,0.0,0.008,0
2026-04-26 13:59:50,28.51,74.91,-0.022,-0.022,0
2026-04-26 13:59:55,28.74,75.07,0.046,0.032,0
2026-04-26 14:00:00,28.58,74.72,-0.032,-0.07,0
2026-04-26 14:00:05,28.57,74.91,-0.002,0.038,0
2026-04-26 14:00:10,28.47,75.31,-0.02,0.08,0
2026-04-26 14:00:15,28.63,74.86,0.032,-0.09,0
2026-04-26 14:00:20,28.5,74.72,-0.026,-0.028,0
2026-04-26 14:00:25,28.62,75.32,0.024,0.12,0
2026-04-26 14:00:30,28.5,75.23,-0.024,-0.018,0
2026-04-26 14:00:35,28.63,75.52,0.026,0.058,0
2026-04-26 14:00:40,28.42,75.13,-0.042,-0.078,0
2026-04-26 14:00:45,28.54,74.78,0.024,-0.07,0
2026-04-26 14:00:50,28.55,75.08,0.002,0.06,0
2026-04-26 14:00:55,28.62,74.85,0.014,-0.046,0
2026-04-26 14:01:00,28.49,75.13,-0.026,0.056,0
2026-04-26 14:01:05,28.51,75.03,0.004,-0.02,0
2026-04-26 14:01:10,28.52,75.55,0.002,0.104,0
2026-04-26 14:01:15,28.46,74.75,-0.012,-0.16,0
2026-04-26 14:01:20,32.25,72.02,0.758,-0.546,2
2026-04-26 14:01:25,35.15,70.48,0.58,-0.308,2
2026-04-26 14:01:30,36.99,68.92,0.368,-0.312,2
2026-04-26 14:01:35,38.17,67.93,0.236,-0.198,2
2026-04-26 14:01:40,38.96,67.4,0.158,-0.106,2
2026-04-26 14:01:45,38.98,66.74,0.004,-0.132,2
2026-04-26 14:01:50,39.13,66.63,0.03,-0.022,2
2026-04-26 14:01:55,39.38,66.23,0.05,-0.08,2
2026-04-26 14:02:00,39.46,66.24,0.016,0.002,1
2026-04-26 14:02:05,39.64,65.84,0.036,-0.08,1
2026-04-26 14:02:10,39.9,65.78,0.052,-0.012,1
2026-04-26 14:02:15,40.0,65.29,0.02,-0.098,1
2026-04-26 14:02:20,39.86,65.54,-0.028,0.05,1
2026-04-26 14:02:25,39.99,65.56,0.026,0.004,1
2026-04-26 14:02:30,40.1,65.09,0.022,-0.094,1
2026-04-26 14:02:35,40.09,65.0,-0.002,-0.018,1
2026-04-26 14:02:40,40.02,65.5,-0.014,0.1,1
2026-04-26 14:02:45,40.13,64.94,0.022,-0.112,1
2026-04-26 14:02:50,40.03,65.22,-0.02,0.056,1
2026-04-26 14:02:55,40.02,65.34,-0.002,0.024,1
2026-04-26 14:03:00,39.98,65.17,-0.008,-0.034,1
2026-04-26 14:03:05,39.87,64.6,-0.022,-0.114,1
2026-04-26 14:03:10,39.93,64.56,0.012,-0.008,1
2026-04-26 14:03:15,40.11,65.27,0.036,0.142,1
2026-04-26 14:03:20,39.97,64.95,-0.028,-0.064,1
2026-04-26 14:03:25,40.04,65.12,0.014,0.034,1
2026-04-26 14:03:30,40.09,65.26,0.01,0.028,1
2026-04-26 14:03:35,40.04,64.97,-0.01,-0.058,1
2026-04-26 14:03:40,29.31,72.61,-2.146,1.528,0
2026-04-26 14:03:45,29.41,72.48,0.02,-0.026,0
2026-04-26 14:03:50,29.37,72.75,-0.008,0.054,0
2026-04-26 14:03:55,29.28,72.2,-0.018,-0.11,0
2026-04-26 14:04:00,29.49,72.67,0.042,0.094,0
2026-04-26 14:04:05,29.28,72.94,-0.042,0.054,0
2026-04-26 14:04:10,29.45,72.91,0.034,-0.006,0
2026-04-26 14:04:15,29.35,72.85,-0.02,-0.012,0
2026-04-26 14:04:20,29.32,72.38,-0.006,-0.094,0
2026-04-26 14:04:25,29.47,73.08,0.03,0.14,0
2026-04-26 14:04:30,29.46,72.47,-0.002,-0.122,0
2026-04-26 14:04:35,29.31,72.75,-0.03,0.056,0
2026-04-26 14:04:40,29.3,72.47,-0.002,-0.056,0
2026-04-26 14:04:45,29.38,72.59,0.016,0.024,0
2026-04-26 14:04:50,29.37,73.05,-0.002,0.092,0
2026-04-26 14:04:55,29.33,72.56,-0.008,-0.098,0
2026-04-26 14:05:00,29.42,72.82,0.018,0.052,0
2026-04-26 14:05:05,29.2,72.79,-0.044,-0.006,0
2026-04-26 14:05:10,29.41,72.91,0.042,0.024,0
2026-04-26 14:05:15,29.48,72.61,0.014,-0.06,0
2026-04-26 14:05:20,29.3,72.48,-0.036,-0.026,0
2026-04-26 14:05:25,29.33,72.62,0.006,0.028,0
2026-04-26 14:05:30,29.36,73.05,0.006,0.086,0
2026-04-26 14:05:35,29.36,72.5,0.0,-0.11,0
2026-04-26 14:05:40,29.25,72.98,-0.022,0.096,0
2026-04-26 14:05:45,29.33,72.84,0.016,-0.028,0
2026-04-26 14:05:50,29.35,72.88,0.004,0.008,0
2026-04-26 14:05:55,29.37,72.62,0.004,-0.052,0
2026-04-26 14:06:00,29.5,72.77,0.026,0.03,0
2026-04-26 14:06:05,29.35,72.75,-0.03,-0.004,0
2026-04-26 14:06:10,29.23,72.68,-0.024,-0.014,0
2026-04-26 14:06:15,29.26,72.99,0.006,0.062,0
2026-04-26 14:06:20,29.39,72.81,0.026,-0.036,0
2026-04-26 14:06:25,29.42,72.83,0.006,0.004,0
2026-04-26 14:06:30,29.28,72.8,-0.028,-0.006,0
2026-04-26 14:06:35,29.43,72.68,0.03,-0.024,0
2026-04-26 14:06:40,29.33,72.54,-0.02,-0.028,0
2026-04-26 14:06:45,29.29,72.73,-0.008,0.038,0
2026-04-26 14:06:50,29.41,72.71,0.024,-0.004,0
2026-04-26 14:06:55,29.26,72.38,-0.03,-0.066,0
2026-04-26 14:07:00,29.41,72.85,0.03,0.094,0
2026-04-26 14:07:05,29.4,72.67,-0.002,-0.036,0
2026-04-26 14:07:10,29.17,72.48,-0.046,-0.038,1
2026-04-26 14:07:15,29.29,72.49,0.024,0.002,1
2026-04-26 14:07:20,29.32,72.77,0.006,0.056,1
2026-04-26 14:07:25,29.38,72.62,0.012,-0.03,1
2026-04-26 14:07:30,29.33,72.43,-0.01,-0.038,1
2026-04-26 14:07:35,29.24,72.92,-0.018,0.098,1
2026-04-26 14:07:40,29.45,72.6,0.042,-0.064,1
2026-04-26 14:07:45,29.22,72.56,-0.046,-0.008,1
2026-04-26 14:07:50,29.35,72.26,0.026,-0.06,1
2026-04-26 14:07:55,29.35,72.67,0.0,0.082,1
2026-04-26 14:08:00,29.42,72.69,0.014,0.004,0
2026-04-26 14:08:05,29.45,72.62,0.006,-0.014,0
2026-04-26 14:08:10,29.53,72.51,0.016,-0.022,0
2026-04-26 14:08:15,29.45,72.87,-0.016,0.072,0
2026-04-26 14:08:20,29.48,73.04,0.006,0.034,0
2026-04-26 14:08:25,29.47,73.21,-0.002,0.034,0
2026-04-26 14:08:30,29.57,73.08,0.02,-0.026,0
2026-04-26 14:08:35,29.57,72.66,0.0,-0.084,0
2026-04-26 14:08:40,29.55,73.12,-0.004,0.092,0
2026-04-26 14:08:45,29.57,72.67,0.004,-0.09,0
2026-04-26 14:08:50,29.38,72.74,-0.038,0.014,0
2026-04-26 14:08:55,29.34,73.13,-0.008,0.078,0
2026-04-26 14:09:00,29.33,73.32,-0.002,0.038,0
2026-04-26 14:09:05,29.2,73.71,-0.026,0.078,0
2026-04-26 14:09:10,29.25,72.99,0.01,-0.144,0
2026-04-26 14:09:15,29.4,73.54,0.03,0.11,0
2026-04-26 14:09:20,29.3,73.72,-0.02,0.036,0
2026-04-26 14:09:25,29.39,73.42,0.018,-0.06,0
2026-04-26 14:09:30,29.37,73.21,-0.004,-0.042,0
2026-04-26 14:09:35,29.3,73.39,-0.014,0.036,0
2026-04-26 14:09:40,29.32,73.38,0.004,-0.002,0
2026-04-26 14:09:45,29.22,73.5,-0.02,0.024,0
2026-04-26 14:09:50,29.33,73.36,0.022,-0.028,0
2026-04-26 14:09:55,29.25,73.23,-0.016,-0.026,0
2026-04-26 14:10:00,29.35,73.2,0.02,-0.006,0
2026-04-26 14:10:05,29.19,73.12,-0.032,-0.016,0
2026-04-26 14:10:10,29.41,73.56,0.044,0.088,0
2026-04-26 14:10:15,29.44,73.02,0.006,-0.108,0
2026-04-26 14:10:20,29.33,73.44,-0.022,0.084,0
2026-04-26 14:10:25,29.3,73.29,-0.006,-0.03,0
2026-04-26 14:10:30,29.45,73.07,0.03,-0.044,0
2026-04-26 14:10:35,29.38,73.17,-0.014,0.02,0
2026-04-26 14:10:40,29.35,73.6,-0.006,0.086,0
2026-04-26 14:10:45,29.23,73.38,-0.024,-0.044,0
2026-04-26 14:10:50,29.36,73.43,0.026,0.01,0
2026-04-26 14:10:55,29.31,73.12,-0.01,-0.062,0
2026-04-26 14:11:00,29.33,73.18,0.004,0.012,0
2026-04-26 14:11:05,29.35,73.26,0.004,0.016,0
2026-04-26 14:11:10,29.21,73.32,-0.028,0.012,0
2026-04-26 14:11:15,29.37,73.54,0.032,0.044,0
2026-04-26 14:11:20,29.31,73.58,-0.012,0.008,0
2026-04-26 14:11:25,29.24,73.14,-0.014,-0.088,0
2026-04-26 14:11:30,29.22,72.93,-0.004,-0.042,0
2026-04-26 14:11:35,29.26,73.59,0.008,0.132,0
2026-04-26 14:11:40,29.32,73.25,0.012,-0.068,0
2026-04-26 14:11:45,29.19,73.29,-0.026,0.008,0
2026-04-26 14:11:50,29.41,73.19,0.044,-0.02,0
2026-04-26 14:11:55,29.33,73.0,-0.016,-0.038,0
2026-04-26 14:12:00,29.4,73.36,0.014,0.072,0
2026-04-26 14:12:05,29.43,73.24,0.006,-0.024,0
2026-04-26 14:12:10,29.41,73.52,-0.004,0.056,0
2026-04-26 14:12:15,29.31,73.39,-0.02,-0.026,0
2026-04-26 14:12:20,29.27,73.34,-0.008,-0.01,1
2026-04-26 14:12:25,29.43,73.77,0.032,0.086,1
2026-04-26 14:12:30,29.39,74.6,-0.008,0.166,1
2026-04-26 14:12:35,29.56,74.61,0.034,0.002,1
2026-04-26 14:12:40,29.57,74.9,0.002,0.058,1
2026-04-26 14:12:45,29.39,75.55,-0.036,0.13,1
2026-04-26 14:12:50,29.59,75.68,0.04,0.026,1
2026-04-26 14:12:55,29.49,75.87,-0.02,0.038,1
2026-04-26 14:13:00,29.49,76.59,0.0,0.144,1
2026-04-26 14:13:05,29.5,76.74,0.002,0.03,1
2026-04-26 14:13:10,29.47,76.75,-0.006,0.002,1
2026-04-26 14:13:15,29.55,76.45,0.016,-0.06,1
2026-04-26 14:13:20,29.6,76.77,0.01,0.064,1
2026-04-26 14:13:25,29.73,76.84,0.026,0.014,1
2026-04-26 14:13:30,29.64,76.9,-0.018,0.012,1
2026-04-26 14:13:35,29.56,76.6,-0.016,-0.06,1
2026-04-26 14:13:40,29.64,76.62,0.016,0.004,1
2026-04-26 14:13:45,29.61,76.86,-0.006,0.048,1
2026-04-26 14:13:50,29.68,77.15,0.014,0.058,1
2026-04-26 14:13:55,29.56,76.91,-0.024,-0.048,1
2026-04-26 14:14:00,29.69,76.83,0.026,-0.016,1
2026-04-26 14:14:05,29.71,76.67,0.004,-0.032,1
2026-04-26 14:14:10,29.72,76.88,0.002,0.042,1
2026-04-26 14:14:15,29.79,77.27,0.014,0.078,1
2026-04-26 14:14:20,29.85,77.15,0.012,-0.024,1
2026-04-26 14:14:25,29.73,77.02,-0.024,-0.026,1
2026-04-26 14:14:30,29.7,77.28,-0.006,0.052,1
2026-04-26 14:14:35,29.59,76.97,-0.022,-0.062,1
2026-04-26 14:14:40,29.66,76.75,0.014,-0.044,1
2026-04-26 14:14:45,29.53,76.82,-0.026,0.014,1
2026-04-26 14:14:50,28.98,74.0,-0.11,-0.564,0
2026-04-26 14:14:55,29.02,74.3,0.008,0.06,0
2026-04-26 14:15:00,29.01,73.42,-0.002,-0.176,0
2026-04-26 14:15:05,29.11,73.87,0.02,0.09,0
2026-04-26 14:15:10,29.16,73.91,0.01,0.008,0
2026-04-26 14:15:15,28.85,74.21,-0.062,0.06,0
2026-04-26 14:15:20,29.01,73.71,0.032,-0.1,0
2026-04-26 14:15:25,29.09,73.97,0.016,0.052,0
2026-04-26 14:15:30,29.02,73.97,-0.014,0.0,0
2026-04-26 14:15:35,28.98,74.05,-0.008,0.016,0
2026-04-26 14:15:40,28.96,73.95,-0.004,-0.02,0
2026-04-26 14:15:45,28.89,74.06,-0.014,0.022,0
2026-04-26 14:15:50,29.11,74.48,0.044,0.084,0
2026-04-26 14:15:55,29.03,74.16,-0.016,-0.064,0
2026-04-26 14:16:00,29.07,74.01,0.008,-0.03,0
2026-04-26 14:16:05,29.13,73.76,0.012,-0.05,0
2026-04-26 14:16:10,29.1,73.86,-0.006,0.02,0
2026-04-26 14:16:15,29.05,73.79,-0.01,-0.014,0
2026-04-26 14:16:20,29.02,73.88,-0.006,0.018,0
2026-04-26 14:16:25,29.16,74.29,0.028,0.082,0
2026-04-26 14:16:30,29.08,73.6,-0.016,-0.138,0
2026-04-26 14:16:35,29.33,73.85,0.05,0.05,0
2026-04-26 14:16:40,29.24,73.62,-0.018,-0.046,0
2026-04-26 14:16:45,29.11,74.09,-0.026,0.094,0
2026-04-26 14:16:50,29.12,74.28,0.002,0.038,0
2026-04-26 14:16:55,29.12,73.94,0.0,-0.068,0
2026-04-26 14:17:00,29.06,74.0,-0.012,0.012,0
2026-04-26 14:17:05,29.1,74.03,0.008,0.006,0
2026-04-26 14:17:10,29.14,73.61,0.008,-0.084,0
2026-04-26 14:17:15,28.98,73.7,-0.032,0.018,0
2026-04-26 14:17:20,29.05,74.13,0.014,0.086,0
2026-04-26 14:17:25,29.02,73.57,-0.006,-0.112,0
2026-04-26 14:17:30,29.09,73.71,0.014,0.028,0
2026-04-26 14:17:35,29.15,73.65,0.012,-0.012,0
2026-04-26 14:17:40,29.15,74.43,0.0,0.156,0
2026-04-26 14:17:45,29.0,74.14,-0.03,-0.058,0
2026-04-26 14:17:50,29.15,74.22,0.03,0.016,0
2026-04-26 14:17:55,29.11,73.86,-0.008,-0.072,0
2026-04-26 14:18:00,29.18,73.88,0.014,0.004,0
2026-04-26 14:18:05,29.03,74.01,-0.03,0.026,0
2026-04-26 14:18:10,29.16,73.89,0.026,-0.024,0
2026-04-26 14:18:15,29.23,73.68,0.014,-0.042,0
2026-04-26 14:18:20,29.11,74.11,-0.024,0.086,0
2026-04-26 14:18:25,29.08,74.19,-0.006,0.016,0
2026-04-26 14:18:30,29.18,73.78,0.02,-0.082,0
2026-04-26 14:18:35,29.09,74.05,-0.018,0.054,0
2026-04-26 14:18:40,31.34,72.23,0.45,-0.364,2
2026-04-26 14:18:45,33.03,70.29,0.338,-0.388,2
2026-04-26 14:18:50,34.57,68.81,0.308,-0.296,2
2026-04-26 14:18:55,35.97,68.3,0.28,-0.102,2
2026-04-26 14:19:00,36.84,66.99,0.174,-0.262,2
2026-04-26 14:19:05,37.27,66.74,0.086,-0.05,2
2026-04-26 14:19:10,37.65,65.99,0.076,-0.15,2
2026-04-26 14:19:15,37.7,65.6,0.01,-0.078,2
2026-04-26 14:19:20,37.75,65.49,0.01,-0.022,2
2026-04-26 14:19:25,37.83,65.09,0.016,-0.08,2
2026-04-26 14:19:30,37.72,64.5,-0.022,-0.118,2
2026-04-26 14:19:35,37.65,64.23,-0.014,-0.054,2
2026-04-26 14:19:40,37.62,64.17,-0.006,-0.012,2
2026-04-26 14:19:45,37.98,64.19,0.072,0.004,1
2026-04-26 14:19:50,37.92,64.58,-0.012,0.078,1
2026-04-26 14:19:55,38.18,63.82,0.052,-0.152,1
2026-04-26 14:20:00,38.45,63.33,0.054,-0.098,1
2026-04-26 14:20:05,38.58,63.54,0.026,0.042,1
2026-04-26 14:20:10,38.63,63.22,0.01,-0.064,1
2026-04-26 14:20:15,38.69,63.08,0.012,-0.028,1
2026-04-26 14:20:20,38.77,62.92,0.016,-0.032,1
2026-04-26 14:20:25,38.7,62.79,-0.014,-0.026,1
2026-04-26 14:20:30,38.78,63.1,0.016,0.062,1
2026-04-26 14:20:35,38.62,62.57,-0.032,-0.106,1
2026-04-26 14:20:40,38.59,63.34,-0.006,0.154,1
2026-04-26 14:20:45,38.63,63.17,0.008,-0.034,1
2026-04-26 14:20:50,38.68,62.34,0.01,-0.166,1
2026-04-26 14:20:55,38.79,62.79,0.022,0.09,1
2026-04-26 14:21:00,38.66,62.6,-0.026,-0.038,1
2026-04-26 14:21:05,38.71,62.58,0.01,-0.004,1
2026-04-26 14:21:10,28.49,73.48,-2.044,2.18,0
2026-04-26 14:21:15,28.64,73.88,0.03,0.08,0
2026-04-26 14:21:20,28.65,74.01,0.002,0.026,0
2026-04-26 14:21:25,28.54,73.86,-0.022,-0.03,0
2026-04-26 14:21:30,28.54,73.75,0.0,-0.022,0
2026-04-26 14:21:35,28.62,73.6,0.016,-0.03,0
2026-04-26 14:21:40,28.66,73.62,0.008,0.004,0
2026-04-26 14:21:45,28.54,74.02,-0.024,0.08,0
2026-04-26 14:21:50,28.45,74.18,-0.018,0.032,0
2026-04-26 14:21:55,28.66,74.1,0.042,-0.016,0
2026-04-26 14:22:00,28.58,74.13,-0.016,0.006,0
2026-04-26 14:22:05,28.6,73.91,0.004,-0.044,0
2026-04-26 14:22:10,28.7,73.85,0.02,-0.012,0
2026-04-26 14:22:15,28.78,73.82,0.016,-0.006,0
2026-04-26 14:22:20,28.59,74.26,-0.038,0.088,0
2026-04-26 14:22:25,28.57,73.47,-0.004,-0.158,0
2026-04-26 14:22:30,28.62,74.08,0.01,0.122,0
2026-04-26 14:22:35,28.63,73.64,0.002,-0.088,0
2026-04-26 14:22:40,28.46,73.78,-0.034,0.028,0
2026-04-26 14:22:45,28.5,74.44,0.008,0.132,0
2026-04-26 14:22:50,28.53,73.78,0.006,-0.132,0
2026-04-26 14:22:55,28.4,74.32,-0.026,0.108,0
2026-04-26 14:23:00,28.57,74.18,0.034,-0.028,0
2026-04-26 14:23:05,28.5,73.84,-0.014,-0.068,0
2026-04-26 14:23:10,28.71,74.13,0.042,0.058,0
2026-04-26 14:23:15,28.47,74.23,-0.048,0.02,0
2026-04-26 14:23:20,28.71,74.47,0.048,0.048,0
2026-04-26 14:23:25,28.74,74.0,0.006,-0.094,0
2026-04-26 14:23:30,28.51,73.67,-0.046,-0.066,0
2026-04-26 14:23:35,28.58,73.78,0.014,0.022,0
2026-04-26 14:23:40,28.49,74.23,-0.018,0.09,0
2026-04-26 14:23:45,28.53,73.44,0.008,-0.158,0
2026-04-26 14:23:50,28.61,73.98,0.016,0.108,0
2026-04-26 14:23:55,28.84,73.34,0.046,-0.128,1
2026-04-26 14:24:00,28.93,72.81,0.018,-0.106,1
2026-04-26 14:24:05,29.15,72.51,0.044,-0.06,1
2026-04-26 14:24:10,29.44,72.48,0.058,-0.006,1
2026-04-26 14:24:15,29.39,72.64,-0.01,0.032,1
2026-04-26 14:24:20,29.49,72.62,0.02,-0.004,1
2026-04-26 14:24:25,29.75,72.29,0.052,-0.066,1
2026-04-26 14:24:30,29.7,72.45,-0.01,0.032,1
2026-04-26 14:24:35,29.82,71.91,0.024,-0.108,1
2026-04-26 14:24:40,29.86,72.11,0.008,0.04,1
2026-04-26 14:24:45,29.75,72.49,-0.022,0.076,1
2026-04-26 14:24:50,29.69,72.25,-0.012,-0.048,1
2026-04-26 14:24:55,30.06,72.42,0.074,0.034,1
2026-04-26 14:25:00,29.81,71.85,-0.05,-0.114,1
2026-04-26 14:25:05,29.93,72.28,0.024,0.086,1
2026-04-26 14:25:10,29.86,72.3,-0.014,0.004,1
2026-04-26 14:25:15,29.8,72.35,-0.012,0.01,1
2026-04-26 14:25:20,28.7,73.73,-0.22,0.276,0
2026-04-26 14:25:25,28.69,73.34,-0.002,-0.078,0
2026-04-26 14:25:30,28.61,73.79,-0.016,0.09,0
2026-04-26 14:25:35,28.7,73.5,0.018,-0.058,0
2026-04-26 14:25:40,28.73,73.67,0.006,0.034,0
2026-04-26 14:25:45,28.69,73.86,-0.008,0.038,0
2026-04-26 14:25:50,28.73,73.35,0.008,-0.102,0
2026-04-26 14:25:55,28.72,73.79,-0.002,0.088,0
2026-04-26 14:26:00,28.79,73.8,0.014,0.002,0
2026-04-26 14:26:05,28.72,74.02,-0.014,0.044,0
2026-04-26 14:26:10,28.8,73.77,0.016,-0.05,0
2026-04-26 14:26:15,28.86,73.74,0.012,-0.006,0
2026-04-26 14:26:20,28.82,73.92,-0.008,0.036,0
2026-04-26 14:26:25,28.79,74.03,-0.006,0.022,0
2026-04-26 14:26:30,28.81,74.03,0.004,0.0,0
2026-04-26 14:26:35,28.79,73.87,-0.004,-0.032,0
2026-04-26 14:26:40,28.65,73.74,-0.028,-0.026,0
2026-04-26 14:26:45,28.76,73.94,0.022,0.04,0
2026-04-26 14:26:50,28.9,73.77,0.028,-0.034,0
2026-04-26 14:26:55,28.85,73.47,-0.01,-0.06,0
2026-04-26 14:27:00,28.8,73.75,-0.01,0.056,0
2026-04-26 14:27:05,28.63,73.65,-0.034,-0.02,0
2026-04-26 14:27:10,28.77,73.47,0.028,-0.036,0
2026-04-26 14:27:15,28.78,73.84,0.002,0.074,0
2026-04-26 14:27:20,28.83,73.83,0.01,-0.002,0
2026-04-26 14:27:25,28.74,73.48,-0.018,-0.07,0
2026-04-26 14:27:30,28.86,73.84,0.024,0.072,0
2026-04-26 14:27:35,28.69,73.71,-0.034,-0.026,0
2026-04-26 14:27:40,28.75,74.03,0.012,0.064,0
2026-04-26 14:27:45,28.88,73.78,0.026,-0.05,0
2026-04-26 14:27:50,28.8,73.8,-0.016,0.004,0
2026-04-26 14:27:55,28.78,73.7,-0.004,-0.02,0
2026-04-26 14:28:00,28.75,73.48,-0.006,-0.044,0
2026-04-26 14:28:05,28.74,73.62,-0.002,0.028,0
2026-04-26 14:28:10,28.73,73.52,-0.002,-0.02,0
2026-04-26 14:28:15,28.71,73.43,-0.004,-0.018,0
2026-04-26 14:28:20,28.77,73.89,0.012,0.092,0
2026-04-26 14:28:25,28.69,73.85,-0.016,-0.008,0
2026-04-26 14:28:30,28.83,74.02,0.028,0.034,0
2026-04-26 14:28:35,28.66,73.69,-0.034,-0.066,0
2026-04-26 14:28:40,28.8,73.73,0.028,0.008,0
2026-04-26 14:28:45,28.71,73.89,-0.018,0.032,0
2026-04-26 14:28:50,28.79,73.69,0.016,-0.04,0
2026-04-26 14:28:55,28.76,73.96,-0.006,0.054,0
2026-04-26 14:29:00,28.71,73.65,-0.01,-0.062,0
2026-04-26 14:29:05,28.78,73.73,0.014,0.016,0
2026-04-26 14:29:10,28.84,74.2,0.012,0.094,1
2026-04-26 14:29:15,28.79,74.67,-0.01,0.094,1
2026-04-26 14:29:20,28.92,75.35,0.026,0.136,1
2026-04-26 14:29:25,28.9,75.23,-0.004,-0.024,1
2026-04-26 14:29:30,28.96,75.65,0.012,0.084,1
2026-04-26 14:29:35,28.83,76.35,-0.026,0.14,1
2026-04-26 14:29:40,28.99,76.36,0.032,0.002,1
2026-04-26 14:29:45,28.94,76.41,-0.01,0.01,1
2026-04-26 14:29:50,28.96,76.47,0.004,0.012,1
2026-04-26 14:29:55,29.03,77.03,0.014,0.112,1
2026-04-26 14:30:00,28.92,77.48,-0.022,0.09,1
2026-04-26 14:30:05,29.19,77.0,0.054,-0.096,1
2026-04-26 14:30:10,29.21,77.27,0.004,0.054,1
2026-04-26 14:30:15,29.06,77.41,-0.03,0.028,1
2026-04-26 14:30:20,29.3,77.61,0.048,0.04,1
2026-04-26 14:30:25,29.24,77.31,-0.012,-0.06,1
2026-04-26 14:30:30,29.28,77.59,0.008,0.056,1
2026-04-26 14:30:35,29.29,77.27,0.002,-0.064,1
2026-04-26 14:30:40,29.33,77.65,0.008,0.076,1
2026-04-26 14:30:45,29.27,77.73,-0.012,0.016,1
2026-04-26 14:30:50,29.18,77.92,-0.018,0.038,1
2026-04-26 14:30:55,29.34,77.5,0.032,-0.084,1
2026-04-26 14:31:00,29.29,77.74,-0.01,0.048,1
2026-04-26 14:31:05,29.32,77.72,0.006,-0.004,1
2026-04-26 14:31:10,29.15,77.61,-0.034,-0.022,1
2026-04-26 14:31:15,29.34,77.81,0.038,0.04,1
2026-04-26 14:31:20,29.25,77.77,-0.018,-0.008,1
2026-04-26 14:31:25,29.1,78.04,-0.03,0.054,1
2026-04-26 14:31:30,29.45,71.27,0.07,-1.354,0
2026-04-26 14:31:35,29.46,71.74,0.002,0.094,0
2026-04-26 14:31:40,29.5,71.7,0.008,-0.008,0
2026-04-26 14:31:45,29.44,71.18,-0.012,-0.104,0
2026-04-26 14:31:50,29.44,71.55,0.0,0.074,0
2026-04-26 14:31:55,29.59,71.53,0.03,-0.004,0
2026-04-26 14:32:00,29.51,71.59,-0.016,0.012,0
2026-04-26 14:32:05,29.5,71.04,-0.002,-0.11,0
2026-04-26 14:32:10,29.51,71.17,0.002,0.026,0
2026-04-26 14:32:15,29.39,71.27,-0.024,0.02,0
2026-04-26 14:32:20,29.5,71.61,0.022,0.068,0
2026-04-26 14:32:25,29.59,71.82,0.018,0.042,0
2026-04-26 14:32:30,29.46,71.26,-0.026,-0.112,0
2026-04-26 14:32:35,29.51,71.65,0.01,0.078,0
2026-04-26 14:32:40,29.62,71.71,0.022,0.012,0
2026-04-26 14:32:45,29.49,71.18,-0.026,-0.106,0
2026-04-26 14:32:50,29.53,71.44,0.008,0.052,0
2026-04-26 14:32:55,29.51,71.4,-0.004,-0.008,0
2026-04-26 14:33:00,29.59,71.81,0.016,0.082,0
2026-04-26 14:33:05,29.49,71.39,-0.02,-0.084,0
2026-04-26 14:33:10,29.5,71.2,0.002,-0.038,0
2026-04-26 14:33:15,29.6,71.98,0.02,0.156,0
2026-04-26 14:33:20,29.56,71.84,-0.008,-0.028,0
2026-04-26 14:33:25,29.56,71.23,0.0,-0.122,0
2026-04-26 14:33:30,29.55,71.13,-0.002,-0.02,0
2026-04-26 14:33:35,29.46,71.51,-0.018,0.076,0
2026-04-26 14:33:40,29.57,71.18,0.022,-0.066,0
2026-04-26 14:33:45,29.52,71.24,-0.01,0.012,0
2026-04-26 14:33:50,29.5,71.15,-0.004,-0.018,0
2026-04-26 14:33:55,29.57,71.51,0.014,0.072,0
2026-04-26 14:34:00,29.65,71.63,0.016,0.024,0
2026-04-26 14:34:05,29.67,71.53,0.004,-0.02,0
2026-04-26 14:34:10,29.62,71.38,-0.01,-0.03,0
2026-04-26 14:34:15,29.53,71.71,-0.018,0.066,0
2026-04-26 14:34:20,29.37,71.3,-0.032,-0.082,0
2026-04-26 14:34:25,29.7,71.5,0.066,0.04,0
2026-04-26 14:34:30,29.71,71.12,0.002,-0.076,1
2026-04-26 14:34:35,29.6,71.68,-0.022,0.112,1
2026-04-26 14:34:40,29.56,71.25,-0.008,-0.086,1
2026-04-26 14:34:45,29.52,71.61,-0.008,0.072,1
2026-04-26 14:34:50,29.62,71.2,0.02,-0.082,1
2026-04-26 14:34:55,29.59,71.11,-0.006,-0.018,1
2026-04-26 14:35:00,29.59,71.06,0.0,-0.01,0
2026-04-26 14:35:05,29.66,71.34,0.014,0.056,0
2026-04-26 14:35:10,29.54,71.21,-0.024,-0.026,0
2026-04-26 14:35:15,29.65,71.74,0.022,0.106,0
2026-04-26 14:35:20,29.59,72.17,-0.012,0.086,0
2026-04-26 14:35:25,29.66,71.35,0.014,-0.164,0
2026-04-26 14:35:30,29.55,71.81,-0.022,0.092,0
2026-04-26 14:35:35,29.69,71.35,0.028,-0.092,0
2026-04-26 14:35:40,29.67,71.61,-0.004,0.052,0
2026-04-26 14:35:45,29.78,71.63,0.022,0.004,0
2026-04-26 14:35:50,29.73,71.85,-0.01,0.044,0
2026-04-26 14:35:55,29.69,71.17,-0.008,-0.136,0
2026-04-26 14:36:00,29.77,71.47,0.016,0.06,0
2026-04-26 14:36:05,29.56,71.91,-0.042,0.088,0
2026-04-26 14:36:10,29.77,71.39,0.042,-0.104,0
2026-04-26 14:36:15,29.57,71.78,-0.04,0.078,0
2026-04-26 14:36:20,29.81,71.66,0.048,-0.024,0
2026-04-26 14:36:25,29.79,71.3,-0.004,-0.072,0
2026-04-26 14:36:30,29.55,71.54,-0.048,0.048,0
2026-04-26 14:36:35,28.58,74.61,-0.194,0.614,0
2026-04-26 14:36:40,28.62,74.22,0.008,-0.078,0
2026-04-26 14:36:45,28.57,74.64,-0.01,0.084,0
2026-04-26 14:36:50,28.29,74.58,-0.056,-0.012,0
2026-04-26 14:36:55,28.61,74.59,0.064,0.002,0
2026-04-26 14:37:00,28.43,74.78,-0.036,0.038,0
2026-04-26 14:37:05,28.63,74.81,0.04,0.006,0
2026-04-26 14:37:10,28.6,74.79,-0.006,-0.004,0
2026-04-26 14:37:15,28.5,74.72,-0.02,-0.014,0
2026-04-26 14:37:20,28.57,74.6,0.014,-0.024,0
2026-04-26 14:37:25,28.51,74.72,-0.012,0.024,0
2026-04-26 14:37:30,28.5,74.88,-0.002,0.032,0
2026-04-26 14:37:35,28.58,74.84,0.016,-0.008,0
2026-04-26 14:37:40,28.46,74.81,-0.024,-0.006,0
2026-04-26 14:37:45,28.47,74.89,0.002,0.016,0
2026-04-26 14:37:50,28.52,74.51,0.01,-0.076,0
2026-04-26 14:37:55,28.61,75.33,0.018,0.164,0
2026-04-26 14:38:00,28.51,74.71,-0.02,-0.124,0
2026-04-26 14:38:05,28.55,74.5,0.008,-0.042,0
2026-04-26 14:38:10,28.57,75.02,0.004,0.104,0
2026-04-26 14:38:15,28.5,74.79,-0.014,-0.046,0
2026-04-26 14:38:20,28.48,75.03,-0.004,0.048,0
2026-04-26 14:38:25,28.65,74.99,0.034,-0.008,0
2026-04-26 14:38:30,28.5,75.0,-0.03,0.002,0
2026-04-26 14:38:35,28.62,75.13,0.024,0.026,0
2026-04-26 14:38:40,28.67,75.37,0.01,0.048,0
2026-04-26 14:38:45,28.61,74.42,-0.012,-0.19,0
2026-04-26 14:38:50,28.61,74.69,0.0,0.054,0
2026-04-26 14:38:55,28.58,74.79,-0.006,0.02,0
2026-04-26 14:39:00,28.6,74.95,0.004,0.032,0
2026-04-26 14:39:05,28.59,74.83,-0.002,-0.024,0
2026-04-26 14:39:10,28.55,74.86,-0.008,0.006,0
2026-04-26 14:39:15,28.46,74.61,-0.018,-0.05,0
2026-04-26 14:39:20,28.64,74.72,0.036,0.022,0
2026-04-26 14:39:25,28.48,74.47,-0.032,-0.05,0
2026-04-26 14:39:30,28.61,74.88,0.026,0.082,0
2026-04-26 14:39:35,28.49,75.05,-0.024,0.034,0
2026-04-26 14:39:40,28.55,74.78,0.012,-0.054,0
2026-04-26 14:39:45,28.44,75.06,-0.022,0.056,0
2026-04-26 14:39:50,28.52,74.84,0.016,-0.044,0
2026-04-26 14:39:55,28.54,75.03,0.004,0.038,0
2026-04-26 14:40:00,28.61,74.11,0.014,-0.184,0
2026-04-26 14:40:05,30.42,73.13,0.362,-0.196,2
2026-04-26 14:40:10,31.77,72.05,0.27,-0.216,2
2026-04-26 14:40:15,33.05,70.87,0.256,-0.236,2
2026-04-26 14:40:20,33.96,70.2,0.182,-0.134,2
2026-04-26 14:40:25,34.71,69.62,0.15,-0.116,2
2026-04-26 14:40:30,35.16,69.03,0.09,-0.118,2
2026-04-26 14:40:35,35.32,68.84,0.032,-0.038,2
2026-04-26 14:40:40,35.4,68.48,0.016,-0.072,2
2026-04-26 14:40:45,35.68,68.15,0.056,-0.066,2
2026-04-26 14:40:50,35.58,67.71,-0.02,-0.088,2
2026-04-26 14:40:55,35.66,67.67,0.016,-0.008,2
2026-04-26 14:41:00,35.64,67.52,-0.004,-0.03,2
2026-04-26 14:41:05,35.68,67.42,0.008,-0.02,2
2026-04-26 14:41:10,35.94,67.25,0.052,-0.034,1
2026-04-26 14:41:15,36.24,67.01,0.06,-0.048,1
2026-04-26 14:41:20,36.31,66.39,0.014,-0.124,1
2026-04-26 14:41:25,36.57,66.5,0.052,0.022,1
2026-04-26 14:41:30,36.68,66.3,0.022,-0.04,1
2026-04-26 14:41:35,36.91,66.53,0.046,0.046,1
2026-04-26 14:41:40,36.96,66.02,0.01,-0.102,1
2026-04-26 14:41:45,37.05,65.77,0.018,-0.05,1
2026-04-26 14:41:50,36.97,65.66,-0.016,-0.022,1
2026-04-26 14:41:55,36.92,65.77,-0.01,0.022,1
2026-04-26 14:42:00,37.02,65.86,0.02,0.018,1
2026-04-26 14:42:05,36.94,65.88,-0.016,0.004,1
2026-04-26 14:42:10,37.02,65.57,0.016,-0.062,1
2026-04-26 14:42:15,37.12,65.71,0.02,0.028,1
2026-04-26 14:42:20,29.44,71.6,-1.536,1.178,0
2026-04-26 14:42:25,29.37,71.91,-0.014,0.062,0
2026-04-26 14:42:30,29.2,71.75,-0.034,-0.032,0
2026-04-26 14:42:35,29.3,72.2,0.02,0.09,0
2026-04-26 14:42:40,29.53,71.91,0.046,-0.058,0
2026-04-26 14:42:45,29.39,71.68,-0.028,-0.046,0
2026-04-26 14:42:50,29.42,71.32,0.006,-0.072,0
2026-04-26 14:42:55,29.17,71.52,-0.05,0.04,0
2026-04-26 14:43:00,29.25,71.81,0.016,0.058,0
2026-04-26 14:43:05,29.23,71.56,-0.004,-0.05,0
2026-04-26 14:43:10,29.27,71.9,0.008,0.068,0
2026-04-26 14:43:15,29.18,71.51,-0.018,-0.078,0
2026-04-26 14:43:20,29.42,71.36,0.048,-0.03,0
2026-04-26 14:43:25,29.38,71.87,-0.008,0.102,0
2026-04-26 14:43:30,29.51,71.3,0.026,-0.114,0
2026-04-26 14:43:35,29.34,71.83,-0.034,0.106,0
2026-04-26 14:43:40,29.3,71.3,-0.008,-0.106,0
2026-04-26 14:43:45,29.39,71.56,0.018,0.052,0
2026-04-26 14:43:50,29.47,71.83,0.016,0.054,0
2026-04-26 14:43:55,29.45,71.52,-0.004,-0.062,0
2026-04-26 14:44:00,29.14,71.83,-0.062,0.062,0
2026-04-26 14:44:05,29.26,71.92,0.024,0.018,0
2026-04-26 14:44:10,29.42,71.65,0.032,-0.054,0
2026-04-26 14:44:15,29.42,71.63,0.0,-0.004,0
2026-04-26 14:44:20,29.45,71.42,0.006,-0.042,0
2026-04-26 14:44:25,29.35,71.73,-0.02,0.062,0
2026-04-26 14:44:30,29.23,71.41,-0.024,-0.064,0
2026-04-26 14:44:35,29.4,71.7,0.034,0.058,0
2026-04-26 14:44:40,29.45,71.27,0.01,-0.086,0
2026-04-26 14:44:45,29.31,71.5,-0.028,0.046,0
2026-04-26 14:44:50,29.35,71.45,0.008,-0.01,0
2026-04-26 14:44:55,29.41,71.17,0.012,-0.056,0
2026-04-26 14:45:00,29.3,71.43,-0.022,0.052,0
2026-04-26 14:45:05,29.38,71.66,0.016,0.046,0
2026-04-26 14:45:10,29.47,71.39,0.018,-0.054,0
2026-04-26 14:45:15,29.46,71.63,-0.002,0.048,0
2026-04-26 14:45:20,29.29,70.97,-0.034,-0.132,0
2026-04-26 14:45:25,29.22,70.83,-0.014,-0.028,0
2026-04-26 14:45:30,29.23,71.76,0.002,0.186,0
2026-04-26 14:45:35,29.28,71.24,0.01,-0.104,0
2026-04-26 14:45:40,29.25,71.8,-0.006,0.112,0
2026-04-26 14:45:45,29.31,71.62,0.012,-0.036,0
2026-04-26 14:45:50,29.26,71.58,-0.01,-0.008,0
2026-04-26 14:45:55,29.41,71.57,0.03,-0.002,0
2026-04-26 14:46:00,29.26,71.87,-0.03,0.06,0
2026-04-26 14:46:05,29.49,71.7,0.046,-0.034,0
2026-04-26 14:46:10,29.32,71.37,-0.034,-0.066,0
2026-04-26 14:46:15,29.31,71.27,-0.002,-0.02,0
2026-04-26 14:46:20,29.28,71.37,-0.006,0.02,0
2026-04-26 14:46:25,29.44,71.06,0.032,-0.062,0
2026-04-26 14:46:30,29.31,71.96,-0.026,0.18,1
2026-04-26 14:46:35,29.32,72.96,0.002,0.2,1
2026-04-26 14:46:40,29.46,73.45,0.028,0.098,1
2026-04-26 14:46:45,29.34,73.8,-0.024,0.07,1
2026-04-26 14:46:50,29.36,74.05,0.004,0.05,1
2026-04-26 14:46:55,29.46,74.16,0.02,0.022,1
2026-04-26 14:47:00,29.33,74.31,-0.026,0.03,1
2026-04-26 14:47:05,29.41,75.47,0.016,0.232,1
2026-04-26 14:47:10,29.55,74.8,0.028,-0.134,1
2026-04-26 14:47:15,29.59,74.86,0.008,0.012,1
2026-04-26 14:47:20,29.65,75.07,0.012,0.042,1
2026-04-26 14:47:25,29.43,75.97,-0.044,0.18,1
2026-04-26 14:47:30,29.67,75.27,0.048,-0.14,1
2026-04-26 14:47:35,29.52,75.49,-0.03,0.044,1
2026-04-26 14:47:40,29.54,75.34,0.004,-0.03,1
2026-04-26 14:47:45,29.67,75.53,0.026,0.038,1
2026-04-26 14:47:50,29.45,75.8,-0.044,0.054,1
2026-04-26 14:47:55,29.46,75.33,0.002,-0.094,1
2026-04-26 14:48:00,29.71,75.57,0.05,0.048,1
2026-04-26 14:48:05,29.68,75.73,-0.006,0.032,1
2026-04-26 14:48:10,29.6,76.17,-0.016,0.088,1
2026-04-26 14:48:15,29.62,75.57,0.004,-0.12,1
2026-04-26 14:48:20,29.65,75.16,0.006,-0.082,1
2026-04-26 14:48:25,29.72,75.76,0.014,0.12,1
2026-04-26 14:48:30,29.57,72.62,-0.03,-0.628,0
2026-04-26 14:48:35,29.47,72.02,-0.02,-0.12,0
2026-04-26 14:48:40,29.58,72.35,0.022,0.066,0
2026-04-26 14:48:45,29.55,71.98,-0.006,-0.074,0
2026-04-26 14:48:50,29.45,72.43,-0.02,0.09,0
2026-04-26 14:48:55,29.63,71.97,0.036,-0.092,0
2026-04-26 14:49:00,29.54,71.95,-0.018,-0.004,0
2026-04-26 14:49:05,29.55,72.1,0.002,0.03,0
2026-04-26 14:49:10,29.66,72.41,0.022,0.062,0
2026-04-26 14:49:15,29.63,71.69,-0.006,-0.144,0
2026-04-26 14:49:20,29.47,72.25,-0.032,0.112,0
2026-04-26 14:49:25,29.6,71.94,0.026,-0.062,0
2026-04-26 14:49:30,29.61,72.27,0.002,0.066,0
2026-04-26 14:49:35,29.53,72.52,-0.016,0.05,0
2026-04-26 14:49:40,29.56,72.2,0.006,-0.064,0
2026-04-26 14:49:45,29.48,72.65,-0.016,0.09,0
2026-04-26 14:49:50,29.68,72.53,0.04,-0.024,0
2026-04-26 14:49:55,29.62,72.75,-0.012,0.044,0
2026-04-26 14:50:00,29.58,72.54,-0.008,-0.042,0
2026-04-26 14:50:05,29.59,72.89,0.002,0.07,0
2026-04-26 14:50:10,33.09,68.41,0.7,-0.896,2
2026-04-26 14:50:15,35.72,65.31,0.526,-0.62,2
2026-04-26 14:50:20,37.42,63.13,0.34,-0.436,2
2026-04-26 14:50:25,38.46,61.66,0.208,-0.294,2
2026-04-26 14:50:30,39.0,60.91,0.108,-0.15,2
2026-04-26 14:50:35,39.21,59.9,0.042,-0.202,2
2026-04-26 14:50:40,39.3,59.5,0.018,-0.08,2
2026-04-26 14:50:45,39.39,58.82,0.018,-0.136,2
2026-04-26 14:50:50,39.35,58.55,-0.008,-0.054,2
2026-04-26 14:50:55,39.53,58.47,0.036,-0.016,1
2026-04-26 14:51:00,39.65,58.68,0.024,0.042,1
2026-04-26 14:51:05,39.84,58.16,0.038,-0.104,1
2026-04-26 14:51:10,40.08,57.6,0.048,-0.112,1
2026-04-26 14:51:15,40.12,57.59,0.008,-0.002,1
2026-04-26 14:51:20,40.17,57.86,0.01,0.054,1
2026-04-26 14:51:25,40.07,57.41,-0.02,-0.09,1
2026-04-26 14:51:30,40.2,57.6,0.026,0.038,1
2026-04-26 14:51:35,40.05,57.35,-0.03,-0.05,1
2026-04-26 14:51:40,40.17,57.43,0.024,0.016,1
2026-04-26 14:51:45,40.14,57.52,-0.006,0.018,1
2026-04-26 14:51:50,40.2,57.3,0.012,-0.044,1
2026-04-26 14:51:55,40.11,57.73,-0.018,0.086,1
2026-04-26 14:52:00,40.08,57.2,-0.006,-0.106,1
2026-04-26 14:52:05,28.72,70.01,-2.272,2.562,0
2026-04-26 14:52:10,28.86,70.76,0.028,0.15,0
2026-04-26 14:52:15,28.79,70.2,-0.014,-0.112,0
2026-04-26 14:52:20,28.76,69.88,-0.006,-0.064,0
2026-04-26 14:52:25,28.73,70.16,-0.006,0.056,0
2026-04-26 14:52:30,28.82,69.76,0.018,-0.08,0
2026-04-26 14:52:35,28.75,70.04,-0.014,0.056,0
2026-04-26 14:52:40,28.68,69.96,-0.014,-0.016,0
2026-04-26 14:52:45,28.84,69.97,0.032,0.002,0
2026-04-26 14:52:50,28.89,69.86,0.01,-0.022,0
2026-04-26 14:52:55,28.87,69.95,-0.004,0.018,0
2026-04-26 14:53:00,28.99,70.29,0.024,0.068,0
2026-04-26 14:53:05,28.77,70.05,-0.044,-0.048,0
2026-04-26 14:53:10,28.82,69.88,0.01,-0.034,0
2026-04-26 14:53:15,28.85,69.82,0.006,-0.012,0
2026-04-26 14:53:20,28.82,69.78,-0.006,-0.008,0
2026-04-26 14:53:25,28.95,69.83,0.026,0.01,0
2026-04-26 14:53:30,28.8,69.71,-0.03,-0.024,0
2026-04-26 14:53:35,28.84,70.07,0.008,0.072,0
2026-04-26 14:53:40,28.83,70.15,-0.002,0.016,0
2026-04-26 14:53:45,28.93,70.32,0.02,0.034,0
2026-04-26 14:53:50,28.85,69.96,-0.016,-0.072,0
2026-04-26 14:53:55,28.87,69.98,0.004,0.004,0
2026-04-26 14:54:00,28.81,70.49,-0.012,0.102,0
2026-04-26 14:54:05,28.7,70.29,-0.022,-0.04,0
2026-04-26 14:54:10,28.73,69.97,0.006,-0.064,0
2026-04-26 14:54:15,29.03,69.96,0.06,-0.002,0
2026-04-26 14:54:20,28.9,70.21,-0.026,0.05,0
2026-04-26 14:54:25,28.81,69.59,-0.018,-0.124,0
2026-04-26 14:54:30,28.77,69.84,-0.008,0.05,0
2026-04-26 14:54:35,28.79,69.73,0.004,-0.022,1
2026-04-26 14:54:40,28.9,70.09,0.022,0.072,1
2026-04-26 14:54:45,28.94,69.86,0.008,-0.046,1
2026-04-26 14:54:50,28.88,70.04,-0.012,0.036,1
2026-04-26 14:54:55,28.98,70.0,0.02,-0.008,1
2026-04-26 14:55:00,28.77,70.12,-0.042,0.024,1
2026-04-26 14:55:05,28.82,70.14,0.01,0.004,1
2026-04-26 14:55:10,28.84,69.61,0.004,-0.106,1
2026-04-26 14:55:15,28.96,70.36,0.024,0.15,1
2026-04-26 14:55:20,28.84,69.73,-0.024,-0.126,0
2026-04-26 14:55:25,28.86,69.48,0.004,-0.05,0
2026-04-26 14:55:30,28.98,69.76,0.024,0.056,0
2026-04-26 14:55:35,28.97,70.15,-0.002,0.078,0
2026-04-26 14:55:40,28.96,70.13,-0.002,-0.004,0
2026-04-26 14:55:45,28.91,70.56,-0.01,0.086,0
2026-04-26 14:55:50,28.94,70.04,0.006,-0.104,0
2026-04-26 14:55:55,29.03,70.43,0.018,0.078,0
2026-04-26 14:56:00,29.01,69.76,-0.004,-0.134,0
2026-04-26 14:56:05,28.93,69.93,-0.016,0.034,0
2026-04-26 14:56:10,28.6,70.84,-0.066,0.182,0
2026-04-26 14:56:15,28.49,70.3,-0.022,-0.108,0
2026-04-26 14:56:20,28.65,70.91,0.032,0.122,0
2026-04-26 14:56:25,28.63,70.53,-0.004,-0.076,0
2026-04-26 14:56:30,28.51,70.47,-0.024,-0.012,0
2026-04-26 14:56:35,28.67,70.54,0.032,0.014,0
2026-04-26 14:56:40,28.68,70.29,0.002,-0.05,0
2026-04-26 14:56:45,28.66,70.28,-0.004,-0.002,0
2026-04-26 14:56:50,28.6,71.01,-0.012,0.146,0
2026-04-26 14:56:55,28.7,70.32,0.02,-0.138,0
2026-04-26 14:57:00,28.63,70.69,-0.014,0.074,0
2026-04-26 14:57:05,28.5,70.81,-0.026,0.024,0
2026-04-26 14:57:10,28.46,70.22,-0.008,-0.118,0
2026-04-26 14:57:15,28.58,70.53,0.024,0.062,0
2026-04-26 14:57:20,28.61,70.12,0.006,-0.082,0
2026-04-26 14:57:25,28.56,70.86,-0.01,0.148,0
2026-04-26 14:57:30,28.63,70.11,0.014,-0.15,0
2026-04-26 14:57:35,28.68,69.93,0.01,-0.036,0
2026-04-26 14:57:40,28.47,70.59,-0.042,0.132,0
2026-04-26 14:57:45,28.54,70.49,0.014,-0.02,0
2026-04-26 14:57:50,28.75,70.15,0.042,-0.068,0
2026-04-26 14:57:55,28.59,70.11,-0.032,-0.008,0
2026-04-26 14:58:00,28.78,70.56,0.038,0.09,0
2026-04-26 14:58:05,28.59,70.41,-0.038,-0.03,0
2026-04-26 14:58:10,28.59,69.97,0.0,-0.088,0
2026-04-26 14:58:15,28.57,70.36,-0.004,0.078,0
2026-04-26 14:58:20,28.78,70.16,0.042,-0.04,0
2026-04-26 14:58:25,28.54,70.54,-0.048,0.076,0
2026-04-26 14:58:30,28.59,70.42,0.01,-0.024,0
2026-04-26 14:58:35,28.53,70.55,-0.012,0.026,0
2026-04-26 14:58:40,28.56,70.03,0.006,-0.104,0
2026-04-26 14:58:45,28.58,70.67,0.004,0.128,0
2026-04-26 14:58:50,28.67,70.03,0.018,-0.128,0
2026-04-26 14:58:55,28.62,70.57,-0.01,0.108,0
2026-04-26 14:59:00,28.51,70.23,-0.022,-0.068,0
2026-04-26 14:59:05,28.72,70.52,0.042,0.058,0
2026-04-26 14:59:10,28.74,70.4,0.004,-0.024,0
2026-04-26 14:59:15,28.63,70.28,-0.022,-0.024,0
2026-04-26 14:59:20,28.65,69.96,0.004,-0.064,0
2026-04-26 14:59:25,28.73,69.98,0.016,0.004,0
2026-04-26 14:59:30,28.62,70.34,-0.022,0.072,1
2026-04-26 14:59:35,28.45,70.31,-0.034,-0.006,1
2026-04-26 14:59:40,28.72,70.16,0.054,-0.03,1
2026-04-26 14:59:45,28.69,70.11,-0.006,-0.01,1
2026-04-26 14:59:50,28.59,70.38,-0.02,0.054,1
2026-04-26 14:59:55,28.64,70.4,0.01,0.004,1
2026-04-26 15:00:00,28.62,70.33,-0.004,-0.014,1
2026-04-26 15:00:05,28.74,70.37,0.024,0.008,1
2026-04-26 15:00:10,28.67,70.07,-0.014,-0.06,1
2026-04-26 15:00:15,28.75,70.49,0.016,0.084,1
2026-04-26 15:00:20,28.61,70.63,-0.028,0.028,1
2026-04-26 15:00:25,28.7,70.14,0.018,-0.098,1
2026-04-26 15:00:30,28.61,70.27,-0.018,0.026,1
2026-04-26 15:00:35,28.57,70.26,-0.008,-0.002,1
2026-04-26 15:00:40,28.66,70.36,0.018,0.02,1
2026-04-26 15:00:45,28.71,70.13,0.01,-0.046,0
2026-04-26 15:00:50,28.58,70.0,-0.026,-0.026,0
2026-04-26 15:00:55,28.65,70.11,0.014,0.022,0
2026-04-26 15:01:00,28.76,70.05,0.022,-0.012,0
2026-04-26 15:01:05,28.68,70.28,-0.016,0.046,0
2026-04-26 15:01:10,28.66,70.01,-0.004,-0.054,0
2026-04-26 15:01:15,28.75,70.28,0.018,0.054,0
2026-04-26 15:01:20,28.72,70.35,-0.006,0.014,0
2026-04-26 15:01:25,28.72,70.22,0.0,-0.026,0
2026-04-26 15:01:30,28.73,70.11,0.002,-0.022,0
2026-04-26 15:01:35,28.74,70.28,0.002,0.034,0
2026-04-26 15:01:40,28.73,70.71,-0.002,0.086,0
2026-04-26 15:01:45,28.68,69.93,-0.01,-0.156,0
2026-04-26 15:01:50,28.83,70.28,0.03,0.07,0
2026-04-26 15:01:55,28.71,69.88,-0.024,-0.08,0
2026-04-26 15:02:00,28.73,70.47,0.004,0.118,0
2026-04-26 15:02:05,28.72,70.16,-0.002,-0.062,0
2026-04-26 15:02:10,28.74,70.47,0.004,0.062,0
2026-04-26 15:02:15,28.73,69.86,-0.002,-0.122,0
2026-04-26 15:02:20,28.74,70.34,0.002,0.096,0
2026-04-26 15:02:25,28.97,74.16,0.046,0.764,0
2026-04-26 15:02:30,28.99,74.05,0.004,-0.022,0
2026-04-26 15:02:35,28.86,73.84,-0.026,-0.042,0
2026-04-26 15:02:40,28.93,74.35,0.014,0.102,0
2026-04-26 15:02:45,28.93,74.27,0.0,-0.016,0
2026-04-26 15:02:50,28.99,73.57,0.012,-0.14,0
2026-04-26 15:02:55,28.95,73.87,-0.008,0.06,0
2026-04-26 15:03:00,29.04,74.08,0.018,0.042,0
2026-04-26 15:03:05,28.93,73.91,-0.022,-0.034,0
2026-04-26 15:03:10,28.96,73.68,0.006,-0.046,0
2026-04-26 15:03:15,29.2,73.55,0.048,-0.026,0
2026-04-26 15:03:20,28.95,73.8,-0.05,0.05,0
2026-04-26 15:03:25,29.02,73.66,0.014,-0.028,0
2026-04-26 15:03:30,28.98,73.28,-0.008,-0.076,0
2026-04-26 15:03:35,29.0,73.85,0.004,0.114,0
2026-04-26 15:03:40,28.99,74.0,-0.002,0.03,0
2026-04-26 15:03:45,29.05,73.76,0.012,-0.048,0
2026-04-26 15:03:50,29.04,73.4,-0.002,-0.072,0
2026-04-26 15:03:55,29.04,73.64,0.0,0.048,0
2026-04-26 15:04:00,28.93,73.56,-0.022,-0.016,0
2026-04-26 15:04:05,29.09,73.98,0.032,0.084,0
2026-04-26 15:04:10,29.05,74.11,-0.008,0.026,0
2026-04-26 15:04:15,28.97,73.84,-0.016,-0.054,0
2026-04-26 15:04:20,29.04,73.77,0.014,-0.014,1
2026-04-26 15:04:25,29.1,74.01,0.012,0.048,1
2026-04-26 15:04:30,28.99,73.95,-0.022,-0.012,1
2026-04-26 15:04:35,29.07,74.14,0.016,0.038,1
2026-04-26 15:04:40,28.96,73.69,-0.022,-0.09,1
2026-04-26 15:04:45,29.06,73.46,0.02,-0.046,1
2026-04-26 15:04:50,29.16,74.34,0.02,0.176,1
2026-04-26 15:04:55,28.96,74.15,-0.04,-0.038,0
2026-04-26 15:05:00,28.96,74.46,0.0,0.062,0
2026-04-26 15:05:05,29.21,73.71,0.05,-0.15,0
2026-04-26 15:05:10,29.06,73.9,-0.03,0.038,0
2026-04-26 15:05:15,29.21,74.2,0.03,0.06,0
2026-04-26 15:05:20,29.01,74.07,-0.04,-0.026,0
2026-04-26 15:05:25,29.23,73.95,0.044,-0.024,0
2026-04-26 15:05:30,29.12,74.18,-0.022,0.046,0
2026-04-26 15:05:35,29.05,74.24,-0.014,0.012,0
2026-04-26 15:05:40,29.2,74.38,0.03,0.028,0
2026-04-26 15:05:45,29.13,73.8,-0.014,-0.116,0
2026-04-26 15:05:50,29.12,73.51,-0.002,-0.058,0
2026-04-26 15:05:55,29.14,74.46,0.004,0.19,0
2026-04-26 15:06:00,29.14,73.97,0.0,-0.098,0
2026-04-26 15:06:05,28.63,74.35,-0.102,0.076,0
2026-04-26 15:06:10,28.63,74.27,0.0,-0.016,0
2026-04-26 15:06:15,28.59,74.23,-0.008,-0.008,0
2026-04-26 15:06:20,28.78,74.33,0.038,0.02,0
2026-04-26 15:06:25,28.64,74.63,-0.028,0.06,0
2026-04-26 15:06:30,28.77,74.66,0.026,0.006,0
2026-04-26 15:06:35,28.66,74.53,-0.022,-0.026,0
2026-04-26 15:06:40,28.75,74.44,0.018,-0.018,0
2026-04-26 15:06:45,28.67,74.34,-0.016,-0.02,0
2026-04-26 15:06:50,28.82,74.49,0.03,0.03,0
2026-04-26 15:06:55,28.58,74.72,-0.048,0.046,0
2026-04-26 15:07:00,28.67,74.32,0.018,-0.08,0
2026-04-26 15:07:05,28.81,74.5,0.028,0.036,0
2026-04-26 15:07:10,28.74,74.43,-0.014,-0.014,0
2026-04-26 15:07:15,28.68,74.72,-0.012,0.058,0
2026-04-26 15:07:20,28.76,74.52,0.016,-0.04,0
2026-04-26 15:07:25,28.63,74.22,-0.026,-0.06,0
2026-04-26 15:07:30,28.92,74.52,0.058,0.06,0
2026-04-26 15:07:35,28.82,74.82,-0.02,0.06,0
2026-04-26 15:07:40,28.65,74.5,-0.034,-0.064,0
2026-04-26 15:07:45,28.71,74.46,0.012,-0.008,0
2026-04-26 15:07:50,28.84,74.54,0.026,0.016,0
2026-04-26 15:07:55,28.74,74.67,-0.02,0.026,0
2026-04-26 15:08:00,28.71,74.36,-0.006,-0.062,0
2026-04-26 15:08:05,28.8,74.7,0.018,0.068,0
2026-04-26 15:08:10,28.7,74.52,-0.02,-0.036,0
2026-04-26 15:08:15,28.7,74.28,0.0,-0.048,0
2026-04-26 15:08:20,28.75,74.28,0.01,0.0,0
2026-04-26 15:08:25,28.8,74.52,0.01,0.048,0
2026-04-26 15:08:30,28.73,74.37,-0.014,-0.03,0
2026-04-26 15:08:35,28.6,74.68,-0.026,0.062,0
2026-04-26 15:08:40,28.75,74.54,0.03,-0.028,0
2026-04-26 15:08:45,28.71,74.32,-0.008,-0.044,0
2026-04-26 15:08:50,28.86,74.05,0.03,-0.054,0
2026-04-26 15:08:55,28.71,74.96,-0.03,0.182,0
2026-04-26 15:09:00,28.83,74.48,0.024,-0.096,0
2026-04-26 15:09:05,28.79,74.33,-0.008,-0.03,0
2026-04-26 15:09:10,28.58,74.86,-0.042,0.106,0
2026-04-26 15:09:15,28.64,74.98,0.012,0.024,0
2026-04-26 15:09:20,28.59,74.39,-0.01,-0.118,0
2026-04-26 15:09:25,28.65,74.63,0.012,0.048,0
2026-04-26 15:09:30,28.75,74.5,0.02,-0.026,0
2026-04-26 15:09:35,28.85,74.66,0.02,0.032,0
2026-04-26 15:09:40,28.7,74.2,-0.03,-0.092,0
2026-04-26 15:09:45,28.79,74.02,0.018,-0.036,0
2026-04-26 15:09:50,28.75,74.13,-0.008,0.022,0
2026-04-26 15:09:55,28.67,74.62,-0.016,0.098,0
2026-04-26 15:10:00,28.77,74.51,0.02,-0.022,0
2026-04-26 15:10:05,28.67,74.48,-0.02,-0.006,0
2026-04-26 15:10:10,28.8,73.82,0.026,-0.132,1
2026-04-26 15:10:15,29.0,73.6,0.04,-0.044,1
2026-04-26 15:10:20,29.09,72.97,0.018,-0.126,1
2026-04-26 15:10:25,29.37,72.46,0.056,-0.102,1
2026-04-26 15:10:30,29.59,72.25,0.044,-0.042,1
2026-04-26 15:10:35,29.57,71.97,-0.004,-0.056,1
2026-04-26 15:10:40,29.78,71.67,0.042,-0.06,1
2026-04-26 15:10:45,29.74,71.98,-0.008,0.062,1
2026-04-26 15:10:50,29.88,70.86,0.028,-0.224,1
2026-04-26 15:10:55,29.84,71.37,-0.008,0.102,1
2026-04-26 15:11:00,30.07,71.81,0.046,0.088,1
2026-04-26 15:11:05,30.07,71.38,0.0,-0.086,1
2026-04-26 15:11:10,30.11,71.75,0.008,0.074,1
2026-04-26 15:11:15,30.03,71.64,-0.016,-0.022,1
2026-04-26 15:11:20,30.16,71.42,0.026,-0.044,1
2026-04-26 15:11:25,30.19,71.63,0.006,0.042,1
2026-04-26 15:11:30,30.14,72.05,-0.01,0.084,1
2026-04-26 15:11:35,30.18,71.69,0.008,-0.072,1
2026-04-26 15:11:40,30.19,72.09,0.002,0.08,1
2026-04-26 15:11:45,30.12,71.15,-0.014,-0.188,1
2026-04-26 15:11:50,30.16,71.5,0.008,0.07,1
2026-04-26 15:11:55,30.12,71.96,-0.008,0.092,1
2026-04-26 15:12:00,28.78,74.34,-0.268,0.476,0
2026-04-26 15:12:05,28.79,73.61,0.002,-0.146,0
2026-04-26 15:12:10,28.83,74.33,0.008,0.144,0
2026-04-26 15:12:15,29.0,74.02,0.034,-0.062,0
2026-04-26 15:12:20,29.01,74.3,0.002,0.056,0
2026-04-26 15:12:25,28.99,74.45,-0.004,0.03,0
2026-04-26 15:12:30,28.87,74.43,-0.024,-0.004,0
2026-04-26 15:12:35,28.97,74.33,0.02,-0.02,0
2026-04-26 15:12:40,28.97,74.39,0.0,0.012,0
2026-04-26 15:12:45,28.95,74.1,-0.004,-0.058,0
2026-04-26 15:12:50,29.0,74.62,0.01,0.104,0
2026-04-26 15:12:55,28.95,74.02,-0.01,-0.12,0
2026-04-26 15:13:00,29.11,74.35,0.032,0.066,0
2026-04-26 15:13:05,29.02,74.32,-0.018,-0.006,0
2026-04-26 15:13:10,28.99,74.11,-0.006,-0.042,0
2026-04-26 15:13:15,28.91,74.7,-0.016,0.118,0
2026-04-26 15:13:20,28.91,74.34,0.0,-0.072,0
2026-04-26 15:13:25,29.02,74.56,0.022,0.044,0
2026-04-26 15:13:30,28.99,75.03,-0.006,0.094,0
2026-04-26 15:13:35,29.02,74.69,0.006,-0.068,0
2026-04-26 15:13:40,28.87,74.27,-0.03,-0.084,0
2026-04-26 15:13:45,29.02,74.42,0.03,0.03,0
2026-04-26 15:13:50,28.97,74.55,-0.01,0.026,0
2026-04-26 15:13:55,28.93,74.33,-0.008,-0.044,0
2026-04-26 15:14:00,28.99,74.77,0.012,0.088,0
2026-04-26 15:14:05,31.07,73.47,0.416,-0.26,2
2026-04-26 15:14:10,32.83,71.97,0.352,-0.3,2
2026-04-26 15:14:15,34.42,71.16,0.318,-0.162,2
2026-04-26 15:14:20,35.73,70.44,0.262,-0.144,2
2026-04-26 15:14:25,36.47,70.48,0.148,0.008,2
2026-04-26 15:14:30,36.92,69.92,0.09,-0.112,2
2026-04-26 15:14:35,37.12,69.52,0.04,-0.08,2
2026-04-26 15:14:40,37.24,69.0,0.024,-0.104,2
2026-04-26 15:14:45,37.24,69.11,0.0,0.022,2
2026-04-26 15:14:50,37.36,68.92,0.024,-0.038,2
2026-04-26 15:14:55,37.19,68.91,-0.034,-0.002,2
2026-04-26 15:15:00,37.54,68.3,0.07,-0.122,1
2026-04-26 15:15:05,37.62,68.5,0.016,0.04,1
2026-04-26 15:15:10,37.9,67.91,0.056,-0.118,1
2026-04-26 15:15:15,37.79,67.77,-0.022,-0.028,1
2026-04-26 15:15:20,38.15,67.36,0.072,-0.082,1
2026-04-26 15:15:25,38.08,67.43,-0.014,0.014,1
2026-04-26 15:15:30,37.99,67.32,-0.018,-0.022,1
2026-04-26 15:15:35,38.11,66.76,0.024,-0.112,1
2026-04-26 15:15:40,38.04,67.25,-0.014,0.098,1
2026-04-26 15:15:45,38.3,66.49,0.052,-0.152,1
2026-04-26 15:15:50,38.12,66.7,-0.036,0.042,1
2026-04-26 15:15:55,38.19,66.79,0.014,0.018,1
2026-04-26 15:16:00,38.22,66.72,0.006,-0.014,1
2026-04-26 15:16:05,38.03,66.3,-0.038,-0.084,1
2026-04-26 15:16:10,38.29,66.84,0.052,0.108,1
2026-04-26 15:16:15,38.03,66.76,-0.052,-0.016,1
2026-04-26 15:16:20,29.08,70.75,-1.79,0.798,0
2026-04-26 15:16:25,29.03,70.04,-0.01,-0.142,0
2026-04-26 15:16:30,28.94,70.42,-0.018,0.076,0
2026-04-26 15:16:35,29.14,70.44,0.04,0.004,0
2026-04-26 15:16:40,28.91,70.37,-0.046,-0.014,0
2026-04-26 15:16:45,28.96,70.59,0.01,0.044,0
2026-04-26 15:16:50,29.01,70.88,0.01,0.058,0
2026-04-26 15:16:55,28.99,70.41,-0.004,-0.094,0
2026-04-26 15:17:00,29.16,70.09,0.034,-0.064,0
2026-04-26 15:17:05,29.18,70.73,0.004,0.128,0
2026-04-26 15:17:10,29.16,70.78,-0.004,0.01,0
2026-04-26 15:17:15,29.01,70.29,-0.03,-0.098,0
2026-04-26 15:17:20,29.0,70.19,-0.002,-0.02,0
2026-04-26 15:17:25,29.08,70.47,0.016,0.056,0
2026-04-26 15:17:30,29.01,70.05,-0.014,-0.084,0
2026-04-26 15:17:35,29.08,70.34,0.014,0.058,0
2026-04-26 15:17:40,28.98,70.6,-0.02,0.052,0
2026-04-26 15:17:45,28.99,70.07,0.002,-0.106,0
2026-04-26 15:17:50,29.08,70.51,0.018,0.088,0
2026-04-26 15:17:55,29.18,70.42,0.02,-0.018,0
2026-04-26 15:18:00,29.08,70.58,-0.02,0.032,0
2026-04-26 15:18:05,29.08,70.05,0.0,-0.106,0
2026-04-26 15:18:10,29.04,70.53,-0.008,0.096,0
2026-04-26 15:18:15,29.02,70.57,-0.004,0.008,0
2026-04-26 15:18:20,29.09,70.14,0.014,-0.086,0
2026-04-26 15:18:25,29.03,70.74,-0.012,0.12,0
2026-04-26 15:18:30,29.12,70.64,0.018,-0.02,0
2026-04-26 15:18:35,29.05,70.78,-0.014,0.028,0
2026-04-26 15:18:40,29.13,70.36,0.016,-0.084,0
2026-04-26 15:18:45,29.11,70.67,-0.004,0.062,0
2026-04-26 15:18:50,29.07,70.77,-0.008,0.02,0
2026-04-26 15:18:55,29.18,70.86,0.022,0.018,0
2026-04-26 15:19:00,29.44,69.84,0.052,-0.204,1
2026-04-26 15:19:05,29.67,69.86,0.046,0.004,1
2026-04-26 15:19:10,29.94,69.83,0.054,-0.006,1
2026-04-26 15:19:15,30.25,69.42,0.062,-0.082,1
2026-04-26 15:19:20,30.41,70.03,0.032,0.122,1
2026-04-26 15:19:25,30.69,69.41,0.056,-0.124,1
2026-04-26 15:19:30,30.83,69.03,0.028,-0.076,1
2026-04-26 15:19:35,30.91,69.09,0.016,0.012,1
2026-04-26 15:19:40,31.12,69.47,0.042,0.076,1
2026-04-26 15:19:45,31.23,68.88,0.022,-0.118,1
2026-04-26 15:19:50,31.39,69.36,0.032,0.096,1
2026-04-26 15:19:55,31.41,69.23,0.004,-0.026,1
2026-04-26 15:20:00,31.38,69.23,-0.006,0.0,1
2026-04-26 15:20:05,31.55,69.35,0.034,0.024,1
2026-04-26 15:20:10,31.61,69.56,0.012,0.042,1
2026-04-26 15:20:15,31.5,69.92,-0.022,0.072,1
2026-04-26 15:20:20,31.43,69.67,-0.014,-0.05,1
2026-04-26 15:20:25,31.54,69.4,0.022,-0.054,1
2026-04-26 15:20:30,31.55,69.93,0.002,0.106,1
2026-04-26 15:20:35,31.58,69.67,0.006,-0.052,1
2026-04-26 15:20:40,31.43,69.53,-0.03,-0.028,1
2026-04-26 15:20:45,31.57,69.59,0.028,0.012,1
2026-04-26 15:20:50,31.64,69.61,0.014,0.004,1
2026-04-26 15:20:55,31.55,70.01,-0.018,0.08,1
2026-04-26 15:21:00,31.5,69.95,-0.01,-0.012,1
2026-04-26 15:21:05,31.5,69.94,0.0,-0.002,1
2026-04-26 15:21:10,31.43,69.98,-0.014,0.008,1
2026-04-26 15:21:15,31.52,69.86,0.018,-0.024,1
2026-04-26 15:21:20,31.54,69.91,0.004,0.01,1
2026-04-26 15:21:25,28.91,71.17,-0.526,0.252,0
2026-04-26 15:21:30,29.02,71.12,0.022,-0.01,0
2026-04-26 15:21:35,29.1,71.02,0.016,-0.02,0
2026-04-26 15:21:40,29.12,70.97,0.004,-0.01,0
2026-04-26 15:21:45,28.99,71.21,-0.026,0.048,0
2026-04-26 15:21:50,29.18,70.89,0.038,-0.064,0
2026-04-26 15:21:55,29.16,71.03,-0.004,0.028,0
2026-04-26 15:22:00,29.13,70.52,-0.006,-0.102,0
2026-04-26 15:22:05,29.06,71.11,-0.014,0.118,0
2026-04-26 15:22:10,29.04,70.74,-0.004,-0.074,0
2026-04-26 15:22:15,29.09,70.81,0.01,0.014,0
2026-04-26 15:22:20,29.04,70.86,-0.01,0.01,0
2026-04-26 15:22:25,29.04,71.09,0.0,0.046,0
2026-04-26 15:22:30,29.16,70.63,0.024,-0.092,0
2026-04-26 15:22:35,28.98,71.28,-0.036,0.13,0
2026-04-26 15:22:40,29.06,70.87,0.016,-0.082,0
2026-04-26 15:22:45,29.09,70.93,0.006,0.012,0
2026-04-26 15:22:50,29.15,70.5,0.012,-0.086,0
2026-04-26 15:22:55,29.09,70.66,-0.012,0.032,0
2026-04-26 15:23:00,29.06,71.09,-0.006,0.086,0
2026-04-26 15:23:05,29.13,71.24,0.014,0.03,0
2026-04-26 15:23:10,29.04,70.58,-0.018,-0.132,0
2026-04-26 15:23:15,29.21,70.65,0.034,0.014,0
2026-04-26 15:23:20,29.16,71.12,-0.01,0.094,0
2026-04-26 15:23:25,28.98,70.64,-0.036,-0.096,0
2026-04-26 15:23:30,29.11,70.95,0.026,0.062,0
2026-04-26 15:23:35,29.15,70.92,0.008,-0.006,0
2026-04-26 15:23:40,29.03,70.47,-0.024,-0.09,0
2026-04-26 15:23:45,29.13,71.09,0.02,0.124,0
2026-04-26 15:23:50,28.98,70.93,-0.03,-0.032,0
2026-04-26 15:23:55,29.14,71.6,0.032,0.134,0
2026-04-26 15:24:00,29.14,70.94,0.0,-0.132,0
2026-04-26 15:24:05,28.98,70.52,-0.032,-0.084,0
2026-04-26 15:24:10,28.94,70.56,-0.008,0.008,0
2026-04-26 15:24:15,29.15,70.88,0.042,0.064,0
2026-04-26 15:24:20,29.1,70.73,-0.01,-0.03,0
2026-04-26 15:24:25,29.04,70.64,-0.012,-0.018,0
2026-04-26 15:24:30,29.04,70.75,0.0,0.022,0
2026-04-26 15:24:35,29.15,70.91,0.022,0.032,0
2026-04-26 15:24:40,29.2,71.09,0.01,0.036,0
2026-04-26 15:24:45,29.06,71.06,-0.028,-0.006,0
2026-04-26 15:24:50,29.01,70.71,-0.01,-0.07,0
2026-04-26 15:24:55,29.2,70.6,0.038,-0.022,1
2026-04-26 15:25:00,29.34,70.11,0.028,-0.098,1
2026-04-26 15:25:05,29.61,70.3,0.054,0.038,1
2026-04-26 15:25:10,29.73,69.94,0.024,-0.072,1
2026-04-26 15:25:15,29.9,70.0,0.034,0.012,1
2026-04-26 15:25:20,30.12,69.43,0.044,-0.114,1
2026-04-26 15:25:25,30.13,69.18,0.002,-0.05,1
2026-04-26 15:25:30,30.29,69.08,0.032,-0.02,1
2026-04-26 15:25:35,30.36,68.84,0.014,-0.048,1
2026-04-26 15:25:40,30.62,69.35,0.052,0.102,1
2026-04-26 15:25:45,30.71,68.64,0.018,-0.142,1
2026-04-26 15:25:50,30.62,68.62,-0.018,-0.004,1
2026-04-26 15:25:55,30.8,68.23,0.036,-0.078,1
2026-04-26 15:26:00,31.01,68.45,0.042,0.044,1
2026-04-26 15:26:05,30.8,68.73,-0.042,0.056,1
2026-04-26 15:26:10,30.78,68.78,-0.004,0.01,1
2026-04-26 15:26:15,30.96,68.42,0.036,-0.072,1
2026-04-26 15:26:20,30.87,68.83,-0.018,0.082,1
2026-04-26 15:26:25,30.98,68.35,0.022,-0.096,1
2026-04-26 15:26:30,31.21,68.78,0.046,0.086,1
2026-04-26 15:26:35,30.98,68.92,-0.046,0.028,1
2026-04-26 15:26:40,31.04,68.09,0.012,-0.166,1
2026-04-26 15:26:45,31.12,68.6,0.016,0.102,1
2026-04-26 15:26:50,31.08,68.36,-0.008,-0.048,1
2026-04-26 15:26:55,31.07,68.86,-0.002,0.1,1
2026-04-26 15:27:00,30.99,68.42,-0.016,-0.088,1
2026-04-26 15:27:05,31.16,68.21,0.034,-0.042,1
2026-04-26 15:27:10,31.09,68.77,-0.014,0.112,1
2026-04-26 15:27:15,31.13,68.59,0.008,-0.036,1
2026-04-26 15:27:20,31.22,68.41,0.018,-0.036,1
2026-04-26 15:27:25,31.01,68.9,-0.042,0.098,1
2026-04-26 15:27:30,30.93,68.37,-0.016,-0.106,1
2026-04-26 15:27:35,28.72,72.23,-0.442,0.772,0
2026-04-26 15:27:40,28.76,72.19,0.008,-0.008,0
2026-04-26 15:27:45,28.76,71.83,0.0,-0.072,0
2026-04-26 15:27:50,28.75,72.1,-0.002,0.054,0
2026-04-26 15:27:55,28.93,71.73,0.036,-0.074,0
2026-04-26 15:28:00,28.85,72.19,-0.016,0.092,0
2026-04-26 15:28:05,28.83,71.8,-0.004,-0.078,0
2026-04-26 15:28:10,28.97,71.53,0.028,-0.054,0
2026-04-26 15:28:15,28.83,71.66,-0.028,0.026,0
2026-04-26 15:28:20,28.82,72.06,-0.002,0.08,0
2026-04-26 15:28:25,28.71,71.87,-0.022,-0.038,0
2026-04-26 15:28:30,28.74,71.96,0.006,0.018,0
2026-04-26 15:28:35,28.94,71.54,0.04,-0.084,0
2026-04-26 15:28:40,28.69,72.01,-0.05,0.094,0
2026-04-26 15:28:45,28.82,71.32,0.026,-0.138,0
2026-04-26 15:28:50,28.8,71.69,-0.004,0.074,0
2026-04-26 15:28:55,28.8,71.78,0.0,0.018,0
2026-04-26 15:29:00,28.83,71.5,0.006,-0.056,0
2026-04-26 15:29:05,28.69,71.8,-0.028,0.06,0
2026-04-26 15:29:10,28.86,71.9,0.034,0.02,0
2026-04-26 15:29:15,28.98,71.93,0.024,0.006,0
2026-04-26 15:29:20,28.8,72.02,-0.036,0.018,0
2026-04-26 15:29:25,28.7,72.1,-0.02,0.016,0
2026-04-26 15:29:30,28.9,71.63,0.04,-0.094,0
2026-04-26 15:29:35,28.97,71.62,0.014,-0.002,0
2026-04-26 15:29:40,28.73,71.52,-0.048,-0.02,0
2026-04-26 15:29:45,28.76,71.68,0.006,0.032,0
2026-04-26 15:29:50,28.87,71.59,0.022,-0.018,0
2026-04-26 15:29:55,28.77,71.57,-0.02,-0.004,0
2026-04-26 15:30:00,28.88,71.88,0.022,0.062,0
2026-04-26 15:30:05,28.74,72.0,-0.028,0.024,0
2026-04-26 15:30:10,28.94,71.31,0.04,-0.138,0
2026-04-26 15:30:15,28.97,71.34,0.006,0.006,0
2026-04-26 15:30:20,28.71,71.97,-0.052,0.126,0
2026-04-26 15:30:25,28.76,71.63,0.01,-0.068,0
2026-04-26 15:30:30,28.82,71.75,0.012,0.024,0
2026-04-26 15:30:35,28.9,71.65,0.016,-0.02,0
2026-04-26 15:30:40,28.85,71.46,-0.01,-0.038,0
2026-04-26 15:30:45,28.84,71.9,-0.002,0.088,0
2026-04-26 15:30:50,28.83,71.94,-0.002,0.008,0
2026-04-26 15:30:55,28.74,72.06,-0.018,0.024,0
2026-04-26 15:31:00,28.93,71.25,0.038,-0.162,0
2026-04-26 15:31:05,28.94,71.98,0.002,0.146,0
2026-04-26 15:31:10,28.73,72.03,-0.042,0.01,0
2026-04-26 15:31:15,28.82,71.61,0.018,-0.084,0
2026-04-26 15:31:20,28.84,71.68,0.004,0.014,0
2026-04-26 15:31:25,28.89,72.11,0.01,0.086,1
2026-04-26 15:31:30,28.84,72.26,-0.01,0.03,1
2026-04-26 15:31:35,28.94,72.92,0.02,0.132,1
2026-04-26 15:31:40,28.83,72.9,-0.022,-0.004,1
2026-04-26 15:31:45,28.88,73.02,0.01,0.024,1
2026-04-26 15:31:50,28.83,73.58,-0.01,0.112,1
2026-04-26 15:31:55,28.9,73.62,0.014,0.008,1
2026-04-26 15:32:00,28.9,73.75,0.0,0.026,1
2026-04-26 15:32:05,29.17,73.79,0.054,0.008,1
2026-04-26 15:32:10,29.1,73.67,-0.014,-0.024,1
2026-04-26 15:32:15,29.06,74.48,-0.008,0.162,1
2026-04-26 15:32:20,29.04,74.11,-0.004,-0.074,1
2026-04-26 15:32:25,29.05,74.34,0.002,0.046,1
2026-04-26 15:32:30,29.1,74.17,0.01,-0.034,1
2026-04-26 15:32:35,29.17,74.5,0.014,0.066,1
2026-04-26 15:32:40,29.04,74.6,-0.026,0.02,1
2026-04-26 15:32:45,29.19,74.63,0.03,0.006,1
2026-04-26 15:32:50,29.18,74.68,-0.002,0.01,1
2026-04-26 15:32:55,29.21,75.67,0.006,0.198,1
2026-04-26 15:33:00,29.24,75.01,0.006,-0.132,1
2026-04-26 15:33:05,29.29,75.13,0.01,0.024,1
2026-04-26 15:33:10,29.3,74.83,0.002,-0.06,1
2026-04-26 15:33:15,29.31,75.34,0.002,0.102,1
2026-04-26 15:33:20,29.32,75.15,0.002,-0.038,1
2026-04-26 15:33:25,29.23,75.17,-0.018,0.004,1
2026-04-26 15:33:30,29.22,75.49,-0.002,0.064,1
2026-04-26 15:33:35,29.2,75.27,-0.004,-0.044,1
2026-04-26 15:33:40,29.17,75.7,-0.006,0.086,1
2026-04-26 15:33:45,29.29,75.49,0.024,-0.042,1
2026-04-26 15:33:50,28.81,70.08,-0.096,-1.082,0
2026-04-26 15:33:55,28.91,70.22,0.02,0.028,0
2026-04-26 15:34:00,28.99,70.42,0.016,0.04,0
2026-04-26 15:34:05,28.96,69.86,-0.006,-0.112,0
2026-04-26 15:34:10,28.98,70.16,0.004,0.06,0
2026-04-26 15:34:15,28.83,70.3,-0.03,0.028,0
2026-04-26 15:34:20,29.03,70.01,0.04,-0.058,0
2026-04-26 15:34:25,28.82,69.44,-0.042,-0.114,0
2026-04-26 15:34:30,28.92,70.55,0.02,0.222,0
2026-04-26 15:34:35,29.04,70.04,0.024,-0.102,0
2026-04-26 15:34:40,29.08,69.64,0.008,-0.08,0
2026-04-26 15:34:45,28.92,70.01,-0.032,0.074,0
2026-04-26 15:34:50,28.9,70.27,-0.004,0.052,0
2026-04-26 15:34:55,29.03,70.19,0.026,-0.016,0
2026-04-26 15:35:00,28.99,69.82,-0.008,-0.074,0
2026-04-26 15:35:05,29.07,69.93,0.016,0.022,0
2026-04-26 15:35:10,28.97,70.24,-0.02,0.062,0
2026-04-26 15:35:15,28.99,69.77,0.004,-0.094,0
2026-04-26 15:35:20,29.02,69.88,0.006,0.022,0
2026-04-26 15:35:25,28.99,70.2,-0.006,0.064,0
2026-04-26 15:35:30,28.99,70.56,0.0,0.072,0
2026-04-26 15:35:35,29.02,69.87,0.006,-0.138,0
2026-04-26 15:35:40,28.97,69.58,-0.01,-0.058,0
2026-04-26 15:35:45,29.05,69.94,0.016,0.072,0
2026-04-26 15:35:50,29.02,70.15,-0.006,0.042,1
2026-04-26 15:35:55,28.96,69.77,-0.012,-0.076,1
2026-04-26 15:36:00,29.17,70.02,0.042,0.05,1
2026-04-26 15:36:05,29.01,70.09,-0.032,0.014,1
2026-04-26 15:36:10,29.1,70.02,0.018,-0.014,1
2026-04-26 15:36:15,28.99,70.3,-0.022,0.056,1
2026-04-26 15:36:20,28.97,70.37,-0.004,0.014,1
2026-04-26 15:36:25,28.96,70.01,-0.002,-0.072,1
2026-04-26 15:36:30,29.06,70.12,0.02,0.022,1
2026-04-26 15:36:35,29.05,69.67,-0.002,-0.09,1
2026-04-26 15:36:40,29.08,70.12,0.006,0.09,1
2026-04-26 15:36:45,28.95,70.23,-0.026,0.022,1
2026-04-26 15:36:50,29.08,69.61,0.026,-0.124,0
2026-04-26 15:36:55,29.03,69.47,-0.01,-0.028,0
2026-04-26 15:37:00,29.04,69.68,0.002,0.042,0
2026-04-26 15:37:05,29.07,70.34,0.006,0.132,0
2026-04-26 15:37:10,29.13,69.9,0.012,-0.088,0
2026-04-26 15:37:15,29.06,70.1,-0.014,0.04,0
2026-04-26 15:37:20,29.21,70.12,0.03,0.004,0
2026-04-26 15:37:25,29.17,69.86,-0.008,-0.052,0
2026-04-26 15:37:30,29.13,69.83,-0.008,-0.006,0
2026-04-26 15:37:35,28.97,70.09,-0.032,0.052,0
2026-04-26 15:37:40,29.03,69.67,0.012,-0.084,0
2026-04-26 15:37:45,29.15,69.82,0.024,0.03,0
2026-04-26 15:37:50,29.1,69.86,-0.01,0.008,0
2026-04-26 15:37:55,29.16,70.17,0.012,0.062,0
2026-04-26 15:38:00,29.08,70.08,-0.016,-0.018,0
2026-04-26 15:38:05,29.14,69.85,0.012,-0.046,0
2026-04-26 15:38:10,29.0,69.81,-0.028,-0.008,0
2026-04-26 15:38:15,29.13,69.9,0.026,0.018,0
2026-04-26 15:38:20,29.15,69.97,0.004,0.014,0
2026-04-26 15:38:25,28.65,72.08,-0.1,0.422,0
2026-04-26 15:38:30,28.73,72.6,0.016,0.104,0
2026-04-26 15:38:35,28.89,72.05,0.032,-0.11,0
2026-04-26 15:38:40,28.63,72.07,-0.052,0.004,0
2026-04-26 15:38:45,28.82,72.06,0.038,-0.002,0
2026-04-26 15:38:50,28.8,72.71,-0.004,0.13,0
2026-04-26 15:38:55,28.68,72.18,-0.024,-0.106,0
2026-04-26 15:39:00,28.7,72.22,0.004,0.008,0
2026-04-26 15:39:05,28.96,72.32,0.052,0.02,0
2026-04-26 15:39:10,28.85,71.93,-0.022,-0.078,0
2026-04-26 15:39:15,28.99,72.44,0.028,0.102,0
2026-04-26 15:39:20,28.74,72.1,-0.05,-0.068,0
2026-04-26 15:39:25,28.79,72.2,0.01,0.02,0
2026-04-26 15:39:30,28.94,72.33,0.03,0.026,0
2026-04-26 15:39:35,28.78,72.11,-0.032,-0.044,0
2026-04-26 15:39:40,28.93,71.95,0.03,-0.032,0
2026-04-26 15:39:45,28.87,72.36,-0.012,0.082,0
2026-04-26 15:39:50,28.87,72.18,0.0,-0.036,0
2026-04-26 15:39:55,28.88,72.03,0.002,-0.03,0
2026-04-26 15:40:00,28.92,72.1,0.008,0.014,0
2026-04-26 15:40:05,28.82,71.87,-0.02,-0.046,0
2026-04-26 15:40:10,29.0,72.24,0.036,0.074,0
2026-04-26 15:40:15,28.9,72.11,-0.02,-0.026,0
2026-04-26 15:40:20,29.02,72.01,0.024,-0.02,0
2026-04-26 15:40:25,28.87,72.22,-0.03,0.042,0
2026-04-26 15:40:30,28.92,71.92,0.01,-0.06,0
2026-04-26 15:40:35,28.97,72.31,0.01,0.078,0
2026-04-26 15:40:40,28.78,72.02,-0.038,-0.058,0
2026-04-26 15:40:45,28.85,72.37,0.014,0.07,0
2026-04-26 15:40:50,28.83,71.92,-0.004,-0.09,0
2026-04-26 15:40:55,28.94,72.55,0.022,0.126,0
2026-04-26 15:41:00,28.99,72.05,0.01,-0.1,0
2026-04-26 15:41:05,28.8,72.02,-0.038,-0.006,0
2026-04-26 15:41:10,28.86,72.01,0.012,-0.002,0
2026-04-26 15:41:15,28.84,71.94,-0.004,-0.014,0
2026-04-26 15:41:20,28.92,72.04,0.016,0.02,0
2026-04-26 15:41:25,29.07,72.76,0.03,0.144,0
2026-04-26 15:41:30,29.04,72.27,-0.006,-0.098,0
2026-04-26 15:41:35,28.9,71.98,-0.028,-0.058,0
2026-04-26 15:41:40,33.7,68.1,0.96,-0.776,2
2026-04-26 15:41:45,37.37,65.28,0.734,-0.564,2
2026-04-26 15:41:50,39.91,63.2,0.508,-0.416,2
2026-04-26 15:41:55,41.29,61.72,0.276,-0.296,2
2026-04-26 15:42:00,42.09,61.01,0.16,-0.142,2
2026-04-26 15:42:05,42.4,60.23,0.062,-0.156,1
2026-04-26 15:42:10,42.52,59.76,0.024,-0.094,1
2026-04-26 15:42:15,42.58,60.17,0.012,0.082,1
2026-04-26 15:42:20,42.82,59.88,0.048,-0.058,1
2026-04-26 15:42:25,42.8,59.6,-0.004,-0.056,1
2026-04-26 15:42:30,42.82,59.66,0.004,0.012,1
2026-04-26 15:42:35,42.85,59.05,0.006,-0.122,1
2026-04-26 15:42:40,42.7,59.7,-0.03,0.13,1
2026-04-26 15:42:45,42.9,59.3,0.04,-0.08,1
2026-04-26 15:42:50,42.82,59.54,-0.016,0.048,1
2026-04-26 15:42:55,42.89,59.59,0.014,0.01,1
2026-04-26 15:43:00,42.86,59.23,-0.006,-0.072,1
2026-04-26 15:43:05,42.77,59.03,-0.018,-0.04,1
2026-04-26 15:43:10,42.84,59.1,0.014,0.014,1
2026-04-26 15:43:15,42.81,59.23,-0.006,0.026,1
2026-04-26 15:43:20,42.71,58.7,-0.02,-0.106,1
2026-04-26 15:43:25,29.11,72.56,-2.72,2.772,0
2026-04-26 15:43:30,29.19,72.3,0.016,-0.052,0
2026-04-26 15:43:35,29.14,72.35,-0.01,0.01,0
2026-04-26 15:43:40,29.28,72.35,0.028,0.0,0
2026-04-26 15:43:45,29.07,72.17,-0.042,-0.036,0
2026-04-26 15:43:50,29.21,71.97,0.028,-0.04,0
2026-04-26 15:43:55,29.28,72.83,0.014,0.172,0
2026-04-26 15:44:00,29.24,72.48,-0.008,-0.07,0
2026-04-26 15:44:05,29.15,72.55,-0.018,0.014,0
2026-04-26 15:44:10,29.13,72.24,-0.004,-0.062,0
2026-04-26 15:44:15,29.15,72.16,0.004,-0.016,0
2026-04-26 15:44:20,29.24,72.47,0.018,0.062,0
2026-04-26 15:44:25,29.17,72.66,-0.014,0.038,0
2026-04-26 15:44:30,29.29,72.38,0.024,-0.056,0
2026-04-26 15:44:35,29.36,72.49,0.014,0.022,0
2026-04-26 15:44:40,29.25,72.23,-0.022,-0.052,0
2026-04-26 15:44:45,29.4,72.53,0.03,0.06,0
2026-04-26 15:44:50,29.23,71.99,-0.034,-0.108,0
2026-04-26 15:44:55,29.28,72.07,0.01,0.016,0
2026-04-26 15:45:00,29.2,72.24,-0.016,0.034,0
2026-04-26 15:45:05,29.3,72.52,0.02,0.056,0
2026-04-26 15:45:10,29.33,72.11,0.006,-0.082,0
2026-04-26 15:45:15,29.28,72.27,-0.01,0.032,0
2026-04-26 15:45:20,29.38,72.27,0.02,0.0,0
2026-04-26 15:45:25,29.38,71.7,0.0,-0.114,0
2026-04-26 15:45:30,29.19,72.14,-0.038,0.088,0
2026-04-26 15:45:35,29.36,72.34,0.034,0.04,0
2026-04-26 15:45:40,29.37,71.82,0.002,-0.104,0
2026-04-26 15:45:45,29.35,72.0,-0.004,0.036,0
2026-04-26 15:45:50,29.27,71.98,-0.016,-0.004,0
2026-04-26 15:45:55,29.37,72.68,0.02,0.14,0
2026-04-26 15:46:00,29.21,72.11,-0.032,-0.114,0
2026-04-26 15:46:05,29.49,72.7,0.056,0.118,0
2026-04-26 15:46:10,29.21,72.13,-0.056,-0.114,0
2026-04-26 15:46:15,29.39,72.06,0.036,-0.014,0
2026-04-26 15:46:20,29.17,72.12,-0.044,0.012,0
2026-04-26 15:46:25,29.3,72.36,0.026,0.048,0
2026-04-26 15:46:30,29.3,72.2,0.0,-0.032,0
2026-04-26 15:46:35,29.37,72.58,0.014,0.076,0
2026-04-26 15:46:40,29.18,72.25,-0.038,-0.066,0
2026-04-26 15:46:45,29.29,72.48,0.022,0.046,0
2026-04-26 15:46:50,29.28,72.37,-0.002,-0.022,0
2026-04-26 15:46:55,29.25,72.17,-0.006,-0.04,0
2026-04-26 15:47:00,29.57,71.65,0.064,-0.104,1
2026-04-26 15:47:05,29.88,71.5,0.062,-0.03,1
2026-04-26 15:47:10,30.13,71.34,0.05,-0.032,1
2026-04-26 15:47:15,30.36,71.42,0.046,0.016,1
2026-04-26 15:47:20,30.66,70.78,0.06,-0.128,1
2026-04-26 15:47:25,30.71,70.35,0.01,-0.086,1
2026-04-26 15:47:30,30.85,70.36,0.028,0.002,1
2026-04-26 15:47:35,30.93,69.83,0.016,-0.106,1
2026-04-26 15:47:40,31.12,69.54,0.038,-0.058,1
2026-04-26 15:47:45,31.3,69.85,0.036,0.062,1
2026-04-26 15:47:50,31.5,69.61,0.04,-0.048,1
2026-04-26 15:47:55,31.42,69.35,-0.016,-0.052,1
2026-04-26 15:48:00,31.58,69.45,0.032,0.02,1
2026-04-26 15:48:05,31.5,69.77,-0.016,0.064,1
2026-04-26 15:48:10,31.54,70.1,0.008,0.066,1
2026-04-26 15:48:15,31.8,69.96,0.052,-0.028,1
2026-04-26 15:48:20,31.71,69.65,-0.018,-0.062,1
2026-04-26 15:48:25,31.7,70.06,-0.002,0.082,1
2026-04-26 15:48:30,31.8,69.89,0.02,-0.034,1
2026-04-26 15:48:35,31.9,69.97,0.02,0.016,1
2026-04-26 15:48:40,31.65,70.27,-0.05,0.06,1
2026-04-26 15:48:45,31.83,70.41,0.036,0.028,1
2026-04-26 15:48:50,31.89,69.75,0.012,-0.132,1
2026-04-26 15:48:55,31.71,70.62,-0.036,0.174,1
2026-04-26 15:49:00,29.01,72.12,-0.54,0.3,0
2026-04-26 15:49:05,28.85,71.6,-0.032,-0.104,0
2026-04-26 15:49:10,28.86,72.06,0.002,0.092,0
2026-04-26 15:49:15,28.95,71.51,0.018,-0.11,0
2026-04-26 15:49:20,28.9,72.27,-0.01,0.152,0
2026-04-26 15:49:25,28.87,71.93,-0.006,-0.068,0
2026-04-26 15:49:30,29.02,71.77,0.03,-0.032,0
2026-04-26 15:49:35,28.98,71.89,-0.008,0.024,0
2026-04-26 15:49:40,28.87,71.9,-0.022,0.002,0
2026-04-26 15:49:45,28.98,72.07,0.022,0.034,0
2026-04-26 15:49:50,29.09,72.27,0.022,0.04,0
2026-04-26 15:49:55,28.93,71.51,-0.032,-0.152,0
2026-04-26 15:50:00,28.9,72.06,-0.006,0.11,0
2026-04-26 15:50:05,28.96,71.92,0.012,-0.028,0
2026-04-26 15:50:10,29.0,72.03,0.008,0.022,0
2026-04-26 15:50:15,28.94,71.43,-0.012,-0.12,0
2026-04-26 15:50:20,28.98,71.71,0.008,0.056,0
2026-04-26 15:50:25,29.17,71.45,0.038,-0.052,0
2026-04-26 15:50:30,29.02,71.99,-0.03,0.108,0
2026-04-26 15:50:35,29.01,71.95,-0.002,-0.008,0
2026-04-26 15:50:40,29.17,72.23,0.032,0.056,0
2026-04-26 15:50:45,28.9,71.88,-0.054,-0.07,0
2026-04-26 15:50:50,28.99,71.62,0.018,-0.052,0
2026-04-26 15:50:55,29.16,71.65,0.034,0.006,0
2026-04-26 15:51:00,28.94,71.96,-0.044,0.062,0
2026-04-26 15:51:05,28.98,71.72,0.008,-0.048,0
2026-04-26 15:51:10,28.94,71.76,-0.008,0.008,0
2026-04-26 15:51:15,28.92,71.77,-0.004,0.002,0
2026-04-26 15:51:20,29.08,72.37,0.032,0.12,0
2026-04-26 15:51:25,29.04,71.33,-0.008,-0.208,0
2026-04-26 15:51:30,29.0,71.78,-0.008,0.09,0
2026-04-26 15:51:35,29.13,72.02,0.026,0.048,0
2026-04-26 15:51:40,28.96,71.74,-0.034,-0.056,0
2026-04-26 15:51:45,29.08,72.14,0.024,0.08,0
2026-04-26 15:51:50,29.05,72.06,-0.006,-0.016,0
2026-04-26 15:51:55,29.07,72.11,0.004,0.01,1
2026-04-26 15:52:00,29.06,72.04,-0.002,-0.014,1
2026-04-26 15:52:05,29.16,71.74,0.02,-0.06,1
2026-04-26 15:52:10,29.02,71.5,-0.028,-0.048,1
2026-04-26 15:52:15,29.08,71.81,0.012,0.062,1
2026-04-26 15:52:20,29.05,72.04,-0.006,0.046,1
2026-04-26 15:52:25,29.16,71.97,0.022,-0.014,1
2026-04-26 15:52:30,29.1,71.77,-0.012,-0.04,1
2026-04-26 15:52:35,29.03,71.77,-0.014,0.0,0
2026-04-26 15:52:40,29.01,72.05,-0.004,0.056,0
2026-04-26 15:52:45,29.2,72.04,0.038,-0.002,0
2026-04-26 15:52:50,29.12,72.47,-0.016,0.086,0
2026-04-26 15:52:55,29.0,72.24,-0.024,-0.046,0
2026-04-26 15:53:00,28.95,72.23,-0.01,-0.002,0
2026-04-26 15:53:05,29.08,72.45,0.026,0.044,0
2026-04-26 15:53:10,29.16,72.27,0.016,-0.036,0
2026-04-26 15:53:15,29.03,72.64,-0.026,0.074,0
2026-04-26 15:53:20,29.06,72.9,0.006,0.052,0
2026-04-26 15:53:25,29.06,72.51,0.0,-0.078,0
2026-04-26 15:53:30,29.13,72.55,0.014,0.008,0
2026-04-26 15:53:35,28.83,70.58,-0.06,-0.394,0
2026-04-26 15:53:40,28.98,71.05,0.03,0.094,0
2026-04-26 15:53:45,28.96,71.01,-0.004,-0.008,0
2026-04-26 15:53:50,28.83,71.19,-0.026,0.036,0
2026-04-26 15:53:55,28.92,71.41,0.018,0.044,0
2026-04-26 15:54:00,28.91,71.3,-0.002,-0.022,0
2026-04-26 15:54:05,28.97,70.69,0.012,-0.122,0
2026-04-26 15:54:10,28.93,71.12,-0.008,0.086,0
2026-04-26 15:54:15,28.96,71.28,0.006,0.032,0
2026-04-26 15:54:20,28.89,70.97,-0.014,-0.062,0
2026-04-26 15:54:25,28.86,70.55,-0.006,-0.084,0
2026-04-26 15:54:30,28.94,70.89,0.016,0.068,0
2026-04-26 15:54:35,28.91,70.72,-0.006,-0.034,0
2026-04-26 15:54:40,29.05,71.07,0.028,0.07,0
2026-04-26 15:54:45,29.05,70.7,0.0,-0.074,0
2026-04-26 15:54:50,28.88,70.49,-0.034,-0.042,0
2026-04-26 15:54:55,29.01,70.5,0.026,0.002,0
2026-04-26 15:55:00,28.94,71.0,-0.014,0.1,0
2026-04-26 15:55:05,28.92,70.72,-0.004,-0.056,0
2026-04-26 15:55:10,28.88,70.53,-0.008,-0.038,0
2026-04-26 15:55:15,28.98,71.06,0.02,0.106,0
2026-04-26 15:55:20,28.93,70.79,-0.01,-0.054,0
2026-04-26 15:55:25,29.0,70.72,0.014,-0.014,0
2026-04-26 15:55:30,29.19,70.55,0.038,-0.034,1
2026-04-26 15:55:35,29.34,70.08,0.03,-0.094,1
2026-04-26 15:55:40,29.52,69.85,0.036,-0.046,1
2026-04-26 15:55:45,29.57,69.67,0.01,-0.036,1
2026-04-26 15:55:50,29.85,69.49,0.056,-0.036,1
2026-04-26 15:55:55,29.92,69.34,0.014,-0.03,1
2026-04-26 15:56:00,29.92,69.03,0.0,-0.062,1
2026-04-26 15:56:05,30.23,68.98,0.062,-0.01,1
2026-04-26 15:56:10,30.16,69.05,-0.014,0.014,1
2026-04-26 15:56:15,30.22,69.39,0.012,0.068,1
2026-04-26 15:56:20,30.28,68.97,0.012,-0.084,1
2026-04-26 15:56:25,30.23,69.27,-0.01,0.06,1
2026-04-26 15:56:30,30.26,68.79,0.006,-0.096,1
2026-04-26 15:56:35,30.2,69.21,-0.012,0.084,1
2026-04-26 15:56:40,30.19,69.4,-0.002,0.038,1
2026-04-26 15:56:45,30.25,69.31,0.012,-0.018,1
2026-04-26 15:56:50,30.29,68.81,0.008,-0.1,1
2026-04-26 15:56:55,30.3,69.44,0.002,0.126,1
2026-04-26 15:57:00,30.33,69.28,0.006,-0.032,1
2026-04-26 15:57:05,30.3,69.34,-0.006,0.012,1
2026-04-26 15:57:10,30.4,69.7,0.02,0.072,1
2026-04-26 15:57:15,30.3,69.52,-0.02,-0.036,1
2026-04-26 15:57:20,30.33,68.92,0.006,-0.12,1
2026-04-26 15:57:25,28.76,74.56,-0.314,1.128,0
2026-04-26 15:57:30,28.68,74.96,-0.016,0.08,0
2026-04-26 15:57:35,28.69,74.73,0.002,-0.046,0
2026-04-26 15:57:40,28.77,74.99,0.016,0.052,0
2026-04-26 15:57:45,28.62,75.13,-0.03,0.028,0
2026-04-26 15:57:50,28.79,74.87,0.034,-0.052,0
2026-04-26 15:57:55,28.67,75.12,-0.024,0.05,0
2026-04-26 15:58:00,28.73,74.42,0.012,-0.14,0
2026-04-26 15:58:05,28.86,75.12,0.026,0.14,0
2026-04-26 15:58:10,28.73,75.06,-0.026,-0.012,0
2026-04-26 15:58:15,28.91,74.44,0.036,-0.124,0
2026-04-26 15:58:20,28.64,74.81,-0.054,0.074,0
2026-04-26 15:58:25,28.77,74.75,0.026,-0.012,0
2026-04-26 15:58:30,28.83,74.88,0.012,0.026,0
2026-04-26 15:58:35,28.88,75.29,0.01,0.082,0
2026-04-26 15:58:40,28.75,74.83,-0.026,-0.092,0
2026-04-26 15:58:45,28.8,74.8,0.01,-0.006,0
2026-04-26 15:58:50,28.82,74.76,0.004,-0.008,0
2026-04-26 15:58:55,28.77,74.38,-0.01,-0.076,0
2026-04-26 15:59:00,28.73,75.19,-0.008,0.162,0
2026-04-26 15:59:05,28.81,75.0,0.016,-0.038,0
2026-04-26 15:59:10,28.95,74.71,0.028,-0.058,0
2026-04-26 15:59:15,32.85,72.19,0.78,-0.504,2
2026-04-26 15:59:20,35.69,70.36,0.568,-0.366,2
2026-04-26 15:59:25,37.76,68.57,0.414,-0.358,2
2026-04-26 15:59:30,39.2,68.33,0.288,-0.048,2
2026-04-26 15:59:35,39.79,67.45,0.118,-0.176,2
2026-04-26 15:59:40,40.13,67.24,0.068,-0.042,2
2026-04-26 15:59:45,40.3,67.01,0.034,-0.046,2
2026-04-26 15:59:50,40.49,66.65,0.038,-0.072,1
2026-04-26 15:59:55,40.63,66.19,0.028,-0.092,1
2026-04-26 16:00:00,40.73,66.55,0.02,0.072,1
2026-04-26 16:00:05,40.94,66.03,0.042,-0.104,1
2026-04-26 16:00:10,40.95,66.25,0.002,0.044,1
2026-04-26 16:00:15,41.14,65.51,0.038,-0.148,1
2026-04-26 16:00:20,41.05,65.66,-0.018,0.03,1
2026-04-26 16:00:25,41.13,64.86,0.016,-0.16,1
2026-04-26 16:00:30,41.08,65.8,-0.01,0.188,1
2026-04-26 16:00:35,41.16,66.12,0.016,0.064,1
2026-04-26 16:00:40,41.07,65.09,-0.018,-0.206,1
2026-04-26 16:00:45,40.92,65.23,-0.03,0.028,1
2026-04-26 16:00:50,41.11,65.63,0.038,0.08,1
2026-04-26 16:00:55,41.16,65.39,0.01,-0.048,1
2026-04-26 16:01:00,28.64,74.95,-2.504,1.912,0
2026-04-26 16:01:05,28.67,75.01,0.006,0.012,0
2026-04-26 16:01:10,28.5,74.93,-0.034,-0.016,0
2026-04-26 16:01:15,28.88,75.59,0.076,0.132,0
2026-04-26 16:01:20,28.59,75.04,-0.058,-0.11,0
2026-04-26 16:01:25,28.65,75.15,0.012,0.022,0
2026-04-26 16:01:30,28.6,75.1,-0.01,-0.01,0
2026-04-26 16:01:35,28.6,75.11,0.0,0.002,0
2026-04-26 16:01:40,28.73,75.21,0.026,0.02,0
2026-04-26 16:01:45,28.69,74.96,-0.008,-0.05,0
2026-04-26 16:01:50,28.78,74.6,0.018,-0.072,0
2026-04-26 16:01:55,28.82,75.27,0.008,0.134,0
2026-04-26 16:02:00,28.76,74.85,-0.012,-0.084,0
2026-04-26 16:02:05,28.66,75.13,-0.02,0.056,0
2026-04-26 16:02:10,28.63,74.96,-0.006,-0.034,0
2026-04-26 16:02:15,28.78,75.41,0.03,0.09,0
2026-04-26 16:02:20,28.68,75.2,-0.02,-0.042,0
2026-04-26 16:02:25,28.87,75.04,0.038,-0.032,0
2026-04-26 16:02:30,28.9,75.08,0.006,0.008,0
2026-04-26 16:02:35,28.75,75.36,-0.03,0.056,0
2026-04-26 16:02:40,28.87,75.3,0.024,-0.012,0
2026-04-26 16:02:45,28.81,75.17,-0.012,-0.026,0
2026-04-26 16:02:50,28.69,75.56,-0.024,0.078,0
2026-04-26 16:02:55,28.8,75.03,0.022,-0.106,0
2026-04-26 16:03:00,28.71,75.09,-0.018,0.012,0
2026-04-26 16:03:05,28.85,75.08,0.028,-0.002,0
2026-04-26 16:03:10,28.87,75.19,0.004,0.022,0
2026-04-26 16:03:15,28.86,75.6,-0.002,0.082,1
2026-04-26 16:03:20,28.74,75.19,-0.024,-0.082,1
2026-04-26 16:03:25,28.64,75.1,-0.02,-0.018,1
2026-04-26 16:03:30,28.76,75.47,0.024,0.074,1
2026-04-26 16:03:35,28.79,75.21,0.006,-0.052,1
2026-04-26 16:03:40,28.8,75.17,0.002,-0.008,1
2026-04-26 16:03:45,28.84,75.11,0.008,-0.012,1
2026-04-26 16:03:50,28.87,75.4,0.006,0.058,1
2026-04-26 16:03:55,28.98,75.08,0.022,-0.064,1
2026-04-26 16:04:00,28.76,74.91,-0.044,-0.034,0
2026-04-26 16:04:05,28.69,75.1,-0.014,0.038,0
2026-04-26 16:04:10,28.88,75.2,0.038,0.02,0
2026-04-26 16:04:15,28.7,75.4,-0.036,0.04,0
2026-04-26 16:04:20,28.84,75.84,0.028,0.088,0
2026-04-26 16:04:25,28.66,75.39,-0.036,-0.09,0
2026-04-26 16:04:30,28.92,75.42,0.052,0.006,0
2026-04-26 16:04:35,29.01,75.78,0.018,0.072,0
2026-04-26 16:04:40,28.85,75.83,-0.032,0.01,0
2026-04-26 16:04:45,28.76,75.73,-0.018,-0.02,0
2026-04-26 16:04:50,28.69,71.28,-0.014,-0.89,0
2026-04-26 16:04:55,28.61,70.95,-0.016,-0.066,0
2026-04-26 16:05:00,28.7,70.88,0.018,-0.014,0
2026-04-26 16:05:05,28.61,71.53,-0.018,0.13,0
2026-04-26 16:05:10,28.45,71.21,-0.032,-0.064,0
2026-04-26 16:05:15,28.59,71.1,0.028,-0.022,0
2026-04-26 16:05:20,28.71,71.12,0.024,0.004,0
2026-04-26 16:05:25,28.6,71.24,-0.022,0.024,0
2026-04-26 16:05:30,28.56,71.67,-0.008,0.086,0
2026-04-26 16:05:35,28.69,71.55,0.026,-0.024,0
2026-04-26 16:05:40,28.72,71.4,0.006,-0.03,0
2026-04-26 16:05:45,28.52,71.4,-0.04,0.0,0
2026-04-26 16:05:50,28.84,71.56,0.064,0.032,0
2026-04-26 16:05:55,28.79,71.25,-0.01,-0.062,0
2026-04-26 16:06:00,28.61,71.4,-0.036,0.03,0
2026-04-26 16:06:05,28.55,71.33,-0.012,-0.014,0
2026-04-26 16:06:10,28.7,71.94,0.03,0.122,0
2026-04-26 16:06:15,28.72,71.58,0.004,-0.072,0
2026-04-26 16:06:20,28.63,71.6,-0.018,0.004,0
2026-04-26 16:06:25,28.52,71.63,-0.022,0.006,0
2026-04-26 16:06:30,28.7,71.4,0.036,-0.046,0
2026-04-26 16:06:35,28.7,71.27,0.0,-0.026,0
2026-04-26 16:06:40,28.52,71.1,-0.036,-0.034,0
2026-04-26 16:06:45,28.68,71.51,0.032,0.082,0
2026-04-26 16:06:50,28.65,71.42,-0.006,-0.018,0
2026-04-26 16:06:55,28.54,71.36,-0.022,-0.012,0
2026-04-26 16:07:00,28.67,71.47,0.026,0.022,0
2026-04-26 16:07:05,28.72,71.77,0.01,0.06,0
2026-04-26 16:07:10,28.65,71.29,-0.014,-0.096,0
2026-04-26 16:07:15,28.63,71.28,-0.004,-0.002,1
2026-04-26 16:07:20,28.72,71.84,0.018,0.112,1
2026-04-26 16:07:25,28.62,72.26,-0.02,0.084,1
2026-04-26 16:07:30,28.67,71.5,0.01,-0.152,1
2026-04-26 16:07:35,28.54,71.07,-0.026,-0.086,1
2026-04-26 16:07:40,28.68,71.34,0.028,0.054,1
2026-04-26 16:07:45,28.63,71.6,-0.01,0.052,1
2026-04-26 16:07:50,28.66,71.46,0.006,-0.028,1
2026-04-26 16:07:55,28.71,71.55,0.01,0.018,1
2026-04-26 16:08:00,28.58,71.33,-0.026,-0.044,1
2026-04-26 16:08:05,28.73,71.73,0.03,0.08,1
2026-04-26 16:08:10,28.73,71.12,0.0,-0.122,1
2026-04-26 16:08:15,28.69,71.21,-0.008,0.018,1
2026-04-26 16:08:20,28.46,71.36,-0.046,0.03,1
2026-04-26 16:08:25,28.67,71.32,0.042,-0.008,1
2026-04-26 16:08:30,28.66,71.35,-0.002,0.006,0
2026-04-26 16:08:35,28.64,71.2,-0.004,-0.03,0
2026-04-26 16:08:40,28.66,71.56,0.004,0.072,0
2026-04-26 16:08:45,28.62,71.13,-0.008,-0.086,0
2026-04-26 16:08:50,28.79,71.86,0.034,0.146,0
2026-04-26 16:08:55,28.68,71.75,-0.022,-0.022,0
2026-04-26 16:09:00,28.62,71.62,-0.012,-0.026,0
2026-04-26 16:09:05,28.74,71.67,0.024,0.01,0
2026-04-26 16:09:10,28.73,71.32,-0.002,-0.07,0
2026-04-26 16:09:15,28.69,71.52,-0.008,0.04,0
2026-04-26 16:09:20,28.73,71.45,0.008,-0.014,0
2026-04-26 16:09:25,28.62,71.5,-0.022,0.01,0
2026-04-26 16:09:30,28.67,71.4,0.01,-0.02,0
2026-04-26 16:09:35,28.89,70.77,0.044,-0.126,0
2026-04-26 16:09:40,28.81,70.91,-0.016,0.028,0
2026-04-26 16:09:45,28.87,70.51,0.012,-0.08,0
2026-04-26 16:09:50,28.88,70.98,0.002,0.094,0
2026-04-26 16:09:55,28.84,70.7,-0.008,-0.056,0
2026-04-26 16:10:00,29.02,70.46,0.036,-0.048,0
2026-04-26 16:10:05,28.91,70.73,-0.022,0.054,0
2026-04-26 16:10:10,29.05,70.5,0.028,-0.046,0
2026-04-26 16:10:15,29.01,70.64,-0.008,0.028,0
2026-04-26 16:10:20,28.99,70.64,-0.004,0.0,0
2026-04-26 16:10:25,28.92,70.67,-0.014,0.006,0
2026-04-26 16:10:30,28.88,70.41,-0.008,-0.052,0
2026-04-26 16:10:35,29.0,71.14,0.024,0.146,0
2026-04-26 16:10:40,28.93,70.63,-0.014,-0.102,0
2026-04-26 16:10:45,29.05,70.84,0.024,0.042,0
2026-04-26 16:10:50,29.03,70.4,-0.004,-0.088,0
2026-04-26 16:10:55,29.13,70.91,0.02,0.102,0
2026-04-26 16:11:00,28.97,70.6,-0.032,-0.062,0
2026-04-26 16:11:05,29.08,70.6,0.022,0.0,0
2026-04-26 16:11:10,28.75,71.53,-0.066,0.186,0
2026-04-26 16:11:15,28.93,71.35,0.036,-0.036,0
2026-04-26 16:11:20,28.88,70.7,-0.01,-0.13,0
2026-04-26 16:11:25,29.01,70.74,0.026,0.008,0
2026-04-26 16:11:30,29.03,70.83,0.004,0.018,0
2026-04-26 16:11:35,29.02,71.0,-0.002,0.034,0
2026-04-26 16:11:40,28.94,70.83,-0.016,-0.034,0
2026-04-26 16:11:45,28.95,71.14,0.002,0.062,0
2026-04-26 16:11:50,28.94,70.77,-0.002,-0.074,0
2026-04-26 16:11:55,28.94,70.92,0.0,0.03,0
2026-04-26 16:12:00,28.89,70.58,-0.01,-0.068,0
2026-04-26 16:12:05,29.14,70.86,0.05,0.056,0
2026-04-26 16:12:10,28.87,70.22,-0.054,-0.128,0
2026-04-26 16:12:15,29.01,71.14,0.028,0.184,0
2026-04-26 16:12:20,29.04,70.64,0.006,-0.1,0
2026-04-26 16:12:25,29.13,71.5,0.018,0.172,0
2026-04-26 16:12:30,28.99,71.03,-0.028,-0.094,0
2026-04-26 16:12:35,28.99,70.94,0.0,-0.018,0
2026-04-26 16:12:40,28.91,71.04,-0.016,0.02,0
2026-04-26 16:12:45,29.04,70.75,0.026,-0.058,0
2026-04-26 16:12:50,28.82,70.95,-0.044,0.04,0
2026-04-26 16:12:55,28.99,70.68,0.034,-0.054,0
2026-04-26 16:13:00,28.93,70.76,-0.012,0.016,0
2026-04-26 16:13:05,28.99,70.81,0.012,0.01,0
2026-04-26 16:13:10,30.68,69.45,0.338,-0.272,2
2026-04-26 16:13:15,31.9,68.15,0.244,-0.26,2
2026-04-26 16:13:20,33.13,67.54,0.246,-0.122,2
2026-04-26 16:13:25,33.82,66.25,0.138,-0.258,2
2026-04-26 16:13:30,34.7,65.77,0.176,-0.096,2
2026-04-26 16:13:35,34.94,65.07,0.048,-0.14,2
2026-04-26 16:13:40,35.22,64.45,0.056,-0.124,2
2026-04-26 16:13:45,35.12,63.96,-0.02,-0.098,2
2026-04-26 16:13:50,35.19,64.15,0.014,0.038,2
2026-04-26 16:13:55,35.4,64.0,0.042,-0.03,1
2026-04-26 16:14:00,35.55,63.41,0.03,-0.118,1
2026-04-26 16:14:05,35.78,63.13,0.046,-0.056,1
2026-04-26 16:14:10,35.95,63.11,0.034,-0.004,1
2026-04-26 16:14:15,36.08,62.79,0.026,-0.064,1
2026-04-26 16:14:20,36.03,62.99,-0.01,0.04,1
2026-04-26 16:14:25,36.27,63.08,0.048,0.018,1
2026-04-26 16:14:30,36.26,62.32,-0.002,-0.152,1
2026-04-26 16:14:35,36.19,62.4,-0.014,0.016,1
2026-04-26 16:14:40,36.28,62.42,0.018,0.004,1
2026-04-26 16:14:45,36.22,62.02,-0.012,-0.08,1
2026-04-26 16:14:50,36.38,62.35,0.032,0.066,1
2026-04-26 16:14:55,36.25,62.12,-0.026,-0.046,1
2026-04-26 16:15:00,36.34,62.12,0.018,0.0,1
2026-04-26 16:15:05,36.42,62.02,0.016,-0.02,1
2026-04-26 16:15:10,28.71,73.75,-1.542,2.346,0
2026-04-26 16:15:15,28.79,74.14,0.016,0.078,0
2026-04-26 16:15:20,28.6,73.71,-0.038,-0.086,0
2026-04-26 16:15:25,28.84,73.71,0.048,0.0,0
2026-04-26 16:15:30,28.65,73.86,-0.038,0.03,0
2026-04-26 16:15:35,28.71,74.25,0.012,0.078,0
2026-04-26 16:15:40,28.68,74.15,-0.006,-0.02,0
2026-04-26 16:15:45,28.65,73.88,-0.006,-0.054,0
2026-04-26 16:15:50,28.8,74.04,0.03,0.032,0
2026-04-26 16:15:55,28.82,73.87,0.004,-0.034,0
2026-04-26 16:16:00,28.75,73.9,-0.014,0.006,0
2026-04-26 16:16:05,28.65,74.01,-0.02,0.022,0
2026-04-26 16:16:10,28.65,73.9,0.0,-0.022,0
2026-04-26 16:16:15,28.78,74.27,0.026,0.074,0
2026-04-26 16:16:20,28.76,74.19,-0.004,-0.016,0
2026-04-26 16:16:25,28.7,73.69,-0.012,-0.1,0
2026-04-26 16:16:30,28.71,73.65,0.002,-0.008,0
2026-04-26 16:16:35,28.79,74.01,0.016,0.072,0
2026-04-26 16:16:40,28.73,73.92,-0.012,-0.018,0
2026-04-26 16:16:45,28.77,73.69,0.008,-0.046,0
2026-04-26 16:16:50,28.79,73.94,0.004,0.05,0
2026-04-26 16:16:55,30.26,72.39,0.294,-0.31,2
2026-04-26 16:17:00,31.53,70.91,0.254,-0.296,2
2026-04-26 16:17:05,32.4,69.98,0.174,-0.186,2
2026-04-26 16:17:10,33.18,68.34,0.156,-0.328,2
2026-04-26 16:17:15,33.86,68.0,0.136,-0.068,2
2026-04-26 16:17:20,34.18,67.2,0.064,-0.16,2
2026-04-26 16:17:25,34.36,67.37,0.036,0.034,2
2026-04-26 16:17:30,34.39,66.6,0.006,-0.154,2
2026-04-26 16:17:35,34.53,66.57,0.028,-0.006,2
2026-04-26 16:17:40,34.46,65.96,-0.014,-0.122,2
2026-04-26 16:17:45,34.56,65.82,0.02,-0.028,1
2026-04-26 16:17:50,34.82,66.08,0.052,0.052,1
2026-04-26 16:17:55,34.95,65.77,0.026,-0.062,1
2026-04-26 16:18:00,35.04,65.51,0.018,-0.052,1
2026-04-26 16:18:05,35.09,65.3,0.01,-0.042,1
2026-04-26 16:18:10,35.23,65.38,0.028,0.016,1
2026-04-26 16:18:15,35.33,64.98,0.02,-0.08,1
2026-04-26 16:18:20,35.47,64.64,0.028,-0.068,1
2026-04-26 16:18:25,35.25,64.91,-0.044,0.054,1
2026-04-26 16:18:30,35.41,64.69,0.032,-0.044,1
2026-04-26 16:18:35,35.44,65.44,0.006,0.15,1
2026-04-26 16:18:40,35.31,65.02,-0.026,-0.084,1
2026-04-26 16:18:45,35.4,64.67,0.018,-0.07,1
2026-04-26 16:18:50,35.38,64.5,-0.004,-0.034,1
2026-04-26 16:18:55,35.41,64.57,0.006,0.014,1
2026-04-26 16:19:00,35.45,64.43,0.008,-0.028,1
2026-04-26 16:19:05,35.46,64.38,0.002,-0.01,1
2026-04-26 16:19:10,35.3,64.03,-0.032,-0.07,1
2026-04-26 16:19:15,28.83,73.92,-1.294,1.978,0
2026-04-26 16:19:20,28.88,74.8,0.01,0.176,0
2026-04-26 16:19:25,28.82,75.06,-0.012,0.052,0
2026-04-26 16:19:30,28.9,75.0,0.016,-0.012,0
2026-04-26 16:19:35,28.91,74.47,0.002,-0.106,0
2026-04-26 16:19:40,29.11,74.82,0.04,0.07,0
2026-04-26 16:19:45,28.86,74.38,-0.05,-0.088,0
2026-04-26 16:19:50,28.85,74.54,-0.002,0.032,0
2026-04-26 16:19:55,28.95,74.73,0.02,0.038,0
2026-04-26 16:20:00,28.94,73.83,-0.002,-0.18,0
2026-04-26 16:20:05,28.92,74.73,-0.004,0.18,0
2026-04-26 16:20:10,28.89,74.97,-0.006,0.048,0
2026-04-26 16:20:15,28.76,74.97,-0.026,0.0,0
2026-04-26 16:20:20,28.87,74.87,0.022,-0.02,0
2026-04-26 16:20:25,29.03,75.09,0.032,0.044,0
2026-04-26 16:20:30,28.89,74.52,-0.028,-0.114,0
2026-04-26 16:20:35,29.05,74.56,0.032,0.008,0
2026-04-26 16:20:40,28.99,75.08,-0.012,0.104,0
2026-04-26 16:20:45,29.01,74.92,0.004,-0.032,0
2026-04-26 16:20:50,29.0,74.64,-0.002,-0.056,0
2026-04-26 16:20:55,29.34,74.66,0.068,0.004,1
2026-04-26 16:21:00,29.42,74.7,0.016,0.008,1
2026-04-26 16:21:05,29.63,74.27,0.042,-0.086,1
2026-04-26 16:21:10,29.82,73.93,0.038,-0.068,1
2026-04-26 16:21:15,29.99,74.13,0.034,0.04,1
2026-04-26 16:21:20,30.29,74.34,0.06,0.042,1
2026-04-26 16:21:25,30.42,74.36,0.026,0.004,1
2026-04-26 16:21:30,30.56,74.03,0.028,-0.066,1
2026-04-26 16:21:35,30.74,73.84,0.036,-0.038,1
2026-04-26 16:21:40,30.76,73.96,0.004,0.024,1
2026-04-26 16:21:45,30.74,74.0,-0.004,0.008,1
2026-04-26 16:21:50,30.77,73.85,0.006,-0.03,1
2026-04-26 16:21:55,30.83,74.14,0.012,0.058,1
2026-04-26 16:22:00,30.89,74.41,0.012,0.054,1
2026-04-26 16:22:05,30.92,74.39,0.006,-0.004,1
2026-04-26 16:22:10,30.91,74.52,-0.002,0.026,1
2026-04-26 16:22:15,31.12,74.46,0.042,-0.012,1
2026-04-26 16:22:20,30.92,74.67,-0.04,0.042,1
2026-04-26 16:22:25,31.04,74.52,0.024,-0.03,1
2026-04-26 16:22:30,30.89,74.54,-0.03,0.004,1
2026-04-26 16:22:35,31.12,74.53,0.046,-0.002,1
2026-04-26 16:22:40,31.05,74.23,-0.014,-0.06,1
2026-04-26 16:22:45,30.97,74.32,-0.016,0.018,1
2026-04-26 16:22:50,31.06,75.0,0.018,0.136,1
2026-04-26 16:22:55,30.84,74.5,-0.044,-0.1,1
2026-04-26 16:23:00,31.1,74.55,0.052,0.01,1
2026-04-26 16:23:05,31.08,74.86,-0.004,0.062,1
2026-04-26 16:23:10,31.04,74.55,-0.008,-0.062,1
2026-04-26 16:23:15,28.57,74.59,-0.494,0.008,0
2026-04-26 16:23:20,28.66,74.09,0.018,-0.1,0
2026-04-26 16:23:25,28.7,74.33,0.008,0.048,0
2026-04-26 16:23:30,28.64,74.21,-0.012,-0.024,0
2026-04-26 16:23:35,28.74,74.08,0.02,-0.026,0
2026-04-26 16:23:40,28.79,74.6,0.01,0.104,0
2026-04-26 16:23:45,28.68,74.09,-0.022,-0.102,0
2026-04-26 16:23:50,28.67,74.05,-0.002,-0.008,0
2026-04-26 16:23:55,28.65,74.04,-0.004,-0.002,0
2026-04-26 16:24:00,28.59,74.55,-0.012,0.102,0
2026-04-26 16:24:05,28.54,73.96,-0.01,-0.118,0
2026-04-26 16:24:10,28.67,74.22,0.026,0.052,0
2026-04-26 16:24:15,28.72,74.21,0.01,-0.002,0
2026-04-26 16:24:20,28.76,74.55,0.008,0.068,0
2026-04-26 16:24:25,28.68,74.45,-0.016,-0.02,0
2026-04-26 16:24:30,28.59,74.06,-0.018,-0.078,0
2026-04-26 16:24:35,28.59,73.86,0.0,-0.04,0
2026-04-26 16:24:40,28.67,74.15,0.016,0.058,0
2026-04-26 16:24:45,28.79,74.15,0.024,0.0,0
2026-04-26 16:24:50,28.81,74.43,0.004,0.056,0
2026-04-26 16:24:55,28.75,74.27,-0.012,-0.032,0
2026-04-26 16:25:00,28.8,74.21,0.01,-0.012,0
2026-04-26 16:25:05,28.92,74.49,0.024,0.056,0
2026-04-26 16:25:10,28.75,73.98,-0.034,-0.102,0
2026-04-26 16:25:15,28.68,74.51,-0.014,0.106,0
2026-04-26 16:25:20,28.68,73.84,0.0,-0.134,0
2026-04-26 16:25:25,28.7,74.0,0.004,0.032,0
2026-04-26 16:25:30,28.74,73.9,0.008,-0.02,0
2026-04-26 16:25:35,28.69,74.54,-0.01,0.128,0
2026-04-26 16:25:40,28.71,73.85,0.004,-0.138,0
2026-04-26 16:25:45,28.78,74.68,0.014,0.166,0
2026-04-26 16:25:50,28.68,74.83,-0.02,0.03,0
2026-04-26 16:25:55,28.73,74.7,0.01,-0.026,0
2026-04-26 16:26:00,28.87,74.37,0.028,-0.066,0
2026-04-26 16:26:05,28.77,74.49,-0.02,0.024,0
2026-04-26 16:26:10,28.63,74.16,-0.028,-0.066,0
2026-04-26 16:26:15,28.62,74.63,-0.002,0.094,0
2026-04-26 16:26:20,28.85,74.06,0.046,-0.114,0
2026-04-26 16:26:25,28.73,74.48,-0.024,0.084,0
2026-04-26 16:26:30,28.74,74.18,0.002,-0.06,0
2026-04-26 16:26:35,28.59,74.37,-0.03,0.038,0
2026-04-26 16:26:40,28.61,74.86,0.004,0.098,1
2026-04-26 16:26:45,28.8,75.99,0.038,0.226,1
2026-04-26 16:26:50,28.88,76.12,0.016,0.026,1
2026-04-26 16:26:55,28.94,76.71,0.012,0.118,1
2026-04-26 16:27:00,28.87,76.89,-0.014,0.036,1
2026-04-26 16:27:05,28.93,77.02,0.012,0.026,1
2026-04-26 16:27:10,28.89,77.46,-0.008,0.088,1
2026-04-26 16:27:15,28.89,77.85,0.0,0.078,1
2026-04-26 16:27:20,28.97,78.2,0.016,0.07,1
2026-04-26 16:27:25,29.0,78.24,0.006,0.008,1
2026-04-26 16:27:30,28.99,78.39,-0.002,0.03,1
2026-04-26 16:27:35,29.17,78.62,0.036,0.046,1
2026-04-26 16:27:40,29.0,78.64,-0.034,0.004,1
2026-04-26 16:27:45,29.18,78.76,0.036,0.024,1
2026-04-26 16:27:50,29.07,79.2,-0.022,0.088,1
2026-04-26 16:27:55,29.22,79.05,0.03,-0.03,1
2026-04-26 16:28:00,29.05,79.68,-0.034,0.126,1
2026-04-26 16:28:05,29.14,79.66,0.018,-0.004,1
2026-04-26 16:28:10,29.26,79.89,0.024,0.046,1
2026-04-26 16:28:15,29.28,79.82,0.004,-0.014,1
2026-04-26 16:28:20,29.31,79.9,0.006,0.016,1
2026-04-26 16:28:25,29.39,79.4,0.016,-0.1,1
2026-04-26 16:28:30,29.12,80.15,-0.054,0.15,1
2026-04-26 16:28:35,29.31,79.74,0.038,-0.082,1
2026-04-26 16:28:40,29.44,71.74,0.026,-1.6,0
2026-04-26 16:28:45,29.4,72.34,-0.008,0.12,0
2026-04-26 16:28:50,29.52,71.74,0.024,-0.12,0
2026-04-26 16:28:55,29.5,71.92,-0.004,0.036,0
2026-04-26 16:29:00,29.6,71.48,0.02,-0.088,0
2026-04-26 16:29:05,29.51,71.8,-0.018,0.064,0
2026-04-26 16:29:10,29.48,72.22,-0.006,0.084,0
2026-04-26 16:29:15,29.55,71.76,0.014,-0.092,0
2026-04-26 16:29:20,29.48,71.67,-0.014,-0.018,0
2026-04-26 16:29:25,29.3,71.47,-0.036,-0.04,0
2026-04-26 16:29:30,29.54,71.68,0.048,0.042,0
2026-04-26 16:29:35,29.56,71.8,0.004,0.024,0
2026-04-26 16:29:40,29.6,71.9,0.008,0.02,0
2026-04-26 16:29:45,29.48,71.86,-0.024,-0.008,0
2026-04-26 16:29:50,29.54,71.87,0.012,0.002,0
2026-04-26 16:29:55,29.64,71.54,0.02,-0.066,0
2026-04-26 16:30:00,29.48,71.34,-0.032,-0.04,0
2026-04-26 16:30:05,29.63,71.56,0.03,0.044,0
2026-04-26 16:30:10,29.61,71.63,-0.004,0.014,0
2026-04-26 16:30:15,29.48,71.3,-0.026,-0.066,0
2026-04-26 16:30:20,29.4,71.67,-0.016,0.074,0
2026-04-26 16:30:25,29.56,71.62,0.032,-0.01,0
2026-04-26 16:30:30,29.63,71.54,0.014,-0.016,0
2026-04-26 16:30:35,29.63,71.91,0.0,0.074,0
2026-04-26 16:30:40,29.6,71.84,-0.006,-0.014,0
2026-04-26 16:30:45,29.58,71.56,-0.004,-0.056,0
2026-04-26 16:30:50,29.5,71.56,-0.016,0.0,0
2026-04-26 16:30:55,29.53,71.35,0.006,-0.042,0
2026-04-26 16:31:00,29.5,72.02,-0.006,0.134,0
2026-04-26 16:31:05,29.57,71.77,0.014,-0.05,0
2026-04-26 16:31:10,29.49,72.01,-0.016,0.048,0
2026-04-26 16:31:15,29.59,71.97,0.02,-0.008,0
2026-04-26 16:31:20,29.56,71.89,-0.006,-0.016,0
2026-04-26 16:31:25,29.58,72.09,0.004,0.04,0
2026-04-26 16:31:30,30.87,70.05,0.258,-0.408,2
2026-04-26 16:31:35,32.04,69.04,0.234,-0.202,2
2026-04-26 16:31:40,33.13,67.7,0.218,-0.268,2
2026-04-26 16:31:45,33.71,67.17,0.116,-0.106,2
2026-04-26 16:31:50,34.33,66.68,0.124,-0.098,2
2026-04-26 16:31:55,34.48,66.09,0.03,-0.118,2
2026-04-26 16:32:00,34.72,65.58,0.048,-0.102,2
2026-04-26 16:32:05,34.92,65.0,0.04,-0.116,2
2026-04-26 16:32:10,34.73,64.94,-0.038,-0.012,2
2026-04-26 16:32:15,34.82,64.92,0.018,-0.004,2
2026-04-26 16:32:20,35.05,64.55,0.046,-0.074,2
2026-04-26 16:32:25,35.01,64.25,-0.008,-0.06,2
2026-04-26 16:32:30,35.08,64.53,0.014,0.056,2
2026-04-26 16:32:35,35.2,64.06,0.024,-0.094,1
2026-04-26 16:32:40,35.38,63.68,0.036,-0.076,1
2026-04-26 16:32:45,35.61,63.83,0.046,0.03,1
2026-04-26 16:32:50,35.68,63.29,0.014,-0.108,1
2026-04-26 16:32:55,35.88,63.07,0.04,-0.044,1
2026-04-26 16:33:00,35.93,62.84,0.01,-0.046,1
2026-04-26 16:33:05,36.0,62.58,0.014,-0.052,1
2026-04-26 16:33:10,36.15,62.52,0.03,-0.012,1
2026-04-26 16:33:15,36.0,62.35,-0.03,-0.034,1
2026-04-26 16:33:20,36.18,62.53,0.036,0.036,1
2026-04-26 16:33:25,36.18,62.57,0.0,0.008,1
2026-04-26 16:33:30,35.94,62.06,-0.048,-0.102,1
2026-04-26 16:33:35,36.08,62.37,0.028,0.062,1
2026-04-26 16:33:40,36.12,62.55,0.008,0.036,1
2026-04-26 16:33:45,36.28,62.25,0.032,-0.06,1
2026-04-26 16:33:50,36.17,62.28,-0.022,0.006,1
2026-04-26 16:33:55,36.05,62.23,-0.024,-0.01,1
2026-04-26 16:34:00,36.03,62.41,-0.004,0.036,1
2026-04-26 16:34:05,36.16,62.08,0.026,-0.066,1
2026-04-26 16:34:10,28.65,72.65,-1.502,2.114,0
2026-04-26 16:34:15,28.6,72.7,-0.01,0.01,0
2026-04-26 16:34:20,28.58,72.1,-0.004,-0.12,0
2026-04-26 16:34:25,28.69,72.6,0.022,0.1,0
2026-04-26 16:34:30,28.54,72.64,-0.03,0.008,0
2026-04-26 16:34:35,28.55,72.15,0.002,-0.098,0
2026-04-26 16:34:40,28.48,72.42,-0.014,0.054,0
2026-04-26 16:34:45,28.57,72.26,0.018,-0.032,0
2026-04-26 16:34:50,28.53,72.92,-0.008,0.132,0
2026-04-26 16:34:55,28.62,72.41,0.018,-0.102,0
2026-04-26 16:35:00,28.43,72.49,-0.038,0.016,0
2026-04-26 16:35:05,28.48,72.31,0.01,-0.036,0
2026-04-26 16:35:10,28.66,72.55,0.036,0.048,0
2026-04-26 16:35:15,28.65,72.92,-0.002,0.074,0
2026-04-26 16:35:20,28.61,72.53,-0.008,-0.078,0
2026-04-26 16:35:25,28.58,72.45,-0.006,-0.016,0
2026-04-26 16:35:30,28.63,72.15,0.01,-0.06,0
2026-04-26 16:35:35,28.6,72.15,-0.006,0.0,0
2026-04-26 16:35:40,28.59,72.72,-0.002,0.114,0
2026-04-26 16:35:45,28.54,72.88,-0.01,0.032,0
2026-04-26 16:35:50,28.55,72.68,0.002,-0.04,0
2026-04-26 16:35:55,28.6,72.79,0.01,0.022,0
2026-04-26 16:36:00,28.62,72.16,0.004,-0.126,0
2026-04-26 16:36:05,28.68,72.36,0.012,0.04,0
2026-04-26 16:36:10,28.72,72.48,0.008,0.024,0
2026-04-26 16:36:15,28.66,72.51,-0.012,0.006,0
2026-04-26 16:36:20,28.58,73.5,-0.016,0.198,0
2026-04-26 16:36:25,28.43,72.75,-0.03,-0.15,0
2026-04-26 16:36:30,28.5,72.28,0.014,-0.094,0
2026-04-26 16:36:35,28.7,72.79,0.04,0.102,0
2026-04-26 16:36:40,28.6,72.7,-0.02,-0.018,0
2026-04-26 16:36:45,28.62,72.6,0.004,-0.02,0
2026-04-26 16:36:50,28.52,72.99,-0.02,0.078,0
2026-04-26 16:36:55,28.63,72.53,0.022,-0.092,0
2026-04-26 16:37:00,28.51,72.46,-0.024,-0.014,0
2026-04-26 16:37:05,28.51,72.58,0.0,0.024,0
2026-04-26 16:37:10,28.58,72.84,0.014,0.052,0
2026-04-26 16:37:15,28.47,72.74,-0.022,-0.02,0
2026-04-26 16:37:20,28.54,73.15,0.014,0.082,0
2026-04-26 16:37:25,28.7,72.33,0.032,-0.164,0
2026-04-26 16:37:30,28.57,72.71,-0.026,0.076,0
2026-04-26 16:37:35,28.61,72.5,0.008,-0.042,0
2026-04-26 16:37:40,28.7,72.81,0.018,0.062,0
2026-04-26 16:37:45,28.65,72.81,-0.01,0.0,0
2026-04-26 16:37:50,28.63,72.57,-0.004,-0.048,0
2026-04-26 16:37:55,28.58,73.08,-0.01,0.102,0
2026-04-26 16:38:00,28.54,72.7,-0.008,-0.076,1
2026-04-26 16:38:05,28.68,72.77,0.028,0.014,1
2026-04-26 16:38:10,28.57,72.56,-0.022,-0.042,1
2026-04-26 16:38:15,28.55,72.71,-0.004,0.03,1
2026-04-26 16:38:20,28.64,72.69,0.018,-0.004,1
2026-04-26 16:38:25,28.49,72.71,-0.03,0.004,1
2026-04-26 16:38:30,28.68,72.73,0.038,0.004,1
2026-04-26 16:38:35,28.63,72.82,-0.01,0.018,1
2026-04-26 16:38:40,28.54,72.41,-0.018,-0.082,1
2026-04-26 16:38:45,28.55,73.14,0.002,0.146,1
2026-04-26 16:38:50,28.67,72.53,0.024,-0.122,1
2026-04-26 16:38:55,28.73,72.52,0.012,-0.002,1
2026-04-26 16:39:00,28.7,72.75,-0.006,0.046,1
2026-04-26 16:39:05,28.62,72.56,-0.016,-0.038,1
2026-04-26 16:39:10,28.65,72.8,0.006,0.048,0
2026-04-26 16:39:15,28.67,72.4,0.004,-0.08,0
2026-04-26 16:39:20,28.67,73.27,0.0,0.174,0
2026-04-26 16:39:25,28.78,73.07,0.022,-0.04,0
2026-04-26 16:39:30,28.8,72.88,0.004,-0.038,0
2026-04-26 16:39:35,28.72,72.76,-0.016,-0.024,0
2026-04-26 16:39:40,28.76,73.13,0.008,0.074,0
2026-04-26 16:39:45,28.85,72.8,0.018,-0.066,0
2026-04-26 16:39:50,28.61,72.5,-0.048,-0.06,0
2026-04-26 16:39:55,28.89,72.57,0.056,0.014,0
2026-04-26 16:40:00,28.67,73.25,-0.044,0.136,0
2026-04-26 16:40:05,28.75,72.36,0.016,-0.178,0
2026-04-26 16:40:10,29.2,71.43,0.09,-0.186,0
2026-04-26 16:40:15,29.39,71.35,0.038,-0.016,0
2026-04-26 16:40:20,29.35,71.48,-0.008,0.026,0
2026-04-26 16:40:25,29.32,71.61,-0.006,0.026,0
2026-04-26 16:40:30,29.4,71.57,0.016,-0.008,0
2026-04-26 16:40:35,29.37,71.71,-0.006,0.028,0
2026-04-26 16:40:40,29.46,71.76,0.018,0.01,0
2026-04-26 16:40:45,29.43,71.8,-0.006,0.008,0
2026-04-26 16:40:50,29.3,71.7,-0.026,-0.02,0
2026-04-26 16:40:55,29.38,71.74,0.016,0.008,0
2026-04-26 16:41:00,29.52,71.44,0.028,-0.06,0
2026-04-26 16:41:05,29.17,71.86,-0.07,0.084,0
2026-04-26 16:41:10,29.31,71.83,0.028,-0.006,0
2026-04-26 16:41:15,29.54,70.97,0.046,-0.172,0
2026-04-26 16:41:20,29.33,71.73,-0.042,0.152,0
2026-04-26 16:41:25,29.45,71.49,0.024,-0.048,0
2026-04-26 16:41:30,29.49,71.71,0.008,0.044,0
2026-04-26 16:41:35,29.32,71.32,-0.034,-0.078,0
2026-04-26 16:41:40,29.46,71.42,0.028,0.02,0
2026-04-26 16:41:45,29.48,72.06,0.004,0.128,0
2026-04-26 16:41:50,31.69,70.62,0.442,-0.288,2
2026-04-26 16:41:55,33.64,69.95,0.39,-0.134,2
2026-04-26 16:42:00,35.2,69.51,0.312,-0.088,2
2026-04-26 16:42:05,36.56,69.08,0.272,-0.086,2
2026-04-26 16:42:10,37.28,68.6,0.144,-0.096,2
2026-04-26 16:42:15,37.67,68.66,0.078,0.012,2
2026-04-26 16:42:20,38.06,68.26,0.078,-0.08,2
2026-04-26 16:42:25,38.26,68.31,0.04,0.01,2
2026-04-26 16:42:30,38.15,67.69,-0.022,-0.124,2
2026-04-26 16:42:35,38.39,67.46,0.048,-0.046,1
2026-04-26 16:42:40,38.52,67.49,0.026,0.006,1
2026-04-26 16:42:45,38.97,67.68,0.09,0.038,1
2026-04-26 16:42:50,39.04,67.13,0.014,-0.11,1
2026-04-26 16:42:55,39.11,66.52,0.014,-0.122,1
2026-04-26 16:43:00,39.36,66.19,0.05,-0.066,1
2026-04-26 16:43:05,39.17,66.49,-0.038,0.06,1
2026-04-26 16:43:10,39.27,66.38,0.02,-0.022,1
2026-04-26 16:43:15,39.49,66.09,0.044,-0.058,1
2026-04-26 16:43:20,39.41,65.81,-0.016,-0.056,1
2026-04-26 16:43:25,28.84,72.99,-2.114,1.436,0
2026-04-26 16:43:30,28.77,73.62,-0.014,0.126,0
2026-04-26 16:43:35,28.8,73.56,0.006,-0.012,0
2026-04-26 16:43:40,28.73,73.02,-0.014,-0.108,0
2026-04-26 16:43:45,28.74,73.03,0.002,0.002,0
2026-04-26 16:43:50,28.67,73.49,-0.014,0.092,0
2026-04-26 16:43:55,28.68,73.17,0.002,-0.064,0
2026-04-26 16:44:00,28.68,73.1,0.0,-0.014,0
2026-04-26 16:44:05,28.78,73.29,0.02,0.038,0
2026-04-26 16:44:10,28.67,72.91,-0.022,-0.076,0
2026-04-26 16:44:15,28.76,73.49,0.018,0.116,0
2026-04-26 16:44:20,28.68,73.45,-0.016,-0.008,0
2026-04-26 16:44:25,28.76,73.48,0.016,0.006,0
2026-04-26 16:44:30,28.86,73.26,0.02,-0.044,0
2026-04-26 16:44:35,28.74,73.31,-0.024,0.01,0
2026-04-26 16:44:40,28.73,73.46,-0.002,0.03,0
2026-04-26 16:44:45,28.8,72.94,0.014,-0.104,0
2026-04-26 16:44:50,28.76,73.35,-0.008,0.082,0
2026-04-26 16:44:55,28.64,73.02,-0.024,-0.066,0
2026-04-26 16:45:00,28.85,73.33,0.042,0.062,0
2026-04-26 16:45:05,28.77,73.09,-0.016,-0.048,0
2026-04-26 16:45:10,28.8,73.29,0.006,0.04,0
2026-04-26 16:45:15,28.76,73.28,-0.008,-0.002,0
2026-04-26 16:45:20,28.7,72.64,-0.012,-0.128,0
2026-04-26 16:45:25,28.69,72.97,-0.002,0.066,0
2026-04-26 16:45:30,28.69,73.22,0.0,0.05,0
2026-04-26 16:45:35,28.84,72.94,0.03,-0.056,0
2026-04-26 16:45:40,28.82,73.36,-0.004,0.084,0
2026-04-26 16:45:45,28.73,73.36,-0.018,0.0,0
2026-04-26 16:45:50,28.72,73.31,-0.002,-0.01,0
2026-04-26 16:45:55,28.83,73.5,0.022,0.038,0
2026-04-26 16:46:00,28.79,72.85,-0.008,-0.13,0
2026-04-26 16:46:05,28.8,73.48,0.002,0.126,0
2026-04-26 16:46:10,28.86,73.15,0.012,-0.066,0
2026-04-26 16:46:15,28.71,73.31,-0.03,0.032,0
2026-04-26 16:46:20,28.75,73.4,0.008,0.018,0
2026-04-26 16:46:25,28.76,72.99,0.002,-0.082,0
2026-04-26 16:46:30,28.86,73.09,0.02,0.02,0
2026-04-26 16:46:35,28.95,73.09,0.018,0.0,1
2026-04-26 16:46:40,28.76,73.09,-0.038,0.0,1
2026-04-26 16:46:45,28.88,73.43,0.024,0.068,1
2026-04-26 16:46:50,28.75,73.05,-0.026,-0.076,1
2026-04-26 16:46:55,28.89,73.22,0.028,0.034,1
2026-04-26 16:47:00,28.73,72.66,-0.032,-0.112,1
2026-04-26 16:47:05,28.72,73.24,-0.002,0.116,1
2026-04-26 16:47:10,28.8,73.59,0.016,0.07,1
2026-04-26 16:47:15,28.77,73.23,-0.006,-0.072,1
2026-04-26 16:47:20,28.84,73.55,0.014,0.064,1
2026-04-26 16:47:25,28.76,73.06,-0.016,-0.098,1
2026-04-26 16:47:30,28.82,73.48,0.012,0.084,1
2026-04-26 16:47:35,28.76,73.09,-0.012,-0.078,1
2026-04-26 16:47:40,28.66,73.06,-0.02,-0.006,1
2026-04-26 16:47:45,28.76,73.15,0.02,0.018,1
2026-04-26 16:47:50,28.62,72.78,-0.028,-0.074,0
2026-04-26 16:47:55,28.81,72.99,0.038,0.042,0
2026-04-26 16:48:00,28.67,73.41,-0.028,0.084,0
2026-04-26 16:48:05,28.84,72.53,0.034,-0.176,0
2026-04-26 16:48:10,28.8,73.25,-0.008,0.144,0
2026-04-26 16:48:15,28.81,73.05,0.002,-0.04,0
2026-04-26 16:48:20,28.86,73.3,0.01,0.05,0
2026-04-26 16:48:25,28.81,73.25,-0.01,-0.01,0
2026-04-26 16:48:30,28.83,73.2,0.004,-0.01,0
2026-04-26 16:48:35,28.91,73.1,0.016,-0.02,0
2026-04-26 16:48:40,28.55,71.92,-0.072,-0.236,0
2026-04-26 16:48:45,28.69,71.97,0.028,0.01,0
2026-04-26 16:48:50,28.52,72.05,-0.034,0.016,0
2026-04-26 16:48:55,28.55,71.96,0.006,-0.018,0
2026-04-26 16:49:00,28.76,72.29,0.042,0.066,0
2026-04-26 16:49:05,28.6,72.17,-0.032,-0.024,0
2026-04-26 16:49:10,28.58,72.04,-0.004,-0.026,0
2026-04-26 16:49:15,28.6,72.08,0.004,0.008,0
2026-04-26 16:49:20,28.73,72.32,0.026,0.048,0
2026-04-26 16:49:25,28.63,71.81,-0.02,-0.102,0
2026-04-26 16:49:30,28.65,72.17,0.004,0.072,0
2026-04-26 16:49:35,28.63,72.13,-0.004,-0.008,0
2026-04-26 16:49:40,28.69,71.96,0.012,-0.034,0
2026-04-26 16:49:45,28.72,72.51,0.006,0.11,0
2026-04-26 16:49:50,28.71,72.39,-0.002,-0.024,0
2026-04-26 16:49:55,28.76,72.14,0.01,-0.05,0
2026-04-26 16:50:00,28.62,72.25,-0.028,0.022,0
2026-04-26 16:50:05,28.69,72.29,0.014,0.008,0
2026-04-26 16:50:10,28.64,72.17,-0.01,-0.024,0
2026-04-26 16:50:15,28.72,71.99,0.016,-0.036,0
2026-04-26 16:50:20,28.71,72.09,-0.002,0.02,0
2026-04-26 16:50:25,28.75,71.83,0.008,-0.052,0
2026-04-26 16:50:30,28.69,71.94,-0.012,0.022,0
2026-04-26 16:50:35,28.75,71.69,0.012,-0.05,0
2026-04-26 16:50:40,28.56,72.45,-0.038,0.152,0
2026-04-26 16:50:45,28.77,72.15,0.042,-0.06,0
2026-04-26 16:50:50,28.62,71.86,-0.03,-0.058,0
2026-04-26 16:50:55,28.83,72.67,0.042,0.162,0
2026-04-26 16:51:00,28.64,72.2,-0.038,-0.094,0
2026-04-26 16:51:05,28.87,72.8,0.046,0.12,1
2026-04-26 16:51:10,28.78,73.11,-0.018,0.062,1
2026-04-26 16:51:15,28.94,73.64,0.032,0.106,1
2026-04-26 16:51:20,28.79,74.65,-0.03,0.202,1
2026-04-26 16:51:25,28.93,74.27,0.028,-0.076,1
2026-04-26 16:51:30,28.79,74.91,-0.028,0.128,1
2026-04-26 16:51:35,29.1,75.08,0.062,0.034,1
2026-04-26 16:51:40,28.91,74.86,-0.038,-0.044,1
2026-04-26 16:51:45,28.84,75.33,-0.014,0.094,1
2026-04-26 16:51:50,28.85,75.66,0.002,0.066,1
2026-04-26 16:51:55,29.04,75.67,0.038,0.002,1
2026-04-26 16:52:00,28.93,75.98,-0.022,0.062,1
2026-04-26 16:52:05,28.96,75.59,0.006,-0.078,1
2026-04-26 16:52:10,29.11,75.93,0.03,0.068,1
2026-04-26 16:52:15,29.03,75.91,-0.016,-0.004,1
2026-04-26 16:52:20,29.12,76.14,0.018,0.046,1
2026-04-26 16:52:25,29.12,76.12,0.0,-0.004,1
2026-04-26 16:52:30,29.15,75.93,0.006,-0.038,1
2026-04-26 16:52:35,29.13,75.83,-0.004,-0.02,1
2026-04-26 16:52:40,29.03,75.68,-0.02,-0.03,1
2026-04-26 16:52:45,28.96,76.67,-0.014,0.198,1
2026-04-26 16:52:50,28.5,72.02,-0.092,-0.93,0
2026-04-26 16:52:55,28.59,72.53,0.018,0.102,0
2026-04-26 16:53:00,28.52,72.35,-0.014,-0.036,0
2026-04-26 16:53:05,28.59,72.3,0.014,-0.01,0
2026-04-26 16:53:10,28.53,71.91,-0.012,-0.078,0
2026-04-26 16:53:15,28.61,72.41,0.016,0.1,0
2026-04-26 16:53:20,28.38,72.17,-0.046,-0.048,0
2026-04-26 16:53:25,28.53,72.27,0.03,0.02,0
2026-04-26 16:53:30,28.46,72.14,-0.014,-0.026,0
2026-04-26 16:53:35,28.6,72.4,0.028,0.052,0
2026-04-26 16:53:40,28.45,72.54,-0.03,0.028,0
2026-04-26 16:53:45,28.45,72.12,0.0,-0.084,0
2026-04-26 16:53:50,28.51,72.22,0.012,0.02,0
2026-04-26 16:53:55,28.51,72.02,0.0,-0.04,0
2026-04-26 16:54:00,28.62,72.24,0.022,0.044,0
2026-04-26 16:54:05,28.58,72.38,-0.008,0.028,0
2026-04-26 16:54:10,28.54,72.5,-0.008,0.024,0
2026-04-26 16:54:15,28.46,72.53,-0.016,0.006,0
2026-04-26 16:54:20,28.62,72.4,0.032,-0.026,0
2026-04-26 16:54:25,28.45,72.53,-0.034,0.026,0
2026-04-26 16:54:30,28.55,72.57,0.02,0.008,0
2026-04-26 16:54:35,28.45,72.45,-0.02,-0.024,0
2026-04-26 16:54:40,28.47,72.71,0.004,0.052,0
2026-04-26 16:54:45,28.64,72.71,0.034,0.0,0
2026-04-26 16:54:50,28.53,72.31,-0.022,-0.08,0
2026-04-26 16:54:55,28.55,72.31,0.004,0.0,0
2026-04-26 16:55:00,28.54,72.1,-0.002,-0.042,0
2026-04-26 16:55:05,28.65,72.57,0.022,0.094,0
2026-04-26 16:55:10,28.58,72.2,-0.014,-0.074,0
2026-04-26 16:55:15,28.53,72.18,-0.01,-0.004,0
2026-04-26 16:55:20,28.49,72.93,-0.008,0.15,0
2026-04-26 16:55:25,28.56,72.77,0.014,-0.032,0
2026-04-26 16:55:30,28.56,72.44,0.0,-0.066,0
2026-04-26 16:55:35,28.51,72.14,-0.01,-0.06,0
2026-04-26 16:55:40,28.51,72.65,0.0,0.102,0
2026-04-26 16:55:45,28.61,72.62,0.02,-0.006,0
2026-04-26 16:55:50,28.48,72.26,-0.026,-0.072,0
2026-04-26 16:55:55,28.61,72.28,0.026,0.004,0
2026-04-26 16:56:00,28.6,72.22,-0.002,-0.012,0
2026-04-26 16:56:05,28.51,72.69,-0.018,0.094,0
2026-04-26 16:56:10,28.43,72.23,-0.016,-0.092,0
2026-04-26 16:56:15,28.54,72.39,0.022,0.032,0
2026-04-26 16:56:20,28.53,72.29,-0.002,-0.02,0
2026-04-26 16:56:25,28.7,72.32,0.034,0.006,0
2026-04-26 16:56:30,28.58,72.3,-0.024,-0.004,1
2026-04-26 16:56:35,28.42,72.59,-0.032,0.058,1
2026-04-26 16:56:40,28.5,73.06,0.016,0.094,1
2026-04-26 16:56:45,28.64,72.02,0.028,-0.208,1
2026-04-26 16:56:50,28.7,72.71,0.012,0.138,1
2026-04-26 16:56:55,28.62,72.4,-0.016,-0.062,1
2026-04-26 16:57:00,28.62,72.41,0.0,0.002,1
2026-04-26 16:57:05,28.54,72.34,-0.016,-0.014,1
2026-04-26 16:57:10,28.67,72.73,0.026,0.078,1
2026-04-26 16:57:15,28.66,73.01,-0.002,0.056,1
2026-04-26 16:57:20,28.58,71.76,-0.016,-0.25,0
2026-04-26 16:57:25,28.59,72.47,0.002,0.142,0
2026-04-26 16:57:30,28.75,72.63,0.032,0.032,0
2026-04-26 16:57:35,28.6,72.58,-0.03,-0.01,0
2026-04-26 16:57:40,28.76,72.61,0.032,0.006,0
2026-04-26 16:57:45,28.69,72.53,-0.014,-0.016,0
2026-04-26 16:57:50,28.69,72.61,0.0,0.016,0
2026-04-26 16:57:55,28.7,72.86,0.002,0.05,0
2026-04-26 16:58:00,28.77,72.42,0.014,-0.088,0
2026-04-26 16:58:05,28.67,72.8,-0.02,0.076,0
2026-04-26 16:58:10,28.72,72.69,0.01,-0.022,0
2026-04-26 16:58:15,29.33,72.57,0.122,-0.024,0
2026-04-26 16:58:20,29.35,73.08,0.004,0.102,0
2026-04-26 16:58:25,29.55,72.47,0.04,-0.122,0
2026-04-26 16:58:30,29.45,72.68,-0.02,0.042,0
2026-04-26 16:58:35,29.5,72.62,0.01,-0.012,0
2026-04-26 16:58:40,29.58,72.64,0.016,0.004,0
2026-04-26 16:58:45,29.4,73.03,-0.036,0.078,0
2026-04-26 16:58:50,29.44,72.87,0.008,-0.032,0
2026-04-26 16:58:55,29.53,72.9,0.018,0.006,0
2026-04-26 16:59:00,29.53,72.69,0.0,-0.042,0
2026-04-26 16:59:05,29.57,73.0,0.008,0.062,0
2026-04-26 16:59:10,29.41,73.32,-0.032,0.064,0
2026-04-26 16:59:15,29.55,73.0,0.028,-0.064,0
2026-04-26 16:59:20,29.45,73.04,-0.02,0.008,0
2026-04-26 16:59:25,29.54,72.82,0.018,-0.044,0
2026-04-26 16:59:30,29.43,72.51,-0.022,-0.062,0
2026-04-26 16:59:35,29.43,73.14,0.0,0.126,0
2026-04-26 16:59:40,29.64,72.32,0.042,-0.164,0
2026-04-26 16:59:45,29.6,72.58,-0.008,0.052,0
2026-04-26 16:59:50,29.45,73.03,-0.03,0.09,0
2026-04-26 16:59:55,29.54,72.91,0.018,-0.024,0
2026-04-26 17:00:00,29.53,73.24,-0.002,0.066,0
2026-04-26 17:00:05,29.45,73.09,-0.016,-0.03,0
2026-04-26 17:00:10,29.68,72.75,0.046,-0.068,0
2026-04-26 17:00:15,29.59,73.09,-0.018,0.068,0
2026-04-26 17:00:20,29.3,72.63,-0.058,-0.092,0
2026-04-26 17:00:25,29.64,72.99,0.068,0.072,0
2026-04-26 17:00:30,29.34,72.53,-0.06,-0.092,0
2026-04-26 17:00:35,29.6,72.83,0.052,0.06,0
2026-04-26 17:00:40,29.57,73.42,-0.006,0.118,0
2026-04-26 17:00:45,29.55,73.33,-0.004,-0.018,0
2026-04-26 17:00:50,29.58,72.7,0.006,-0.126,0
2026-04-26 17:00:55,29.54,72.88,-0.008,0.036,0
2026-04-26 17:01:00,33.94,70.58,0.88,-0.46,2
2026-04-26 17:01:05,37.26,68.18,0.664,-0.48,2
2026-04-26 17:01:10,39.32,67.35,0.412,-0.166,2
2026-04-26 17:01:15,40.63,66.3,0.262,-0.21,2
2026-04-26 17:01:20,41.41,65.43,0.156,-0.174,2
2026-04-26 17:01:25,41.88,64.66,0.094,-0.154,2
2026-04-26 17:01:30,42.05,64.89,0.034,0.046,2
2026-04-26 17:01:35,42.07,64.5,0.004,-0.078,2
2026-04-26 17:01:40,42.17,63.87,0.02,-0.126,1
2026-04-26 17:01:45,42.35,63.88,0.036,0.002,1
2026-04-26 17:01:50,42.61,63.51,0.052,-0.074,1
2026-04-26 17:01:55,42.65,63.28,0.008,-0.046,1
2026-04-26 17:02:00,42.57,62.79,-0.016,-0.098,1
2026-04-26 17:02:05,42.64,63.04,0.014,0.05,1
2026-04-26 17:02:10,42.73,63.06,0.018,0.004,1
2026-04-26 17:02:15,42.75,62.62,0.004,-0.088,1
2026-04-26 17:02:20,42.84,62.78,0.018,0.032,1
2026-04-26 17:02:25,42.69,62.22,-0.03,-0.112,1
2026-04-26 17:02:30,42.66,62.25,-0.006,0.006,1
2026-04-26 17:02:35,42.74,62.35,0.016,0.02,1
2026-04-26 17:02:40,42.75,62.38,0.002,0.006,1
2026-04-26 17:02:45,42.76,62.54,0.002,0.032,1
2026-04-26 17:02:50,42.67,62.95,-0.018,0.082,1
2026-04-26 17:02:55,29.18,69.94,-2.698,1.398,0
2026-04-26 17:03:00,29.15,70.75,-0.006,0.162,0
2026-04-26 17:03:05,29.17,70.24,0.004,-0.102,0
2026-04-26 17:03:10,29.16,70.61,-0.002,0.074,0
2026-04-26 17:03:15,29.21,70.48,0.01,-0.026,0
2026-04-26 17:03:20,29.29,70.29,0.016,-0.038,0
2026-04-26 17:03:25,29.22,70.18,-0.014,-0.022,0
2026-04-26 17:03:30,29.43,70.18,0.042,0.0,0
2026-04-26 17:03:35,29.2,70.16,-0.046,-0.004,0
2026-04-26 17:03:40,29.21,70.18,0.002,0.004,0
2026-04-26 17:03:45,29.12,70.37,-0.018,0.038,0
2026-04-26 17:03:50,29.32,70.2,0.04,-0.034,0
2026-04-26 17:03:55,29.06,70.36,-0.052,0.032,0
2026-04-26 17:04:00,29.17,70.04,0.022,-0.064,0
2026-04-26 17:04:05,29.43,70.5,0.052,0.092,0
2026-04-26 17:04:10,29.32,70.5,-0.022,0.0,0
2026-04-26 17:04:15,29.3,69.9,-0.004,-0.12,0
2026-04-26 17:04:20,29.21,70.45,-0.018,0.11,0
2026-04-26 17:04:25,29.12,70.25,-0.018,-0.04,0
2026-04-26 17:04:30,29.25,70.18,0.026,-0.014,0
2026-04-26 17:04:35,29.35,70.65,0.02,0.094,0
2026-04-26 17:04:40,29.24,69.94,-0.022,-0.142,0
2026-04-26 17:04:45,29.22,70.02,-0.004,0.016,0
2026-04-26 17:04:50,29.66,69.95,0.088,-0.014,1
2026-04-26 17:04:55,29.58,69.14,-0.016,-0.162,1
2026-04-26 17:05:00,30.07,69.73,0.098,0.118,1
2026-04-26 17:05:05,30.18,69.57,0.022,-0.032,1
2026-04-26 17:05:10,30.55,69.5,0.074,-0.014,1
2026-04-26 17:05:15,30.47,69.44,-0.016,-0.012,1
2026-04-26 17:05:20,30.81,69.29,0.068,-0.03,1
2026-04-26 17:05:25,30.87,68.98,0.012,-0.062,1
2026-04-26 17:05:30,30.92,68.85,0.01,-0.026,1
2026-04-26 17:05:35,30.85,69.24,-0.014,0.078,1
2026-04-26 17:05:40,30.88,69.12,0.006,-0.024,1
2026-04-26 17:05:45,31.0,68.95,0.024,-0.034,1
2026-04-26 17:05:50,30.97,68.73,-0.006,-0.044,1
2026-04-26 17:05:55,30.94,68.98,-0.006,0.05,1
2026-04-26 17:06:00,30.98,69.32,0.008,0.068,1
2026-04-26 17:06:05,31.15,69.03,0.034,-0.058,1
2026-04-26 17:06:10,31.11,69.58,-0.008,0.11,1
2026-04-26 17:06:15,31.08,69.05,-0.006,-0.106,1
2026-04-26 17:06:20,31.11,69.43,0.006,0.076,1
2026-04-26 17:06:25,31.0,68.71,-0.022,-0.144,1
2026-04-26 17:06:30,31.21,69.32,0.042,0.122,1
2026-04-26 17:06:35,31.19,68.84,-0.004,-0.096,1
2026-04-26 17:06:40,31.06,69.16,-0.026,0.064,1
2026-04-26 17:06:45,31.13,68.94,0.014,-0.044,1
2026-04-26 17:06:50,30.99,69.36,-0.028,0.084,1
2026-04-26 17:06:55,31.1,68.87,0.022,-0.098,1
2026-04-26 17:07:00,31.14,69.43,0.008,0.112,1
2026-04-26 17:07:05,29.23,72.68,-0.382,0.65,0
2026-04-26 17:07:10,29.1,72.96,-0.026,0.056,0
2026-04-26 17:07:15,29.17,72.8,0.014,-0.032,0
2026-04-26 17:07:20,29.23,72.65,0.012,-0.03,0
2026-04-26 17:07:25,29.13,72.52,-0.02,-0.026,0
2026-04-26 17:07:30,29.33,72.1,0.04,-0.084,0
2026-04-26 17:07:35,29.33,72.8,0.0,0.14,0
2026-04-26 17:07:40,29.17,72.94,-0.032,0.028,0
2026-04-26 17:07:45,29.19,72.64,0.004,-0.06,0
2026-04-26 17:07:50,29.21,73.05,0.004,0.082,0
2026-04-26 17:07:55,29.2,72.6,-0.002,-0.09,0
2026-04-26 17:08:00,29.25,72.5,0.01,-0.02,0
2026-04-26 17:08:05,29.22,72.73,-0.006,0.046,0
2026-04-26 17:08:10,29.2,72.91,-0.004,0.036,0
2026-04-26 17:08:15,29.31,72.62,0.022,-0.058,0
2026-04-26 17:08:20,29.24,72.49,-0.014,-0.026,0
2026-04-26 17:08:25,29.33,72.59,0.018,0.02,0
2026-04-26 17:08:30,29.2,72.63,-0.026,0.008,0
2026-04-26 17:08:35,29.25,72.74,0.01,0.022,0
2026-04-26 17:08:40,29.25,72.61,0.0,-0.026,0
2026-04-26 17:08:45,29.11,72.64,-0.028,0.006,0
2026-04-26 17:08:50,29.35,72.35,0.048,-0.058,0
2026-04-26 17:08:55,29.31,72.36,-0.008,0.002,0
2026-04-26 17:09:00,29.29,72.44,-0.004,0.016,0
2026-04-26 17:09:05,29.13,72.82,-0.032,0.076,0
2026-04-26 17:09:10,29.19,72.37,0.012,-0.09,0
2026-04-26 17:09:15,29.37,72.8,0.036,0.086,0
2026-04-26 17:09:20,29.02,72.57,-0.07,-0.046,0
2026-04-26 17:09:25,29.32,72.57,0.06,0.0,0
2026-04-26 17:09:30,29.31,72.58,-0.002,0.002,0
2026-04-26 17:09:35,29.24,72.61,-0.014,0.006,0
2026-04-26 17:09:40,29.29,72.65,0.01,0.008,0
2026-04-26 17:09:45,29.11,72.43,-0.036,-0.044,0
2026-04-26 17:09:50,29.22,72.14,0.022,-0.058,0
2026-04-26 17:09:55,30.64,70.56,0.284,-0.316,2
2026-04-26 17:10:00,31.69,69.27,0.21,-0.258,2
2026-04-26 17:10:05,32.61,67.87,0.184,-0.28,2
2026-04-26 17:10:10,33.28,67.09,0.134,-0.156,2
2026-04-26 17:10:15,33.78,66.43,0.1,-0.132,2
2026-04-26 17:10:20,34.07,65.69,0.058,-0.148,2
2026-04-26 17:10:25,34.18,65.58,0.022,-0.022,2
2026-04-26 17:10:30,34.16,64.65,-0.004,-0.186,2
2026-04-26 17:10:35,34.18,64.49,0.004,-0.032,2
2026-04-26 17:10:40,34.12,64.32,-0.012,-0.034,2
2026-04-26 17:10:45,34.28,64.48,0.032,0.032,2
2026-04-26 17:10:50,34.28,64.26,0.0,-0.044,2
2026-04-26 17:10:55,34.28,63.79,0.0,-0.094,2
2026-04-26 17:11:00,34.16,64.04,-0.024,0.05,2
2026-04-26 17:11:05,34.19,63.58,0.006,-0.092,1
2026-04-26 17:11:10,34.53,63.66,0.068,0.016,1
2026-04-26 17:11:15,34.62,63.57,0.018,-0.018,1
2026-04-26 17:11:20,34.75,63.4,0.026,-0.034,1
2026-04-26 17:11:25,34.95,62.54,0.04,-0.172,1
2026-04-26 17:11:30,34.95,63.19,0.0,0.13,1
2026-04-26 17:11:35,35.0,62.8,0.01,-0.078,1
2026-04-26 17:11:40,35.12,62.39,0.024,-0.082,1
2026-04-26 17:11:45,35.12,62.63,0.0,0.048,1
2026-04-26 17:11:50,35.08,62.73,-0.008,0.02,1
2026-04-26 17:11:55,35.15,62.74,0.014,0.002,1
2026-04-26 17:12:00,35.03,62.06,-0.024,-0.136,1
2026-04-26 17:12:05,35.14,62.55,0.022,0.098,1
2026-04-26 17:12:10,34.97,62.7,-0.034,0.03,1
2026-04-26 17:12:15,28.7,73.1,-1.254,2.08,0
2026-04-26 17:12:20,28.7,72.62,0.0,-0.096,0
2026-04-26 17:12:25,28.66,72.79,-0.008,0.034,0
2026-04-26 17:12:30,28.76,73.06,0.02,0.054,0
2026-04-26 17:12:35,28.72,72.86,-0.008,-0.04,0
2026-04-26 17:12:40,28.78,72.55,0.012,-0.062,0
2026-04-26 17:12:45,28.72,72.76,-0.012,0.042,0
2026-04-26 17:12:50,28.88,72.81,0.032,0.01,0
2026-04-26 17:12:55,28.6,72.53,-0.056,-0.056,0
2026-04-26 17:13:00,28.76,72.61,0.032,0.016,0
2026-04-26 17:13:05,28.79,72.77,0.006,0.032,0
2026-04-26 17:13:10,28.73,72.76,-0.012,-0.002,0
2026-04-26 17:13:15,28.71,72.88,-0.004,0.024,0
2026-04-26 17:13:20,28.75,72.87,0.008,-0.002,0
2026-04-26 17:13:25,28.65,73.53,-0.02,0.132,0
2026-04-26 17:13:30,28.66,72.8,0.002,-0.146,0
2026-04-26 17:13:35,28.77,72.61,0.022,-0.038,0
2026-04-26 17:13:40,28.75,72.67,-0.004,0.012,0
2026-04-26 17:13:45,28.57,72.52,-0.036,-0.03,0
2026-04-26 17:13:50,28.77,73.18,0.04,0.132,0
2026-04-26 17:13:55,28.73,73.08,-0.008,-0.02,0
2026-04-26 17:14:00,28.66,72.86,-0.014,-0.044,0
2026-04-26 17:14:05,28.53,72.41,-0.026,-0.09,0
2026-04-26 17:14:10,28.73,72.57,0.04,0.032,0
2026-04-26 17:14:15,28.81,73.03,0.016,0.092,0
2026-04-26 17:14:20,28.64,73.06,-0.034,0.006,0
2026-04-26 17:14:25,28.75,72.54,0.022,-0.104,0
2026-04-26 17:14:30,28.68,73.16,-0.014,0.124,0
2026-04-26 17:14:35,28.59,73.01,-0.018,-0.03,0
2026-04-26 17:14:40,28.72,72.75,0.026,-0.052,0
2026-04-26 17:14:45,28.79,72.89,0.014,0.028,0
2026-04-26 17:14:50,28.82,72.46,0.006,-0.086,0
2026-04-26 17:14:55,28.75,73.04,-0.014,0.116,0
2026-04-26 17:15:00,28.82,72.75,0.014,-0.058,0
2026-04-26 17:15:05,28.79,72.68,-0.006,-0.014,0
2026-04-26 17:15:10,28.74,72.55,-0.01,-0.026,0
2026-04-26 17:15:15,28.8,73.09,0.012,0.108,0
2026-04-26 17:15:20,28.82,73.18,0.004,0.018,0
2026-04-26 17:15:25,28.8,72.89,-0.004,-0.058,0
2026-04-26 17:15:30,28.8,72.87,0.0,-0.004,0
2026-04-26 17:15:35,28.87,72.72,0.014,-0.03,0
2026-04-26 17:15:40,28.67,72.91,-0.04,0.038,0
2026-04-26 17:15:45,28.6,72.73,-0.014,-0.036,0
2026-04-26 17:15:50,28.74,73.02,0.028,0.058,0
2026-04-26 17:15:55,28.65,73.35,-0.018,0.066,0
2026-04-26 17:16:00,28.78,73.39,0.026,0.008,0
2026-04-26 17:16:05,28.74,72.96,-0.008,-0.086,0
2026-04-26 17:16:10,28.82,72.91,0.016,-0.01,0
2026-04-26 17:16:15,28.76,73.17,-0.012,0.052,0
2026-04-26 17:16:20,28.7,73.35,-0.012,0.036,0
2026-04-26 17:16:25,30.79,71.6,0.418,-0.35,2
2026-04-26 17:16:30,32.79,70.59,0.4,-0.202,2
2026-04-26 17:16:35,34.47,69.83,0.336,-0.152,2
2026-04-26 17:16:40,35.34,69.34,0.174,-0.098,2
2026-04-26 17:16:45,36.29,68.83,0.19,-0.102,2
2026-04-26 17:16:50,36.64,68.27,0.07,-0.112,2
2026-04-26 17:16:55,36.79,68.53,0.03,0.052,1
2026-04-26 17:17:00,37.15,67.74,0.072,-0.158,1
2026-04-26 17:17:05,37.31,67.5,0.032,-0.048,1
2026-04-26 17:17:10,37.56,67.15,0.05,-0.07,1
2026-04-26 17:17:15,37.67,66.75,0.022,-0.08,1
2026-04-26 17:17:20,38.02,66.88,0.07,0.026,1
2026-04-26 17:17:25,37.98,66.34,-0.008,-0.108,1
2026-04-26 17:17:30,38.01,66.71,0.006,0.074,1
2026-04-26 17:17:35,38.03,66.65,0.004,-0.012,1
2026-04-26 17:17:40,38.08,66.25,0.01,-0.08,1
2026-04-26 17:17:45,38.17,66.27,0.018,0.004,1
2026-04-26 17:17:50,38.12,66.0,-0.01,-0.054,1
2026-04-26 17:17:55,38.04,66.16,-0.016,0.032,1
2026-04-26 17:18:00,28.95,73.16,-1.818,1.4,0
2026-04-26 17:18:05,28.99,72.96,0.008,-0.04,0
2026-04-26 17:18:10,29.0,72.89,0.002,-0.014,0
2026-04-26 17:18:15,29.14,73.22,0.028,0.066,0
2026-04-26 17:18:20,29.04,73.02,-0.02,-0.04,0
2026-04-26 17:18:25,29.13,72.91,0.018,-0.022,0
2026-04-26 17:18:30,29.17,73.12,0.008,0.042,0
2026-04-26 17:18:35,29.07,73.04,-0.02,-0.016,0
2026-04-26 17:18:40,29.13,72.9,0.012,-0.028,0
2026-04-26 17:18:45,29.08,73.21,-0.01,0.062,0
2026-04-26 17:18:50,29.0,73.11,-0.016,-0.02,0
2026-04-26 17:18:55,29.17,72.83,0.034,-0.056,0
2026-04-26 17:19:00,29.01,73.06,-0.032,0.046,0
2026-04-26 17:19:05,29.02,73.7,0.002,0.128,0
2026-04-26 17:19:10,29.12,73.38,0.02,-0.064,0
2026-04-26 17:19:15,29.16,73.58,0.008,0.04,0
2026-04-26 17:19:20,29.12,73.05,-0.008,-0.106,0
2026-04-26 17:19:25,29.14,72.98,0.004,-0.014,0
2026-04-26 17:19:30,29.07,73.18,-0.014,0.04,0
2026-04-26 17:19:35,29.11,73.06,0.008,-0.024,0
2026-04-26 17:19:40,29.06,73.57,-0.01,0.102,0
2026-04-26 17:19:45,29.06,72.92,0.0,-0.13,0
2026-04-26 17:19:50,29.18,73.28,0.024,0.072,0
2026-04-26 17:19:55,29.29,73.04,0.022,-0.048,0
2026-04-26 17:20:00,29.14,73.48,-0.03,0.088,0
2026-04-26 17:20:05,29.18,73.04,0.008,-0.088,0
2026-04-26 17:20:10,29.2,73.15,0.004,0.022,0
2026-04-26 17:20:15,29.2,73.37,0.0,0.044,0
2026-04-26 17:20:20,29.18,73.01,-0.004,-0.072,0
2026-04-26 17:20:25,29.04,73.01,-0.028,0.0,0
2026-04-26 17:20:30,29.3,73.66,0.052,0.13,0
2026-04-26 17:20:35,29.25,73.32,-0.01,-0.068,0
2026-04-26 17:20:40,29.17,73.21,-0.016,-0.022,0
2026-04-26 17:20:45,29.17,73.6,0.0,0.078,0
2026-04-26 17:20:50,29.27,73.61,0.02,0.002,0
2026-04-26 17:20:55,29.16,73.34,-0.022,-0.054,0
2026-04-26 17:21:00,29.16,73.34,0.0,0.0,0
2026-04-26 17:21:05,29.26,73.22,0.02,-0.024,0
2026-04-26 17:21:10,29.25,72.81,-0.002,-0.082,0
2026-04-26 17:21:15,29.25,73.27,0.0,0.092,0
2026-04-26 17:21:20,29.17,73.19,-0.016,-0.016,0
2026-04-26 17:21:25,31.25,71.62,0.416,-0.314,2
2026-04-26 17:21:30,33.33,70.42,0.416,-0.24,2
2026-04-26 17:21:35,34.88,69.78,0.31,-0.128,2
2026-04-26 17:21:40,36.26,69.0,0.276,-0.156,2
2026-04-26 17:21:45,36.81,68.43,0.11,-0.114,2
2026-04-26 17:21:50,37.5,67.79,0.138,-0.128,2
2026-04-26 17:21:55,37.62,67.31,0.024,-0.096,2
2026-04-26 17:22:00,37.91,66.83,0.058,-0.096,2
2026-04-26 17:22:05,38.02,66.94,0.022,0.022,2
2026-04-26 17:22:10,38.01,66.66,-0.002,-0.056,2
2026-04-26 17:22:15,37.93,66.7,-0.016,0.008,2
2026-04-26 17:22:20,37.89,66.13,-0.008,-0.114,2
2026-04-26 17:22:25,37.96,65.75,0.014,-0.076,2
2026-04-26 17:22:30,37.99,65.82,0.006,0.014,2
2026-04-26 17:22:35,38.17,65.96,0.036,0.028,1
2026-04-26 17:22:40,38.27,65.66,0.02,-0.06,1
2026-04-26 17:22:45,38.25,65.21,-0.004,-0.09,1
2026-04-26 17:22:50,38.57,64.71,0.064,-0.1,1
2026-04-26 17:22:55,38.66,64.53,0.018,-0.036,1
2026-04-26 17:23:00,38.71,64.49,0.01,-0.008,1
2026-04-26 17:23:05,38.74,64.97,0.006,0.096,1
2026-04-26 17:23:10,38.65,64.3,-0.018,-0.134,1
2026-04-26 17:23:15,38.85,64.07,0.04,-0.046,1
2026-04-26 17:23:20,38.65,64.24,-0.04,0.034,1
2026-04-26 17:23:25,38.84,64.57,0.038,0.066,1
2026-04-26 17:23:30,38.88,64.16,0.008,-0.082,1
2026-04-26 17:23:35,38.85,64.31,-0.006,0.03,1
2026-04-26 17:23:40,38.72,63.93,-0.026,-0.076,1
2026-04-26 17:23:45,38.81,64.0,0.018,0.014,1
2026-04-26 17:23:50,38.84,63.66,0.006,-0.068,1
2026-04-26 17:23:55,38.83,64.19,-0.002,0.106,1
2026-04-26 17:24:00,28.52,72.12,-2.062,1.586,0
2026-04-26 17:24:05,28.47,71.96,-0.01,-0.032,0
2026-04-26 17:24:10,28.53,71.78,0.012,-0.036,0
2026-04-26 17:24:15,28.62,71.54,0.018,-0.048,0
2026-04-26 17:24:20,28.6,71.3,-0.004,-0.048,0
2026-04-26 17:24:25,28.51,72.11,-0.018,0.162,0
2026-04-26 17:24:30,28.5,72.05,-0.002,-0.012,0
2026-04-26 17:24:35,28.48,71.7,-0.004,-0.07,0
2026-04-26 17:24:40,28.54,72.05,0.012,0.07,0
2026-04-26 17:24:45,28.64,71.53,0.02,-0.104,0
2026-04-26 17:24:50,28.49,71.86,-0.03,0.066,0
2026-04-26 17:24:55,28.57,72.22,0.016,0.072,0
2026-04-26 17:25:00,28.54,71.72,-0.006,-0.1,0
2026-04-26 17:25:05,28.61,71.36,0.014,-0.072,0
2026-04-26 17:25:10,28.66,71.74,0.01,0.076,0
2026-04-26 17:25:15,28.54,71.9,-0.024,0.032,0
2026-04-26 17:25:20,28.55,71.7,0.002,-0.04,0
2026-04-26 17:25:25,28.57,71.71,0.004,0.002,0
2026-04-26 17:25:30,28.76,72.22,0.038,0.102,0
2026-04-26 17:25:35,28.6,72.23,-0.032,0.002,0
2026-04-26 17:25:40,28.61,71.88,0.002,-0.07,0
2026-04-26 17:25:45,28.72,71.73,0.022,-0.03,0
2026-04-26 17:25:50,28.61,71.86,-0.022,0.026,0
2026-04-26 17:25:55,28.72,71.82,0.022,-0.008,0
2026-04-26 17:26:00,28.59,72.38,-0.026,0.112,0
2026-04-26 17:26:05,28.63,72.08,0.008,-0.06,0
2026-04-26 17:26:10,28.63,71.28,0.0,-0.16,0
2026-04-26 17:26:15,28.48,71.38,-0.03,0.02,1
2026-04-26 17:26:20,28.63,72.14,0.03,0.152,1
2026-04-26 17:26:25,28.62,72.02,-0.002,-0.024,1
2026-04-26 17:26:30,28.58,71.92,-0.008,-0.02,1
2026-04-26 17:26:35,28.61,71.77,0.006,-0.03,1
2026-04-26 17:26:40,28.61,71.8,0.0,0.006,1
2026-04-26 17:26:45,28.6,71.83,-0.002,0.006,1
2026-04-26 17:26:50,28.58,71.6,-0.004,-0.046,1
2026-04-26 17:26:55,28.74,71.72,0.032,0.024,1
2026-04-26 17:27:00,28.59,72.09,-0.03,0.074,0
2026-04-26 17:27:05,28.62,72.18,0.006,0.018,0
2026-04-26 17:27:10,28.63,72.51,0.002,0.066,0
2026-04-26 17:27:15,28.81,71.99,0.036,-0.104,0
2026-04-26 17:27:20,28.7,72.15,-0.022,0.032,0
2026-04-26 17:27:25,28.7,72.66,0.0,0.102,0
2026-04-26 17:27:30,28.74,72.32,0.008,-0.068,0
2026-04-26 17:27:35,28.9,72.78,0.032,0.092,0
2026-04-26 17:27:40,28.76,72.47,-0.028,-0.062,0
2026-04-26 17:27:45,28.8,72.01,0.008,-0.092,0
2026-04-26 17:27:50,28.89,72.39,0.018,0.076,0
2026-04-26 17:27:55,28.83,72.22,-0.012,-0.034,0
2026-04-26 17:28:00,28.77,72.25,-0.012,0.006,0
2026-04-26 17:28:05,29.4,72.11,0.126,-0.028,0
2026-04-26 17:28:10,29.29,72.53,-0.022,0.084,0
2026-04-26 17:28:15,29.27,71.85,-0.004,-0.136,0
2026-04-26 17:28:20,29.21,72.11,-0.012,0.052,0
2026-04-26 17:28:25,29.24,71.78,0.006,-0.066,0
2026-04-26 17:28:30,29.19,71.84,-0.01,0.012,0
2026-04-26 17:28:35,29.23,72.18,0.008,0.068,0
2026-04-26 17:28:40,29.28,72.19,0.01,0.002,0
2026-04-26 17:28:45,29.3,72.01,0.004,-0.036,0
2026-04-26 17:28:50,29.22,71.97,-0.016,-0.008,0
2026-04-26 17:28:55,29.13,72.29,-0.018,0.064,0
2026-04-26 17:29:00,29.21,71.9,0.016,-0.078,0
2026-04-26 17:29:05,29.3,72.38,0.018,0.096,0
2026-04-26 17:29:10,29.14,71.72,-0.032,-0.132,0
2026-04-26 17:29:15,29.23,72.19,0.018,0.094,0
2026-04-26 17:29:20,29.34,72.68,0.022,0.098,0
2026-04-26 17:29:25,29.39,72.05,0.01,-0.126,0
2026-04-26 17:29:30,29.19,71.51,-0.04,-0.108,0
2026-04-26 17:29:35,29.15,72.45,-0.008,0.188,0
2026-04-26 17:29:40,29.39,72.12,0.048,-0.066,0
2026-04-26 17:29:45,29.3,72.43,-0.018,0.062,0
2026-04-26 17:29:50,29.19,72.25,-0.022,-0.036,0
2026-04-26 17:29:55,29.12,72.48,-0.014,0.046,0
2026-04-26 17:30:00,33.54,69.35,0.884,-0.626,2
2026-04-26 17:30:05,36.67,68.24,0.626,-0.222,2
2026-04-26 17:30:10,38.56,66.84,0.378,-0.28,2
2026-04-26 17:30:15,39.85,65.92,0.258,-0.184,2
2026-04-26 17:30:20,40.5,65.42,0.13,-0.1,2
2026-04-26 17:30:25,41.02,65.37,0.104,-0.01,2
2026-04-26 17:30:30,41.14,64.79,0.024,-0.116,2
2026-04-26 17:30:35,41.17,64.5,0.006,-0.058,2
2026-04-26 17:30:40,41.04,65.38,-0.026,0.176,2
2026-04-26 17:30:45,41.33,64.63,0.058,-0.15,1
2026-04-26 17:30:50,41.65,63.98,0.064,-0.13,1
2026-04-26 17:30:55,41.67,64.02,0.004,0.008,1
2026-04-26 17:31:00,41.78,64.16,0.022,0.028,1
2026-04-26 17:31:05,41.93,63.57,0.03,-0.118,1
2026-04-26 17:31:10,42.04,63.39,0.022,-0.036,1
2026-04-26 17:31:15,41.96,64.17,-0.016,0.156,1
2026-04-26 17:31:20,41.95,63.93,-0.002,-0.048,1
2026-04-26 17:31:25,42.05,63.15,0.02,-0.156,1
2026-04-26 17:31:30,42.04,63.93,-0.002,0.156,1
2026-04-26 17:31:35,42.07,63.41,0.006,-0.104,1
2026-04-26 17:31:40,41.93,63.06,-0.028,-0.07,1
2026-04-26 17:31:45,42.15,63.25,0.044,0.038,1
2026-04-26 17:31:50,42.04,63.49,-0.022,0.048,1
2026-04-26 17:31:55,41.95,63.53,-0.018,0.008,1
2026-04-26 17:32:00,41.95,62.98,0.0,-0.11,1
2026-04-26 17:32:05,42.2,63.4,0.05,0.084,1
2026-04-26 17:32:10,28.74,74.69,-2.692,2.258,0
2026-04-26 17:32:15,28.6,74.94,-0.028,0.05,0
2026-04-26 17:32:20,28.64,74.71,0.008,-0.046,0
2026-04-26 17:32:25,28.59,74.71,-0.01,0.0,0
2026-04-26 17:32:30,28.59,74.46,0.0,-0.05,0
2026-04-26 17:32:35,28.62,74.76,0.006,0.06,0
2026-04-26 17:32:40,28.61,75.01,-0.002,0.05,0
2026-04-26 17:32:45,28.45,74.83,-0.032,-0.036,0
2026-04-26 17:32:50,28.73,74.52,0.056,-0.062,0
2026-04-26 17:32:55,28.57,74.71,-0.032,0.038,0
2026-04-26 17:33:00,28.64,74.63,0.014,-0.016,0
2026-04-26 17:33:05,28.6,74.88,-0.008,0.05,0
2026-04-26 17:33:10,28.63,74.62,0.006,-0.052,0
2026-04-26 17:33:15,28.48,74.25,-0.03,-0.074,0
2026-04-26 17:33:20,28.75,74.73,0.054,0.096,0
2026-04-26 17:33:25,28.55,74.73,-0.04,0.0,0
2026-04-26 17:33:30,28.64,74.61,0.018,-0.024,0
2026-04-26 17:33:35,28.53,74.92,-0.022,0.062,0
2026-04-26 17:33:40,28.57,74.65,0.008,-0.054,0
2026-04-26 17:33:45,28.75,74.24,0.036,-0.082,0
2026-04-26 17:33:50,28.61,74.57,-0.028,0.066,0
2026-04-26 17:33:55,28.65,74.59,0.008,0.004,0
2026-04-26 17:34:00,28.52,74.9,-0.026,0.062,0
2026-04-26 17:34:05,28.75,74.38,0.046,-0.104,0
2026-04-26 17:34:10,28.57,74.74,-0.036,0.072,0
2026-04-26 17:34:15,28.72,74.86,0.03,0.024,0
2026-04-26 17:34:20,28.63,74.8,-0.018,-0.012,0
2026-04-26 17:34:25,28.58,74.46,-0.01,-0.068,0
2026-04-26 17:34:30,28.57,74.78,-0.002,0.064,0
2026-04-26 17:34:35,28.65,75.2,0.016,0.084,0
2026-04-26 17:34:40,28.68,74.78,0.006,-0.084,0
2026-04-26 17:34:45,28.65,74.66,-0.006,-0.024,0
2026-04-26 17:34:50,28.6,74.59,-0.01,-0.014,0
2026-04-26 17:34:55,28.52,74.63,-0.016,0.008,0
2026-04-26 17:35:00,28.72,74.96,0.04,0.066,0
2026-04-26 17:35:05,28.68,74.39,-0.008,-0.114,0
2026-04-26 17:35:10,28.55,74.89,-0.026,0.1,0
2026-04-26 17:35:15,28.62,75.25,0.014,0.072,0
2026-04-26 17:35:20,28.46,75.02,-0.032,-0.046,0
2026-04-26 17:35:25,31.52,71.6,0.612,-0.684,2
2026-04-26 17:35:30,33.55,69.92,0.406,-0.336,2
2026-04-26 17:35:35,35.23,68.41,0.336,-0.302,2
2026-04-26 17:35:40,36.05,67.24,0.164,-0.234,2
2026-04-26 17:35:45,36.4,66.35,0.07,-0.178,2
2026-04-26 17:35:50,36.6,66.0,0.04,-0.07,2
2026-04-26 17:35:55,36.66,65.48,0.012,-0.104,2
2026-04-26 17:36:00,36.98,65.59,0.064,0.022,1
2026-04-26 17:36:05,37.26,65.07,0.056,-0.104,1
2026-04-26 17:36:10,37.3,65.25,0.008,0.036,1
2026-04-26 17:36:15,37.45,64.83,0.03,-0.084,1
2026-04-26 17:36:20,37.55,65.01,0.02,0.036,1
2026-04-26 17:36:25,37.61,64.99,0.012,-0.004,1
2026-04-26 17:36:30,37.71,64.85,0.02,-0.028,1
2026-04-26 17:36:35,37.6,64.69,-0.022,-0.032,1
2026-04-26 17:36:40,37.71,64.24,0.022,-0.09,1
2026-04-26 17:36:45,37.78,64.68,0.014,0.088,1
2026-04-26 17:36:50,37.59,64.59,-0.038,-0.018,1
2026-04-26 17:36:55,37.7,64.48,0.022,-0.022,1
2026-04-26 17:37:00,37.79,64.43,0.018,-0.01,1
2026-04-26 17:37:05,37.7,64.47,-0.018,0.008,1
2026-04-26 17:37:10,37.62,64.24,-0.016,-0.046,1
2026-04-26 17:37:15,37.71,64.86,0.018,0.124,1
2026-04-26 17:37:20,37.58,64.04,-0.026,-0.164,1
2026-04-26 17:37:25,29.46,74.11,-1.624,2.014,0
2026-04-26 17:37:30,29.47,74.4,0.002,0.058,0
2026-04-26 17:37:35,29.43,74.43,-0.008,0.006,0
2026-04-26 17:37:40,29.35,74.52,-0.016,0.018,0
2026-04-26 17:37:45,29.46,74.0,0.022,-0.104,0
2026-04-26 17:37:50,29.47,74.11,0.002,0.022,0
2026-04-26 17:37:55,29.54,74.55,0.014,0.088,0
2026-04-26 17:38:00,29.65,74.04,0.022,-0.102,0
2026-04-26 17:38:05,29.36,74.11,-0.058,0.014,0
2026-04-26 17:38:10,29.46,74.51,0.02,0.08,0
2026-04-26 17:38:15,29.48,74.22,0.004,-0.058,0
2026-04-26 17:38:20,29.37,74.13,-0.022,-0.018,0
2026-04-26 17:38:25,29.49,74.03,0.024,-0.02,0
2026-04-26 17:38:30,29.55,73.99,0.012,-0.008,0
2026-04-26 17:38:35,29.44,74.35,-0.022,0.072,0
2026-04-26 17:38:40,29.35,74.11,-0.018,-0.048,0
2026-04-26 17:38:45,29.27,74.56,-0.016,0.09,0
2026-04-26 17:38:50,29.49,74.98,0.044,0.084,0
2026-04-26 17:38:55,29.58,74.37,0.018,-0.122,0
2026-04-26 17:39:00,29.59,73.69,0.002,-0.136,0
2026-04-26 17:39:05,29.45,74.15,-0.028,0.092,0
2026-04-26 17:39:10,29.58,74.28,0.026,0.026,0
2026-04-26 17:39:15,29.49,74.08,-0.018,-0.04,0
2026-04-26 17:39:20,29.5,74.8,0.002,0.144,0
2026-04-26 17:39:25,29.54,74.1,0.008,-0.14,0
2026-04-26 17:39:30,29.43,73.91,-0.022,-0.038,0
2026-04-26 17:39:35,29.45,74.84,0.004,0.186,0
2026-04-26 17:39:40,29.42,74.83,-0.006,-0.002,0
2026-04-26 17:39:45,29.39,74.66,-0.006,-0.034,0
2026-04-26 17:39:50,29.34,74.36,-0.01,-0.06,0
2026-04-26 17:39:55,29.39,74.36,0.01,0.0,0
2026-04-26 17:40:00,29.64,74.45,0.05,0.018,0
2026-04-26 17:40:05,29.55,74.4,-0.018,-0.01,0
2026-04-26 17:40:10,29.51,74.36,-0.008,-0.008,0
2026-04-26 17:40:15,29.56,74.49,0.01,0.026,0
2026-04-26 17:40:20,29.55,74.91,-0.002,0.084,0
2026-04-26 17:40:25,29.61,74.68,0.012,-0.046,0
2026-04-26 17:40:30,29.42,74.56,-0.038,-0.024,0
2026-04-26 17:40:35,29.56,74.45,0.028,-0.022,0
2026-04-26 17:40:40,29.62,74.46,0.012,0.002,0
2026-04-26 17:40:45,29.5,74.36,-0.024,-0.02,0
2026-04-26 17:40:50,29.44,74.69,-0.012,0.066,0
2026-04-26 17:40:55,29.55,74.21,0.022,-0.096,0
2026-04-26 17:41:00,29.52,74.24,-0.006,0.006,0
2026-04-26 17:41:05,30.76,72.93,0.248,-0.262,2
2026-04-26 17:41:10,32.07,71.56,0.262,-0.274,2
2026-04-26 17:41:15,33.03,70.06,0.192,-0.3,2
2026-04-26 17:41:20,33.85,69.5,0.164,-0.112,2
2026-04-26 17:41:25,34.11,68.66,0.052,-0.168,2
2026-04-26 17:41:30,34.51,68.43,0.08,-0.046,2
2026-04-26 17:41:35,34.52,67.58,0.002,-0.17,2
2026-04-26 17:41:40,34.7,67.26,0.036,-0.064,2
2026-04-26 17:41:45,34.69,67.0,-0.002,-0.052,2
2026-04-26 17:41:50,34.63,66.72,-0.012,-0.056,2
2026-04-26 17:41:55,34.59,66.46,-0.008,-0.052,2
2026-04-26 17:42:00,34.54,66.28,-0.01,-0.036,2
2026-04-26 17:42:05,34.5,66.29,-0.008,0.002,2
2026-04-26 17:42:10,34.67,65.57,0.034,-0.144,1
2026-04-26 17:42:15,35.04,65.13,0.074,-0.088,1
2026-04-26 17:42:20,35.06,65.17,0.004,0.008,1
2026-04-26 17:42:25,35.22,64.16,0.032,-0.202,1
2026-04-26 17:42:30,35.36,64.45,0.028,0.058,1
2026-04-26 17:42:35,35.58,64.12,0.044,-0.066,1
2026-04-26 17:42:40,35.59,63.53,0.002,-0.118,1
2026-04-26 17:42:45,35.69,63.47,0.02,-0.012,1
2026-04-26 17:42:50,35.68,63.42,-0.002,-0.01,1
2026-04-26 17:42:55,35.66,64.04,-0.004,0.124,1
2026-04-26 17:43:00,35.62,63.25,-0.008,-0.158,1
2026-04-26 17:43:05,35.65,63.37,0.006,0.024,1
2026-04-26 17:43:10,35.79,63.14,0.028,-0.046,1
2026-04-26 17:43:15,28.57,71.63,-1.444,1.698,0
2026-04-26 17:43:20,28.54,71.35,-0.006,-0.056,0
2026-04-26 17:43:25,28.51,71.54,-0.006,0.038,0
2026-04-26 17:43:30,28.55,71.34,0.008,-0.04,0
2026-04-26 17:43:35,28.55,71.46,0.0,0.024,0
2026-04-26 17:43:40,28.53,71.36,-0.004,-0.02,0
2026-04-26 17:43:45,28.61,71.73,0.016,0.074,0
2026-04-26 17:43:50,28.52,71.15,-0.018,-0.116,0
2026-04-26 17:43:55,28.56,71.66,0.008,0.102,0
2026-04-26 17:44:00,28.64,71.64,0.016,-0.004,0
2026-04-26 17:44:05,28.62,71.52,-0.004,-0.024,0
2026-04-26 17:44:10,28.63,71.79,0.002,0.054,0
2026-04-26 17:44:15,28.61,71.28,-0.004,-0.102,0
2026-04-26 17:44:20,28.7,71.31,0.018,0.006,0
2026-04-26 17:44:25,28.54,71.14,-0.032,-0.034,0
2026-04-26 17:44:30,28.67,71.63,0.026,0.098,0
2026-04-26 17:44:35,28.58,71.35,-0.018,-0.056,0
2026-04-26 17:44:40,28.66,71.21,0.016,-0.028,0
2026-04-26 17:44:45,28.58,71.2,-0.016,-0.002,0
2026-04-26 17:44:50,28.63,71.4,0.01,0.04,0
2026-04-26 17:44:55,28.67,71.84,0.008,0.088,0
2026-04-26 17:45:00,28.73,71.67,0.012,-0.034,0
2026-04-26 17:45:05,28.65,71.11,-0.016,-0.112,0
2026-04-26 17:45:10,28.7,71.57,0.01,0.092,0
2026-04-26 17:45:15,28.75,71.12,0.01,-0.09,0
2026-04-26 17:45:20,28.7,71.44,-0.01,0.064,0
2026-04-26 17:45:25,28.69,71.41,-0.002,-0.006,0
2026-04-26 17:45:30,28.64,71.68,-0.01,0.054,0
2026-04-26 17:45:35,28.6,71.72,-0.008,0.008,0
2026-04-26 17:45:40,28.71,71.4,0.022,-0.064,1
2026-04-26 17:45:45,28.68,71.06,-0.006,-0.068,1
2026-04-26 17:45:50,28.66,71.24,-0.004,0.036,1
2026-04-26 17:45:55,28.62,71.94,-0.008,0.14,1
2026-04-26 17:46:00,28.76,71.65,0.028,-0.058,1
2026-04-26 17:46:05,28.74,71.46,-0.004,-0.038,1
2026-04-26 17:46:10,28.6,71.72,-0.028,0.052,1
2026-04-26 17:46:15,28.6,71.7,0.0,-0.004,1
2026-04-26 17:46:20,28.55,71.31,-0.01,-0.078,0
2026-04-26 17:46:25,28.6,72.06,0.01,0.15,0
2026-04-26 17:46:30,28.68,71.67,0.016,-0.078,0
2026-04-26 17:46:35,28.75,71.53,0.014,-0.028,0
2026-04-26 17:46:40,28.65,71.3,-0.02,-0.046,0
2026-04-26 17:46:45,28.8,71.97,0.03,0.134,0
2026-04-26 17:46:50,28.94,71.9,0.028,-0.014,0
2026-04-26 17:46:55,28.71,71.67,-0.046,-0.046,0
2026-04-26 17:47:00,28.85,71.67,0.028,0.0,0
2026-04-26 17:47:05,28.72,72.27,-0.026,0.12,0
2026-04-26 17:47:10,28.8,71.63,0.016,-0.128,0
2026-04-26 17:47:15,28.55,72.35,-0.05,0.144,0
2026-04-26 17:47:20,28.47,72.33,-0.016,-0.004,0
2026-04-26 17:47:25,28.73,72.64,0.052,0.062,0
2026-04-26 17:47:30,28.46,72.64,-0.054,0.0,0
2026-04-26 17:47:35,28.56,72.52,0.02,-0.024,0
2026-04-26 17:47:40,28.58,72.92,0.004,0.08,0
2026-04-26 17:47:45,28.51,72.57,-0.014,-0.07,0
2026-04-26 17:47:50,28.44,72.72,-0.014,0.03,0
2026-04-26 17:47:55,28.58,72.43,0.028,-0.058,0
2026-04-26 17:48:00,28.69,72.84,0.022,0.082,0
2026-04-26 17:48:05,28.33,72.57,-0.072,-0.054,0
2026-04-26 17:48:10,28.5,72.7,0.034,0.026,0
2026-04-26 17:48:15,28.56,72.97,0.012,0.054,0
2026-04-26 17:48:20,28.5,72.53,-0.012,-0.088,0
2026-04-26 17:48:25,28.45,72.77,-0.01,0.048,0
2026-04-26 17:48:30,28.61,72.46,0.032,-0.062,0
2026-04-26 17:48:35,28.52,72.39,-0.018,-0.014,0
2026-04-26 17:48:40,28.43,72.97,-0.018,0.116,0
2026-04-26 17:48:45,28.6,72.58,0.034,-0.078,0
2026-04-26 17:48:50,28.59,73.32,-0.002,0.148,0
2026-04-26 17:48:55,28.69,72.69,0.02,-0.126,0
2026-04-26 17:49:00,28.56,73.06,-0.026,0.074,0
2026-04-26 17:49:05,28.72,72.97,0.032,-0.018,0
2026-04-26 17:49:10,28.67,72.33,-0.01,-0.128,0
2026-04-26 17:49:15,28.58,72.44,-0.018,0.022,0
2026-04-26 17:49:20,28.56,72.46,-0.004,0.004,0
2026-04-26 17:49:25,28.57,72.39,0.002,-0.014,0
2026-04-26 17:49:30,28.63,72.64,0.012,0.05,0
2026-04-26 17:49:35,28.37,72.61,-0.052,-0.006,0
2026-04-26 17:49:40,28.46,72.98,0.018,0.074,0
2026-04-26 17:49:45,28.59,72.62,0.026,-0.072,0
2026-04-26 17:49:50,28.67,72.68,0.016,0.012,0
2026-04-26 17:49:55,28.54,73.06,-0.026,0.076,0
2026-04-26 17:50:00,28.55,73.03,0.002,-0.006,0
2026-04-26 17:50:05,28.54,72.87,-0.002,-0.032,0
2026-04-26 17:50:10,28.54,72.8,0.0,-0.014,0
2026-04-26 17:50:15,28.53,73.04,-0.002,0.048,0
2026-04-26 17:50:20,28.47,72.49,-0.012,-0.11,0
2026-04-26 17:50:25,28.71,72.76,0.048,0.054,0
2026-04-26 17:50:30,28.53,72.32,-0.036,-0.088,0
2026-04-26 17:50:35,28.66,72.7,0.026,0.076,0
2026-04-26 17:50:40,28.6,72.68,-0.012,-0.004,0
2026-04-26 17:50:45,28.69,72.28,0.018,-0.08,1
2026-04-26 17:50:50,28.99,72.02,0.06,-0.052,1
2026-04-26 17:50:55,29.26,71.65,0.054,-0.074,1
2026-04-26 17:51:00,29.43,71.57,0.034,-0.016,1
2026-04-26 17:51:05,29.75,71.95,0.064,0.076,1
2026-04-26 17:51:10,29.63,71.16,-0.024,-0.158,1
2026-04-26 17:51:15,29.83,71.77,0.04,0.122,1
2026-04-26 17:51:20,30.16,71.14,0.066,-0.126,1
2026-04-26 17:51:25,30.04,70.73,-0.024,-0.082,1
2026-04-26 17:51:30,30.37,71.05,0.066,0.064,1
2026-04-26 17:51:35,30.41,70.8,0.008,-0.05,1
2026-04-26 17:51:40,30.57,70.98,0.032,0.036,1
2026-04-26 17:51:45,30.46,71.41,-0.022,0.086,1
2026-04-26 17:51:50,30.42,71.08,-0.008,-0.066,1
2026-04-26 17:51:55,30.57,70.82,0.03,-0.052,1
2026-04-26 17:52:00,30.52,70.7,-0.01,-0.024,1
2026-04-26 17:52:05,30.63,71.23,0.022,0.106,1
2026-04-26 17:52:10,30.51,71.56,-0.024,0.066,1
2026-04-26 17:52:15,30.6,71.55,0.018,-0.002,1
2026-04-26 17:52:20,30.42,71.4,-0.036,-0.03,1
2026-04-26 17:52:25,30.54,71.76,0.024,0.072,1
2026-04-26 17:52:30,30.44,72.03,-0.02,0.054,1
2026-04-26 17:52:35,30.61,72.18,0.034,0.03,1
2026-04-26 17:52:40,30.54,71.89,-0.014,-0.058,1
2026-04-26 17:52:45,30.65,71.41,0.022,-0.096,1
2026-04-26 17:52:50,29.15,72.4,-0.3,0.198,0
2026-04-26 17:52:55,29.2,71.83,0.01,-0.114,0
2026-04-26 17:53:00,29.16,72.01,-0.008,0.036,0
2026-04-26 17:53:05,29.23,71.99,0.014,-0.004,0
2026-04-26 17:53:10,29.09,72.13,-0.028,0.028,0
2026-04-26 17:53:15,29.16,72.15,0.014,0.004,0
2026-04-26 17:53:20,29.2,72.59,0.008,0.088,0
2026-04-26 17:53:25,29.14,72.15,-0.012,-0.088,0
2026-04-26 17:53:30,29.31,72.48,0.034,0.066,0
2026-04-26 17:53:35,29.29,72.39,-0.004,-0.018,0
2026-04-26 17:53:40,29.16,71.7,-0.026,-0.138,0
2026-04-26 17:53:45,29.07,71.93,-0.018,0.046,0
2026-04-26 17:53:50,29.2,72.07,0.026,0.028,0
2026-04-26 17:53:55,29.26,71.78,0.012,-0.058,0
2026-04-26 17:54:00,29.24,72.0,-0.004,0.044,0
2026-04-26 17:54:05,29.19,71.75,-0.01,-0.05,0
2026-04-26 17:54:10,29.13,72.21,-0.012,0.092,0
2026-04-26 17:54:15,29.14,71.91,0.002,-0.06,0
2026-04-26 17:54:20,29.1,71.73,-0.008,-0.036,0
2026-04-26 17:54:25,29.16,72.19,0.012,0.092,0
2026-04-26 17:54:30,29.29,71.75,0.026,-0.088,0
2026-04-26 17:54:35,29.28,71.86,-0.002,0.022,0
2026-04-26 17:54:40,29.26,71.97,-0.004,0.022,0
2026-04-26 17:54:45,29.26,72.07,0.0,0.02,0
2026-04-26 17:54:50,29.26,72.26,0.0,0.038,0
2026-04-26 17:54:55,29.21,72.1,-0.01,-0.032,0
2026-04-26 17:55:00,29.18,72.29,-0.006,0.038,0
2026-04-26 17:55:05,29.03,71.74,-0.03,-0.11,0
2026-04-26 17:55:10,29.14,71.76,0.022,0.004,0
2026-04-26 17:55:15,29.22,71.97,0.016,0.042,0
2026-04-26 17:55:20,29.09,71.36,-0.026,-0.122,0
2026-04-26 17:55:25,29.15,71.5,0.012,0.028,0
2026-04-26 17:55:30,29.18,72.06,0.006,0.112,0
2026-04-26 17:55:35,29.19,71.92,0.002,-0.028,0
2026-04-26 17:55:40,29.06,72.2,-0.026,0.056,0
2026-04-26 17:55:45,29.23,72.19,0.034,-0.002,0
2026-04-26 17:55:50,29.19,71.93,-0.008,-0.052,0
2026-04-26 17:55:55,29.28,71.85,0.018,-0.016,0
2026-04-26 17:56:00,29.17,71.87,-0.022,0.004,0
2026-04-26 17:56:05,29.23,71.7,0.012,-0.034,0
2026-04-26 17:56:10,29.25,72.34,0.004,0.128,0
2026-04-26 17:56:15,29.17,71.89,-0.016,-0.09,0
2026-04-26 17:56:20,29.12,71.37,-0.01,-0.104,0
2026-04-26 17:56:25,29.07,71.81,-0.01,0.088,0
2026-04-26 17:56:30,29.14,71.85,0.014,0.008,0
2026-04-26 17:56:35,29.15,71.42,0.002,-0.086,0
2026-04-26 17:56:40,29.28,71.67,0.026,0.05,0
2026-04-26 17:56:45,29.21,71.68,-0.014,0.002,0
2026-04-26 17:56:50,29.15,71.91,-0.012,0.046,1
2026-04-26 17:56:55,29.1,71.53,-0.01,-0.076,1
2026-04-26 17:57:00,29.12,72.24,0.004,0.142,1
2026-04-26 17:57:05,29.12,71.29,0.0,-0.19,1
2026-04-26 17:57:10,29.12,72.13,0.0,0.168,1
2026-04-26 17:57:15,29.22,71.75,0.02,-0.076,1
2026-04-26 17:57:20,29.34,71.78,0.024,0.006,1
2026-04-26 17:57:25,29.14,71.69,-0.04,-0.018,0
2026-04-26 17:57:30,29.21,71.71,0.014,0.004,0
2026-04-26 17:57:35,29.33,72.06,0.024,0.07,0
2026-04-26 17:57:40,29.25,71.79,-0.016,-0.054,0
2026-04-26 17:57:45,29.27,71.52,0.004,-0.054,0
2026-04-26 17:57:50,29.38,72.07,0.022,0.11,0
2026-04-26 17:57:55,29.23,71.99,-0.03,-0.016,0
2026-04-26 17:58:00,29.33,72.32,0.02,0.066,0
2026-04-26 17:58:05,29.29,71.94,-0.008,-0.076,0
2026-04-26 17:58:10,29.3,72.37,0.002,0.086,0
2026-04-26 17:58:15,29.29,71.62,-0.002,-0.15,0
2026-04-26 17:58:20,29.4,71.9,0.022,0.056,0
2026-04-26 17:58:25,29.49,71.79,0.018,-0.022,0
2026-04-26 17:58:30,29.51,71.77,0.004,-0.004,0
2026-04-26 17:58:35,29.67,72.04,0.032,0.054,0
2026-04-26 17:58:40,29.5,72.21,-0.034,0.034,0
2026-04-26 17:58:45,29.55,71.88,0.01,-0.066,0
2026-04-26 17:58:50,29.58,72.21,0.006,0.066,0
2026-04-26 17:58:55,29.55,72.1,-0.006,-0.022,0
2026-04-26 17:59:00,29.53,72.3,-0.004,0.04,0
2026-04-26 17:59:05,29.52,72.3,-0.002,0.0,0
2026-04-26 17:59:10,29.61,71.98,0.018,-0.064,0
2026-04-26 17:59:15,29.57,72.57,-0.008,0.118,0
2026-04-26 17:59:20,29.45,72.36,-0.024,-0.042,0
2026-04-26 17:59:25,29.55,71.73,0.02,-0.126,0
2026-04-26 17:59:30,29.65,71.89,0.02,0.032,0
2026-04-26 17:59:35,29.69,72.4,0.008,0.102,0
2026-04-26 17:59:40,29.52,71.57,-0.034,-0.166,0
2026-04-26 17:59:45,29.58,71.9,0.012,0.066,0
2026-04-26 17:59:50,29.59,72.23,0.002,0.066,0
2026-04-26 17:59:55,29.61,72.05,0.004,-0.036,0
2026-04-26 18:00:00,29.69,72.04,0.016,-0.002,0
2026-04-26 18:00:05,29.64,72.05,-0.01,0.002,0
2026-04-26 18:00:10,29.72,72.22,0.016,0.034,0
2026-04-26 18:00:15,29.59,72.17,-0.026,-0.01,0
2026-04-26 18:00:20,29.63,71.6,0.008,-0.114,0
2026-04-26 18:00:25,29.68,72.04,0.01,0.088,1
2026-04-26 18:00:30,29.61,71.72,-0.014,-0.064,1
2026-04-26 18:00:35,29.67,72.11,0.012,0.078,1
2026-04-26 18:00:40,29.68,72.45,0.002,0.068,1
2026-04-26 18:00:45,29.77,71.9,0.018,-0.11,1
2026-04-26 18:00:50,29.5,71.52,-0.054,-0.076,1
2026-04-26 18:00:55,29.66,71.86,0.032,0.068,1
2026-04-26 18:01:00,29.61,72.07,-0.01,0.042,1
2026-04-26 18:01:05,29.64,71.81,0.006,-0.052,1
2026-04-26 18:01:10,29.62,72.15,-0.004,0.068,1
2026-04-26 18:01:15,29.6,72.03,-0.004,-0.024,1
2026-04-26 18:01:20,29.58,72.1,-0.004,0.014,0
2026-04-26 18:01:25,29.61,72.01,0.006,-0.018,0
2026-04-26 18:01:30,29.86,72.15,0.05,0.028,0
2026-04-26 18:01:35,29.65,72.1,-0.042,-0.01,0
2026-04-26 18:01:40,29.76,72.65,0.022,0.11,0
2026-04-26 18:01:45,29.72,72.26,-0.008,-0.078,0
2026-04-26 18:01:50,29.71,71.87,-0.002,-0.078,0
2026-04-26 18:01:55,29.59,72.64,-0.024,0.154,0
2026-04-26 18:02:00,29.61,72.48,0.004,-0.032,0
2026-04-26 18:02:05,29.79,72.53,0.036,0.01,0
2026-04-26 18:02:10,29.69,72.41,-0.02,-0.024,0
2026-04-26 18:02:15,29.57,72.18,-0.024,-0.046,0
2026-04-26 18:02:20,29.77,72.43,0.04,0.05,0
2026-04-26 18:02:25,29.76,72.23,-0.002,-0.04,0
2026-04-26 18:02:30,29.72,71.7,-0.008,-0.106,0
2026-04-26 18:02:35,29.1,72.88,-0.124,0.236,0
2026-04-26 18:02:40,29.26,72.56,0.032,-0.064,0
2026-04-26 18:02:45,29.24,72.42,-0.004,-0.028,0
2026-04-26 18:02:50,29.29,72.65,0.01,0.046,0
2026-04-26 18:02:55,29.37,72.62,0.016,-0.006,0
2026-04-26 18:03:00,29.2,72.65,-0.034,0.006,0
2026-04-26 18:03:05,29.41,72.78,0.042,0.026,0
2026-04-26 18:03:10,29.48,72.74,0.014,-0.008,0
2026-04-26 18:03:15,29.21,72.49,-0.054,-0.05,0
2026-04-26 18:03:20,29.43,72.51,0.044,0.004,0
2026-04-26 18:03:25,29.32,72.84,-0.022,0.066,0
2026-04-26 18:03:30,29.26,72.58,-0.012,-0.052,0
2026-04-26 18:03:35,29.16,72.83,-0.02,0.05,0
2026-04-26 18:03:40,29.28,72.56,0.024,-0.054,0
2026-04-26 18:03:45,29.28,72.18,0.0,-0.076,0
2026-04-26 18:03:50,29.32,72.46,0.008,0.056,0
2026-04-26 18:03:55,29.18,72.73,-0.028,0.054,0
2026-04-26 18:04:00,29.28,73.36,0.02,0.126,0
2026-04-26 18:04:05,29.26,72.61,-0.004,-0.15,0
2026-04-26 18:04:10,29.31,72.83,0.01,0.044,0
2026-04-26 18:04:15,29.32,72.8,0.002,-0.006,0
2026-04-26 18:04:20,29.13,72.6,-0.038,-0.04,0
2026-04-26 18:04:25,29.43,72.54,0.06,-0.012,0
2026-04-26 18:04:30,29.33,72.13,-0.02,-0.082,0
2026-04-26 18:04:35,29.23,72.6,-0.02,0.094,0
2026-04-26 18:04:40,29.16,72.39,-0.014,-0.042,0
2026-04-26 18:04:45,29.4,72.5,0.048,0.022,0
2026-04-26 18:04:50,29.21,72.28,-0.038,-0.044,0
2026-04-26 18:04:55,29.23,72.39,0.004,0.022,0
2026-04-26 18:05:00,29.3,72.78,0.014,0.078,0
2026-04-26 18:05:05,29.29,72.55,-0.002,-0.046,0
2026-04-26 18:05:10,29.28,72.67,-0.002,0.024,0
2026-04-26 18:05:15,29.25,72.83,-0.006,0.032,0
2026-04-26 18:05:20,29.38,72.88,0.026,0.01,0
2026-04-26 18:05:25,29.23,72.95,-0.03,0.014,0
2026-04-26 18:05:30,29.24,72.44,0.002,-0.102,0
2026-04-26 18:05:35,29.31,72.36,0.014,-0.016,0
2026-04-26 18:05:40,29.36,72.56,0.01,0.04,0
2026-04-26 18:05:45,29.29,72.67,-0.014,0.022,0
2026-04-26 18:05:50,29.34,72.52,0.01,-0.03,0
2026-04-26 18:05:55,33.33,69.89,0.798,-0.526,2
2026-04-26 18:06:00,36.23,67.82,0.58,-0.414,2
2026-04-26 18:06:05,38.22,66.98,0.398,-0.168,2
2026-04-26 18:06:10,39.41,65.94,0.238,-0.208,2
2026-04-26 18:06:15,40.13,65.57,0.144,-0.074,2
2026-04-26 18:06:20,40.54,64.52,0.082,-0.21,2
2026-04-26 18:06:25,40.64,64.57,0.02,0.01,2
2026-04-26 18:06:30,40.7,64.05,0.012,-0.104,2
2026-04-26 18:06:35,40.71,63.55,0.002,-0.1,2
2026-04-26 18:06:40,40.62,63.99,-0.018,0.088,2
2026-04-26 18:06:45,40.98,64.0,0.072,0.002,1
2026-04-26 18:06:50,41.28,63.73,0.06,-0.054,1
2026-04-26 18:06:55,41.26,63.59,-0.004,-0.028,1
2026-04-26 18:07:00,41.29,63.36,0.006,-0.046,1
2026-04-26 18:07:05,41.45,63.34,0.032,-0.004,1
2026-04-26 18:07:10,41.58,63.19,0.026,-0.03,1
2026-04-26 18:07:15,41.46,63.35,-0.024,0.032,1
2026-04-26 18:07:20,41.68,63.01,0.044,-0.068,1
2026-04-26 18:07:25,41.59,63.05,-0.018,0.008,1
2026-04-26 18:07:30,41.5,63.32,-0.018,0.054,1
2026-04-26 18:07:35,41.71,63.39,0.042,0.014,1
2026-04-26 18:07:40,41.5,62.99,-0.042,-0.08,1
2026-04-26 18:07:45,41.55,62.85,0.01,-0.028,1
2026-04-26 18:07:50,41.53,63.12,-0.004,0.054,1
2026-04-26 18:07:55,41.54,63.04,0.002,-0.016,1
2026-04-26 18:08:00,41.61,62.86,0.014,-0.036,1
2026-04-26 18:08:05,41.64,62.88,0.006,0.004,1
2026-04-26 18:08:10,41.6,62.89,-0.008,0.002,1
2026-04-26 18:08:15,41.65,63.27,0.01,0.076,1
2026-04-26 18:08:20,41.71,62.82,0.012,-0.09,1
2026-04-26 18:08:25,28.59,70.56,-2.624,1.548,0
2026-04-26 18:08:30,28.63,70.57,0.008,0.002,0
2026-04-26 18:08:35,28.57,70.91,-0.012,0.068,0
2026-04-26 18:08:40,28.68,70.58,0.022,-0.066,0
2026-04-26 18:08:45,28.5,71.09,-0.036,0.102,0
2026-04-26 18:08:50,28.62,71.01,0.024,-0.016,0
2026-04-26 18:08:55,28.6,70.86,-0.004,-0.03,0
2026-04-26 18:09:00,28.67,70.52,0.014,-0.068,0
2026-04-26 18:09:05,28.61,70.84,-0.012,0.064,0
2026-04-26 18:09:10,28.51,70.87,-0.02,0.006,0
2026-04-26 18:09:15,28.65,70.7,0.028,-0.034,0
2026-04-26 18:09:20,28.66,70.67,0.002,-0.006,0
2026-04-26 18:09:25,28.67,71.27,0.002,0.12,0
2026-04-26 18:09:30,28.59,70.77,-0.016,-0.1,0
2026-04-26 18:09:35,28.72,71.07,0.026,0.06,0
2026-04-26 18:09:40,28.65,71.25,-0.014,0.036,0
2026-04-26 18:09:45,28.69,70.43,0.008,-0.164,0
2026-04-26 18:09:50,28.62,70.74,-0.014,0.062,0
2026-04-26 18:09:55,28.65,70.79,0.006,0.01,0
2026-04-26 18:10:00,28.75,70.93,0.02,0.028,0
2026-04-26 18:10:05,28.61,71.33,-0.028,0.08,0
2026-04-26 18:10:10,28.64,70.59,0.006,-0.148,0
2026-04-26 18:10:15,28.63,70.62,-0.002,0.006,0
2026-04-26 18:10:20,28.63,71.14,0.0,0.104,0
2026-04-26 18:10:25,28.8,70.6,0.034,-0.108,0
2026-04-26 18:10:30,28.71,71.06,-0.018,0.092,0
2026-04-26 18:10:35,28.56,71.33,-0.03,0.054,0
2026-04-26 18:10:40,28.74,70.83,0.036,-0.1,0
2026-04-26 18:10:45,28.64,70.65,-0.02,-0.036,0
2026-04-26 18:10:50,28.64,70.98,0.0,0.066,0
2026-04-26 18:10:55,28.56,70.74,-0.016,-0.048,0
2026-04-26 18:11:00,28.86,71.14,0.06,0.08,0
2026-04-26 18:11:05,28.68,71.06,-0.036,-0.016,0
2026-04-26 18:11:10,28.72,70.65,0.008,-0.082,0
2026-04-26 18:11:15,28.73,70.81,0.002,0.032,0
2026-04-26 18:11:20,28.74,70.95,0.002,0.028,0
2026-04-26 18:11:25,28.72,70.76,-0.004,-0.038,0
2026-04-26 18:11:30,28.58,71.19,-0.028,0.086,0
2026-04-26 18:11:35,28.65,70.96,0.014,-0.046,0
2026-04-26 18:11:40,28.8,71.16,0.03,0.04,0
2026-04-26 18:11:45,28.8,71.1,0.0,-0.012,1
2026-04-26 18:11:50,28.73,70.67,-0.014,-0.086,1
2026-04-26 18:11:55,28.82,71.12,0.018,0.09,1
2026-04-26 18:12:00,28.73,70.83,-0.018,-0.058,1
2026-04-26 18:12:05,28.6,70.85,-0.026,0.004,1
2026-04-26 18:12:10,28.73,70.94,0.026,0.018,1
2026-04-26 18:12:15,28.61,70.91,-0.024,-0.006,1
2026-04-26 18:12:20,28.66,70.84,0.01,-0.014,1
2026-04-26 18:12:25,28.64,70.89,-0.004,0.01,1
2026-04-26 18:12:30,28.69,71.08,0.01,0.038,1
2026-04-26 18:12:35,28.75,70.82,0.012,-0.052,1
2026-04-26 18:12:40,28.71,70.99,-0.008,0.034,1
2026-04-26 18:12:45,28.67,71.09,-0.008,0.02,1
2026-04-26 18:12:50,28.66,71.19,-0.002,0.02,1
2026-04-26 18:12:55,28.77,70.75,0.022,-0.088,1
2026-04-26 18:13:00,28.8,71.05,0.006,0.06,0
2026-04-26 18:13:05,28.63,71.21,-0.034,0.032,0
2026-04-26 18:13:10,28.69,71.11,0.012,-0.02,0
2026-04-26 18:13:15,28.71,71.33,0.004,0.044,0
2026-04-26 18:13:20,28.77,70.98,0.012,-0.07,0
2026-04-26 18:13:25,28.7,71.78,-0.014,0.16,0
2026-04-26 18:13:30,28.81,71.82,0.022,0.008,0
2026-04-26 18:13:35,28.93,70.94,0.024,-0.176,0
2026-04-26 18:13:40,28.7,71.41,-0.046,0.094,0
2026-04-26 18:13:45,28.76,71.02,0.012,-0.078,0
2026-04-26 18:13:50,28.91,71.37,0.03,0.07,0
2026-04-26 18:13:55,28.83,71.33,-0.016,-0.008,0
2026-04-26 18:14:00,29.11,74.5,0.056,0.634,0
2026-04-26 18:14:05,29.02,74.49,-0.018,-0.002,0
2026-04-26 18:14:10,29.07,74.76,0.01,0.054,0
2026-04-26 18:14:15,29.13,74.24,0.012,-0.104,0
2026-04-26 18:14:20,29.07,74.36,-0.012,0.024,0
2026-04-26 18:14:25,29.02,74.48,-0.01,0.024,0
2026-04-26 18:14:30,29.28,74.39,0.052,-0.018,0
2026-04-26 18:14:35,29.01,74.31,-0.054,-0.016,0
2026-04-26 18:14:40,29.12,74.59,0.022,0.056,0
2026-04-26 18:14:45,29.13,74.75,0.002,0.032,0
2026-04-26 18:14:50,29.06,74.54,-0.014,-0.042,0
2026-04-26 18:14:55,29.24,74.74,0.036,0.04,0
2026-04-26 18:15:00,29.03,74.85,-0.042,0.022,0
2026-04-26 18:15:05,29.2,74.34,0.034,-0.102,0
2026-04-26 18:15:10,29.26,74.76,0.012,0.084,0
2026-04-26 18:15:15,28.99,74.4,-0.054,-0.072,0
2026-04-26 18:15:20,29.15,74.64,0.032,0.048,0
2026-04-26 18:15:25,29.08,74.47,-0.014,-0.034,0
2026-04-26 18:15:30,29.34,74.6,0.052,0.026,0
2026-04-26 18:15:35,29.14,74.76,-0.04,0.032,0
2026-04-26 18:15:40,29.11,75.09,-0.006,0.066,0
2026-04-26 18:15:45,29.01,74.42,-0.02,-0.134,0
2026-04-26 18:15:50,29.14,74.68,0.026,0.052,0
2026-04-26 18:15:55,29.21,74.31,0.014,-0.074,0
2026-04-26 18:16:00,29.06,74.65,-0.03,0.068,0
2026-04-26 18:16:05,29.09,74.19,0.006,-0.092,0
2026-04-26 18:16:10,29.14,74.42,0.01,0.046,0
2026-04-26 18:16:15,29.17,74.56,0.006,0.028,0
2026-04-26 18:16:20,29.03,74.97,-0.028,0.082,0
2026-04-26 18:16:25,29.08,74.84,0.01,-0.026,0
2026-04-26 18:16:30,29.07,74.58,-0.002,-0.052,0
2026-04-26 18:16:35,29.23,74.8,0.032,0.044,0
2026-04-26 18:16:40,29.24,74.44,0.002,-0.072,0
2026-04-26 18:16:45,29.14,74.9,-0.02,0.092,0
2026-04-26 18:16:50,29.06,74.84,-0.016,-0.012,0
2026-04-26 18:16:55,29.3,74.74,0.048,-0.02,0
2026-04-26 18:17:00,29.22,74.47,-0.016,-0.054,0
2026-04-26 18:17:05,29.15,74.89,-0.014,0.084,0
2026-04-26 18:17:10,29.21,75.08,0.012,0.038,0
2026-04-26 18:17:15,29.18,74.34,-0.006,-0.148,0
2026-04-26 18:17:20,29.24,74.32,0.012,-0.004,0
2026-04-26 18:17:25,29.18,74.41,-0.012,0.018,0
2026-04-26 18:17:30,29.18,74.66,0.0,0.05,0
2026-04-26 18:17:35,29.14,74.8,-0.008,0.028,0
2026-04-26 18:17:40,29.2,75.3,0.012,0.1,1
2026-04-26 18:17:45,29.22,75.72,0.004,0.084,1
2026-04-26 18:17:50,29.31,75.84,0.018,0.024,1
2026-04-26 18:17:55,29.3,76.72,-0.002,0.176,1
2026-04-26 18:18:00,29.34,76.96,0.008,0.048,1
2026-04-26 18:18:05,29.37,77.3,0.006,0.068,1
2026-04-26 18:18:10,29.4,77.36,0.006,0.012,1
2026-04-26 18:18:15,29.46,77.93,0.012,0.114,1
2026-04-26 18:18:20,29.54,78.3,0.016,0.074,1
2026-04-26 18:18:25,29.58,78.13,0.008,-0.034,1
2026-04-26 18:18:30,29.46,78.07,-0.024,-0.012,1
2026-04-26 18:18:35,29.49,78.61,0.006,0.108,1
2026-04-26 18:18:40,29.5,78.81,0.002,0.04,1
2026-04-26 18:18:45,29.51,79.01,0.002,0.04,1
2026-04-26 18:18:50,29.63,79.39,0.024,0.076,1
2026-04-26 18:18:55,29.69,79.06,0.012,-0.066,1
2026-04-26 18:19:00,29.5,78.48,-0.038,-0.116,1
2026-04-26 18:19:05,29.65,79.21,0.03,0.146,1
2026-04-26 18:19:10,29.7,79.28,0.01,0.014,1
2026-04-26 18:19:15,29.74,78.91,0.008,-0.074,1
2026-04-26 18:19:20,29.72,79.66,-0.004,0.15,1
2026-04-26 18:19:25,29.83,79.56,0.022,-0.02,1
2026-04-26 18:19:30,29.72,79.47,-0.022,-0.018,1
2026-04-26 18:19:35,29.61,78.92,-0.022,-0.11,1
2026-04-26 18:19:40,29.81,79.11,0.04,0.038,1
2026-04-26 18:19:45,29.79,79.3,-0.004,0.038,1
2026-04-26 18:19:50,29.61,79.43,-0.036,0.026,1
2026-04-26 18:19:55,29.71,79.57,0.02,0.028,1
2026-04-26 18:20:00,29.21,71.35,-0.1,-1.644,0
2026-04-26 18:20:05,29.47,71.82,0.052,0.094,0
2026-04-26 18:20:10,29.25,71.53,-0.044,-0.058,0
2026-04-26 18:20:15,29.45,71.71,0.04,0.036,0
2026-04-26 18:20:20,29.34,71.65,-0.022,-0.012,0
2026-04-26 18:20:25,29.48,71.61,0.028,-0.008,0
2026-04-26 18:20:30,29.49,71.96,0.002,0.07,0
2026-04-26 18:20:35,29.51,71.62,0.004,-0.068,0
2026-04-26 18:20:40,29.51,72.03,0.0,0.082,0
2026-04-26 18:20:45,29.41,71.69,-0.02,-0.068,0
2026-04-26 18:20:50,29.53,72.17,0.024,0.096,0
2026-04-26 18:20:55,29.52,72.36,-0.002,0.038,0
2026-04-26 18:21:00,29.44,71.83,-0.016,-0.106,0
2026-04-26 18:21:05,29.48,71.68,0.008,-0.03,0
2026-04-26 18:21:10,29.51,71.75,0.006,0.014,0
2026-04-26 18:21:15,29.4,72.06,-0.022,0.062,0
2026-04-26 18:21:20,29.5,71.6,0.02,-0.092,0
2026-04-26 18:21:25,29.39,71.77,-0.022,0.034,0
2026-04-26 18:21:30,29.4,71.84,0.002,0.014,0
2026-04-26 18:21:35,29.34,72.0,-0.012,0.032,0
2026-04-26 18:21:40,29.59,72.15,0.05,0.03,0
2026-04-26 18:21:45,29.52,71.86,-0.014,-0.058,0
2026-04-26 18:21:50,29.55,72.15,0.006,0.058,0
2026-04-26 18:21:55,29.44,71.86,-0.022,-0.058,0
2026-04-26 18:22:00,29.47,71.56,0.006,-0.06,0
2026-04-26 18:22:05,29.52,72.04,0.01,0.096,0
2026-04-26 18:22:10,29.61,71.99,0.018,-0.01,0
2026-04-26 18:22:15,29.44,71.78,-0.034,-0.042,0
2026-04-26 18:22:20,29.62,71.56,0.036,-0.044,0
2026-04-26 18:22:25,29.6,72.45,-0.004,0.178,0
2026-04-26 18:22:30,29.37,71.72,-0.046,-0.146,0
2026-04-26 18:22:35,29.54,71.91,0.034,0.038,0
2026-04-26 18:22:40,29.52,71.66,-0.004,-0.05,0
2026-04-26 18:22:45,29.51,71.48,-0.002,-0.036,0
2026-04-26 18:22:50,29.57,72.58,0.012,0.22,0
2026-04-26 18:22:55,29.32,72.11,-0.05,-0.094,0
2026-04-26 18:23:00,29.52,72.12,0.04,0.002,0
2026-04-26 18:23:05,29.39,72.42,-0.026,0.06,0
2026-04-26 18:23:10,29.46,72.19,0.014,-0.046,0
2026-04-26 18:23:15,29.55,72.14,0.018,-0.01,0
2026-04-26 18:23:20,29.52,72.22,-0.006,0.016,0
2026-04-26 18:23:25,29.48,72.02,-0.008,-0.04,0
2026-04-26 18:23:30,29.6,71.78,0.024,-0.048,0
2026-04-26 18:23:35,29.44,71.89,-0.032,0.022,0
2026-04-26 18:23:40,33.78,69.11,0.868,-0.556,2
2026-04-26 18:23:45,37.11,66.58,0.666,-0.506,2
2026-04-26 18:23:50,39.53,65.56,0.484,-0.204,2
2026-04-26 18:23:55,40.91,64.16,0.276,-0.28,2
2026-04-26 18:24:00,41.54,63.49,0.126,-0.134,2
2026-04-26 18:24:05,41.87,62.99,0.066,-0.1,2
2026-04-26 18:24:10,42.15,63.59,0.056,0.12,2
2026-04-26 18:24:15,42.17,63.06,0.004,-0.106,2
2026-04-26 18:24:20,42.24,62.96,0.014,-0.02,2
2026-04-26 18:24:25,42.13,62.57,-0.022,-0.078,2
2026-04-26 18:24:30,42.19,62.51,0.012,-0.012,2
2026-04-26 18:24:35,42.11,62.41,-0.016,-0.02,2
2026-04-26 18:24:40,42.12,61.9,0.002,-0.102,2
2026-04-26 18:24:45,42.05,62.17,-0.014,0.054,2
2026-04-26 18:24:50,42.1,62.53,0.01,0.072,2
2026-04-26 18:24:55,42.38,62.19,0.056,-0.068,1
2026-04-26 18:25:00,42.44,62.1,0.012,-0.018,1
2026-04-26 18:25:05,42.58,61.57,0.028,-0.106,1
2026-04-26 18:25:10,42.69,61.8,0.022,0.046,1
2026-04-26 18:25:15,42.71,61.28,0.004,-0.104,1
2026-04-26 18:25:20,42.76,61.69,0.01,0.082,1
2026-04-26 18:25:25,42.85,61.18,0.018,-0.102,1
2026-04-26 18:25:30,42.79,61.62,-0.012,0.088,1
2026-04-26 18:25:35,42.78,60.94,-0.002,-0.136,1
2026-04-26 18:25:40,42.82,61.14,0.008,0.04,1
2026-04-26 18:25:45,42.97,61.21,0.03,0.014,1
2026-04-26 18:25:50,42.73,61.14,-0.048,-0.014,1
2026-04-26 18:25:55,42.97,61.22,0.048,0.016,1
2026-04-26 18:26:00,42.68,61.63,-0.058,0.082,1
2026-04-26 18:26:05,42.87,60.94,0.038,-0.138,1
2026-04-26 18:26:10,28.77,74.4,-2.82,2.692,0
2026-04-26 18:26:15,28.74,74.68,-0.006,0.056,0
2026-04-26 18:26:20,28.62,74.12,-0.024,-0.112,0
2026-04-26 18:26:25,28.84,74.25,0.044,0.026,0
2026-04-26 18:26:30,28.88,74.67,0.008,0.084,0
2026-04-26 18:26:35,28.7,74.07,-0.036,-0.12,0
2026-04-26 18:26:40,28.74,74.51,0.008,0.088,0
2026-04-26 18:26:45,28.66,74.67,-0.016,0.032,0
2026-04-26 18:26:50,28.74,74.58,0.016,-0.018,0
2026-04-26 18:26:55,28.78,74.55,0.008,-0.006,0
2026-04-26 18:27:00,28.79,74.15,0.002,-0.08,0
2026-04-26 18:27:05,28.88,74.24,0.018,0.018,0
2026-04-26 18:27:10,28.82,74.34,-0.012,0.02,0
2026-04-26 18:27:15,28.82,74.23,0.0,-0.022,0
2026-04-26 18:27:20,28.78,74.37,-0.008,0.028,0
2026-04-26 18:27:25,28.96,74.48,0.036,0.022,0
2026-04-26 18:27:30,28.84,74.09,-0.024,-0.078,0
2026-04-26 18:27:35,28.82,74.45,-0.004,0.072,0
2026-04-26 18:27:40,28.92,74.34,0.02,-0.022,0
2026-04-26 18:27:45,28.73,74.45,-0.038,0.022,0
2026-04-26 18:27:50,28.72,74.62,-0.002,0.034,0
2026-04-26 18:27:55,28.78,74.35,0.012,-0.054,0
2026-04-26 18:28:00,28.96,74.76,0.036,0.082,0
2026-04-26 18:28:05,28.85,74.83,-0.022,0.014,0
2026-04-26 18:28:10,28.99,74.38,0.028,-0.09,0
2026-04-26 18:28:15,28.74,74.28,-0.05,-0.02,0
2026-04-26 18:28:20,28.67,74.61,-0.014,0.066,0
2026-04-26 18:28:25,28.98,74.1,0.062,-0.102,1
2026-04-26 18:28:30,29.06,73.84,0.016,-0.052,1
2026-04-26 18:28:35,29.27,73.04,0.042,-0.16,1
2026-04-26 18:28:40,29.75,73.16,0.096,0.024,1
2026-04-26 18:28:45,29.68,72.94,-0.014,-0.044,1
2026-04-26 18:28:50,29.94,72.09,0.052,-0.17,1
2026-04-26 18:28:55,30.01,72.55,0.014,0.092,1
2026-04-26 18:29:00,30.15,71.88,0.028,-0.134,1
2026-04-26 18:29:05,30.31,72.19,0.032,0.062,1
2026-04-26 18:29:10,30.39,72.13,0.016,-0.012,1
2026-04-26 18:29:15,30.63,71.21,0.048,-0.184,1
2026-04-26 18:29:20,30.64,70.99,0.002,-0.044,1
2026-04-26 18:29:25,30.57,71.18,-0.014,0.038,1
2026-04-26 18:29:30,30.72,71.19,0.03,0.002,1
2026-04-26 18:29:35,30.8,71.54,0.016,0.07,1
2026-04-26 18:29:40,30.8,71.5,0.0,-0.008,1
2026-04-26 18:29:45,30.88,71.16,0.016,-0.068,1
2026-04-26 18:29:50,31.0,71.6,0.024,0.088,1
2026-04-26 18:29:55,30.99,71.07,-0.002,-0.106,1
2026-04-26 18:30:00,30.99,71.6,0.0,0.106,1
2026-04-26 18:30:05,30.85,71.14,-0.028,-0.092,1
2026-04-26 18:30:10,30.89,71.42,0.008,0.056,1
2026-04-26 18:30:15,31.0,71.4,0.022,-0.004,1
2026-04-26 18:30:20,31.06,71.41,0.012,0.002,1
2026-04-26 18:30:25,30.95,71.19,-0.022,-0.044,1
2026-04-26 18:30:30,31.05,71.65,0.02,0.092,1
2026-04-26 18:30:35,30.83,71.33,-0.044,-0.064,1
2026-04-26 18:30:40,30.92,71.46,0.018,0.026,1
2026-04-26 18:30:45,29.46,71.85,-0.292,0.078,0
2026-04-26 18:30:50,29.28,72.3,-0.036,0.09,0
2026-04-26 18:30:55,29.41,71.98,0.026,-0.064,0
2026-04-26 18:31:00,29.27,71.84,-0.028,-0.028,0
2026-04-26 18:31:05,29.28,71.19,0.002,-0.13,0
2026-04-26 18:31:10,29.35,71.98,0.014,0.158,0
2026-04-26 18:31:15,29.4,71.5,0.01,-0.096,0
2026-04-26 18:31:20,29.51,71.74,0.022,0.048,0
2026-04-26 18:31:25,29.37,71.33,-0.028,-0.082,0
2026-04-26 18:31:30,29.53,71.63,0.032,0.06,0
2026-04-26 18:31:35,29.56,71.89,0.006,0.052,0
2026-04-26 18:31:40,29.41,71.78,-0.03,-0.022,0
2026-04-26 18:31:45,29.56,71.64,0.03,-0.028,0
2026-04-26 18:31:50,29.47,71.7,-0.018,0.012,0
2026-04-26 18:31:55,29.42,71.64,-0.01,-0.012,0
2026-04-26 18:32:00,29.52,71.33,0.02,-0.062,0
2026-04-26 18:32:05,29.51,71.7,-0.002,0.074,0
2026-04-26 18:32:10,29.56,71.62,0.01,-0.016,0
2026-04-26 18:32:15,29.42,71.35,-0.028,-0.054,0
2026-04-26 18:32:20,29.55,71.27,0.026,-0.016,0
2026-04-26 18:32:25,29.62,71.93,0.014,0.132,0
2026-04-26 18:32:30,29.57,71.08,-0.01,-0.17,0
2026-04-26 18:32:35,29.47,71.62,-0.02,0.108,0
2026-04-26 18:32:40,29.45,71.43,-0.004,-0.038,0
2026-04-26 18:32:45,29.49,71.46,0.008,0.006,0
2026-04-26 18:32:50,29.58,71.51,0.018,0.01,0
2026-04-26 18:32:55,29.5,71.57,-0.016,0.012,0
2026-04-26 18:33:00,29.52,71.58,0.004,0.002,0
2026-04-26 18:33:05,29.61,71.35,0.018,-0.046,0
2026-04-26 18:33:10,29.52,71.49,-0.018,0.028,0
2026-04-26 18:33:15,29.51,71.35,-0.002,-0.028,0
2026-04-26 18:33:20,29.5,71.16,-0.002,-0.038,0
2026-04-26 18:33:25,29.42,71.4,-0.016,0.048,0
2026-04-26 18:33:30,29.6,71.8,0.036,0.08,0
2026-04-26 18:33:35,29.59,71.25,-0.002,-0.11,1
2026-04-26 18:33:40,29.8,70.61,0.042,-0.128,1
2026-04-26 18:33:45,29.98,70.41,0.036,-0.04,1
2026-04-26 18:33:50,30.24,70.32,0.052,-0.018,1
2026-04-26 18:33:55,30.38,70.79,0.028,0.094,1
2026-04-26 18:34:00,30.44,70.53,0.012,-0.052,1
2026-04-26 18:34:05,30.7,70.17,0.052,-0.072,1
2026-04-26 18:34:10,30.5,70.46,-0.04,0.058,1
2026-04-26 18:34:15,30.45,70.59,-0.01,0.026,1
2026-04-26 18:34:20,30.71,70.36,0.052,-0.046,1
2026-04-26 18:34:25,30.66,71.06,-0.01,0.14,1
2026-04-26 18:34:30,30.78,70.97,0.024,-0.018,1
2026-04-26 18:34:35,30.73,71.17,-0.01,0.04,1
2026-04-26 18:34:40,30.76,70.78,0.006,-0.078,1
2026-04-26 18:34:45,30.75,70.81,-0.002,0.006,1
2026-04-26 18:34:50,30.66,71.11,-0.018,0.06,1
2026-04-26 18:34:55,30.64,71.0,-0.004,-0.022,1
2026-04-26 18:35:00,30.8,71.12,0.032,0.024,1
2026-04-26 18:35:05,30.9,70.48,0.02,-0.128,1
2026-04-26 18:35:10,30.67,71.36,-0.046,0.176,1
2026-04-26 18:35:15,30.6,71.43,-0.014,0.014,1
2026-04-26 18:35:20,30.83,71.27,0.046,-0.032,1
2026-04-26 18:35:25,30.8,71.06,-0.006,-0.042,1
2026-04-26 18:35:30,29.47,71.33,-0.266,0.054,0
2026-04-26 18:35:35,29.41,71.5,-0.012,0.034,0
2026-04-26 18:35:40,29.33,71.97,-0.016,0.094,0
2026-04-26 18:35:45,29.4,71.06,0.014,-0.182,0
2026-04-26 18:35:50,29.3,71.26,-0.02,0.04,0
2026-04-26 18:35:55,29.32,71.4,0.004,0.028,0
2026-04-26 18:36:00,29.38,71.36,0.012,-0.008,0
2026-04-26 18:36:05,29.33,71.21,-0.01,-0.03,0
2026-04-26 18:36:10,29.52,71.18,0.038,-0.006,0
2026-04-26 18:36:15,29.36,71.4,-0.032,0.044,0
2026-04-26 18:36:20,29.66,71.48,0.06,0.016,0
2026-04-26 18:36:25,29.44,70.99,-0.044,-0.098,0
2026-04-26 18:36:30,29.57,71.36,0.026,0.074,0
2026-04-26 18:36:35,29.41,71.85,-0.032,0.098,0
2026-04-26 18:36:40,29.43,71.49,0.004,-0.072,0
2026-04-26 18:36:45,29.58,71.45,0.03,-0.008,0
2026-04-26 18:36:50,29.45,71.31,-0.026,-0.028,0
2026-04-26 18:36:55,29.52,71.52,0.014,0.042,0
2026-04-26 18:37:00,29.57,71.06,0.01,-0.092,0
2026-04-26 18:37:05,29.57,71.09,0.0,0.006,0
2026-04-26 18:37:10,29.36,71.76,-0.042,0.134,0
2026-04-26 18:37:15,29.37,71.58,0.002,-0.036,0
2026-04-26 18:37:20,29.53,71.49,0.032,-0.018,0
2026-04-26 18:37:25,29.39,70.99,-0.028,-0.1,0
2026-04-26 18:37:30,29.31,71.31,-0.016,0.064,0
2026-04-26 18:37:35,29.46,71.11,0.03,-0.04,0
2026-04-26 18:37:40,29.43,71.86,-0.006,0.15,0
2026-04-26 18:37:45,29.61,71.35,0.036,-0.102,0
2026-04-26 18:37:50,29.5,71.45,-0.022,0.02,0
2026-04-26 18:37:55,29.47,70.91,-0.006,-0.108,0
2026-04-26 18:38:00,29.41,71.54,-0.012,0.126,0
2026-04-26 18:38:05,29.49,71.67,0.016,0.026,0
2026-04-26 18:38:10,29.41,71.31,-0.016,-0.072,0
2026-04-26 18:38:15,29.6,71.65,0.038,0.068,0
2026-04-26 18:38:20,29.47,71.28,-0.026,-0.074,0
2026-04-26 18:38:25,29.51,71.38,0.008,0.02,0
2026-04-26 18:38:30,29.44,71.82,-0.014,0.088,0
2026-04-26 18:38:35,29.6,71.68,0.032,-0.028,0
2026-04-26 18:38:40,29.55,71.08,-0.01,-0.12,0
2026-04-26 18:38:45,29.42,71.69,-0.026,0.122,0
2026-04-26 18:38:50,29.53,71.87,0.022,0.036,0
2026-04-26 18:38:55,29.53,71.12,0.0,-0.15,0
2026-04-26 18:39:00,29.67,71.71,0.028,0.118,0
2026-04-26 18:39:05,29.51,71.39,-0.032,-0.064,0
2026-04-26 18:39:10,29.56,71.2,0.01,-0.038,0
2026-04-26 18:39:15,29.32,71.15,-0.048,-0.01,0
2026-04-26 18:39:20,29.34,71.56,0.004,0.082,0
2026-04-26 18:39:25,29.48,71.31,0.028,-0.05,0
2026-04-26 18:39:30,29.51,71.51,0.006,0.04,0
2026-04-26 18:39:35,29.47,71.18,-0.008,-0.066,0
2026-04-26 18:39:40,31.65,70.22,0.436,-0.192,2
2026-04-26 18:39:45,33.7,69.08,0.41,-0.228,2
2026-04-26 18:39:50,35.33,67.59,0.326,-0.298,2
2026-04-26 18:39:55,36.54,67.71,0.242,0.024,2
2026-04-26 18:40:00,37.5,67.3,0.192,-0.082,2
2026-04-26 18:40:05,37.87,66.02,0.074,-0.256,2
2026-04-26 18:40:10,38.27,65.66,0.08,-0.072,2
2026-04-26 18:40:15,38.38,65.33,0.022,-0.066,2
2026-04-26 18:40:20,38.31,65.11,-0.014,-0.044,2
2026-04-26 18:40:25,38.39,65.24,0.016,0.026,2
2026-04-26 18:40:30,38.37,64.68,-0.004,-0.112,2
2026-04-26 18:40:35,38.67,64.46,0.06,-0.044,2
2026-04-26 18:40:40,38.71,63.75,0.008,-0.142,1
2026-04-26 18:40:45,38.91,64.08,0.04,0.066,1
2026-04-26 18:40:50,39.04,63.67,0.026,-0.082,1
2026-04-26 18:40:55,39.29,63.04,0.05,-0.126,1
2026-04-26 18:41:00,39.29,63.21,0.0,0.034,1
2026-04-26 18:41:05,39.53,63.27,0.048,0.012,1
2026-04-26 18:41:10,39.51,62.81,-0.004,-0.092,1
2026-04-26 18:41:15,39.53,62.68,0.004,-0.026,1
2026-04-26 18:41:20,39.53,62.46,0.0,-0.044,1
2026-04-26 18:41:25,39.61,62.68,0.016,0.044,1
2026-04-26 18:41:30,39.5,62.72,-0.022,0.008,1
2026-04-26 18:41:35,29.13,71.66,-2.074,1.788,0
2026-04-26 18:41:40,29.25,71.35,0.024,-0.062,0
2026-04-26 18:41:45,29.27,71.3,0.004,-0.01,0
2026-04-26 18:41:50,29.16,72.06,-0.022,0.152,0
2026-04-26 18:41:55,28.98,71.54,-0.036,-0.104,0
2026-04-26 18:42:00,29.19,71.81,0.042,0.054,0
2026-04-26 18:42:05,29.27,71.8,0.016,-0.002,0
2026-04-26 18:42:10,29.15,71.57,-0.024,-0.046,0
2026-04-26 18:42:15,29.25,71.26,0.02,-0.062,0
2026-04-26 18:42:20,29.2,71.56,-0.01,0.06,0
2026-04-26 18:42:25,29.13,71.7,-0.014,0.028,0
2026-04-26 18:42:30,29.09,71.73,-0.008,0.006,0
2026-04-26 18:42:35,29.3,71.34,0.042,-0.078,0
2026-04-26 18:42:40,29.18,71.94,-0.024,0.12,0
2026-04-26 18:42:45,29.2,71.92,0.004,-0.004,0
2026-04-26 18:42:50,29.15,71.76,-0.01,-0.032,0
2026-04-26 18:42:55,29.24,71.81,0.018,0.01,0
2026-04-26 18:43:00,29.35,71.67,0.022,-0.028,0
2026-04-26 18:43:05,29.32,71.7,-0.006,0.006,0
2026-04-26 18:43:10,29.19,71.91,-0.026,0.042,0
2026-04-26 18:43:15,29.24,71.26,0.01,-0.13,0
2026-04-26 18:43:20,29.3,71.56,0.012,0.06,0
2026-04-26 18:43:25,29.1,71.75,-0.04,0.038,0
2026-04-26 18:43:30,29.08,71.84,-0.004,0.018,0
2026-04-26 18:43:35,29.15,71.92,0.014,0.016,0
2026-04-26 18:43:40,29.24,71.09,0.018,-0.166,0
2026-04-26 18:43:45,29.3,71.5,0.012,0.082,0
2026-04-26 18:43:50,29.31,71.35,0.002,-0.03,0
2026-04-26 18:43:55,29.26,71.3,-0.01,-0.01,0
2026-04-26 18:44:00,29.3,71.58,0.008,0.056,0
2026-04-26 18:44:05,29.18,72.24,-0.024,0.132,0
2026-04-26 18:44:10,29.26,71.51,0.016,-0.146,0
2026-04-26 18:44:15,29.1,72.24,-0.032,0.146,0
2026-04-26 18:44:20,29.31,71.66,0.042,-0.116,0
2026-04-26 18:44:25,29.14,71.99,-0.034,0.066,0
2026-04-26 18:44:30,29.25,72.11,0.022,0.024,0
2026-04-26 18:44:35,29.29,71.85,0.008,-0.052,0
2026-04-26 18:44:40,29.22,71.65,-0.014,-0.04,0
2026-04-26 18:44:45,29.19,71.8,-0.006,0.03,0
2026-04-26 18:44:50,29.28,71.91,0.018,0.022,0
2026-04-26 18:44:55,29.3,71.45,0.004,-0.092,0
2026-04-26 18:45:00,29.25,71.54,-0.01,0.018,0
2026-04-26 18:45:05,29.2,72.08,-0.01,0.108,0
2026-04-26 18:45:10,29.18,72.0,-0.004,-0.016,0
2026-04-26 18:45:15,29.24,71.81,0.012,-0.038,0
2026-04-26 18:45:20,29.19,71.5,-0.01,-0.062,0
2026-04-26 18:45:25,33.0,69.44,0.762,-0.412,2
2026-04-26 18:45:30,35.74,67.34,0.548,-0.42,2
2026-04-26 18:45:35,37.7,66.47,0.392,-0.174,2
2026-04-26 18:45:40,38.78,65.92,0.216,-0.11,2
2026-04-26 18:45:45,39.48,65.0,0.14,-0.184,2
2026-04-26 18:45:50,39.89,65.08,0.082,0.016,2
2026-04-26 18:45:55,39.92,64.25,0.006,-0.166,1
2026-04-26 18:46:00,40.19,64.67,0.054,0.084,1
2026-04-26 18:46:05,40.17,63.86,-0.004,-0.162,1
2026-04-26 18:46:10,40.11,64.04,-0.012,0.036,1
2026-04-26 18:46:15,40.3,63.96,0.038,-0.016,1
2026-04-26 18:46:20,40.33,63.83,0.006,-0.026,1
2026-04-26 18:46:25,40.38,63.94,0.01,0.022,1
2026-04-26 18:46:30,40.19,63.74,-0.038,-0.04,1
2026-04-26 18:46:35,40.49,64.08,0.06,0.068,1
2026-04-26 18:46:40,40.47,63.39,-0.004,-0.138,1
2026-04-26 18:46:45,40.47,63.39,0.0,0.0,1
2026-04-26 18:46:50,40.44,63.32,-0.006,-0.014,1
2026-04-26 18:46:55,40.25,63.71,-0.038,0.078,1
2026-04-26 18:47:00,40.26,63.36,0.002,-0.07,1
2026-04-26 18:47:05,29.41,71.11,-2.17,1.55,0
2026-04-26 18:47:10,29.51,70.66,0.02,-0.09,0
2026-04-26 18:47:15,29.38,70.56,-0.026,-0.02,0
2026-04-26 18:47:20,29.49,70.78,0.022,0.044,0
2026-04-26 18:47:25,29.38,70.78,-0.022,0.0,0
2026-04-26 18:47:30,29.5,71.06,0.024,0.056,0
2026-04-26 18:47:35,29.57,70.47,0.014,-0.118,0
2026-04-26 18:47:40,29.51,70.94,-0.012,0.094,0
2026-04-26 18:47:45,29.42,70.74,-0.018,-0.04,0
2026-04-26 18:47:50,29.48,70.89,0.012,0.03,0
2026-04-26 18:47:55,29.4,70.52,-0.016,-0.074,0
2026-04-26 18:48:00,29.45,70.98,0.01,0.092,0
2026-04-26 18:48:05,29.48,71.14,0.006,0.032,0
2026-04-26 18:48:10,29.55,70.96,0.014,-0.036,0
2026-04-26 18:48:15,29.49,70.78,-0.012,-0.036,0
2026-04-26 18:48:20,29.53,71.04,0.008,0.052,0
2026-04-26 18:48:25,29.47,70.37,-0.012,-0.134,0
2026-04-26 18:48:30,29.57,70.49,0.02,0.024,0
2026-04-26 18:48:35,29.65,70.53,0.016,0.008,0
2026-04-26 18:48:40,29.53,70.71,-0.024,0.036,0
2026-04-26 18:48:45,29.52,70.46,-0.002,-0.05,0
2026-04-26 18:48:50,29.57,70.75,0.01,0.058,0
2026-04-26 18:48:55,29.56,70.73,-0.002,-0.004,0
2026-04-26 18:49:00,29.54,70.56,-0.004,-0.034,0
2026-04-26 18:49:05,29.45,70.52,-0.018,-0.008,0
2026-04-26 18:49:10,29.47,70.34,0.004,-0.036,0
2026-04-26 18:49:15,29.5,70.28,0.006,-0.012,0
2026-04-26 18:49:20,29.63,70.75,0.026,0.094,0
2026-04-26 18:49:25,29.45,70.98,-0.036,0.046,0
2026-04-26 18:49:30,29.48,70.61,0.006,-0.074,0
2026-04-26 18:49:35,29.55,70.27,0.014,-0.068,0
2026-04-26 18:49:40,29.45,70.55,-0.02,0.056,0
2026-04-26 18:49:45,29.55,70.74,0.02,0.038,0
2026-04-26 18:49:50,29.51,70.4,-0.008,-0.068,0
2026-04-26 18:49:55,29.63,70.75,0.024,0.07,0
2026-04-26 18:50:00,29.48,70.58,-0.03,-0.034,0
2026-04-26 18:50:05,29.61,70.37,0.026,-0.042,0
2026-04-26 18:50:10,29.55,70.66,-0.012,0.058,0
2026-04-26 18:50:15,29.46,70.64,-0.018,-0.004,0
2026-04-26 18:50:20,29.51,70.74,0.01,0.02,0
2026-04-26 18:50:25,29.51,70.77,0.0,0.006,0
2026-04-26 18:50:30,29.54,70.82,0.006,0.01,0
2026-04-26 18:50:35,30.98,69.28,0.288,-0.308,2
2026-04-26 18:50:40,32.2,68.06,0.244,-0.244,2
2026-04-26 18:50:45,33.32,66.59,0.224,-0.294,2
2026-04-26 18:50:50,34.18,66.23,0.172,-0.072,2
2026-04-26 18:50:55,34.62,65.75,0.088,-0.096,2
2026-04-26 18:51:00,35.03,64.71,0.082,-0.208,2
2026-04-26 18:51:05,34.92,64.54,-0.022,-0.034,2
2026-04-26 18:51:10,35.26,64.68,0.068,0.028,2
2026-04-26 18:51:15,35.15,64.43,-0.022,-0.05,2
2026-04-26 18:51:20,35.27,64.33,0.024,-0.02,2
2026-04-26 18:51:25,35.39,63.72,0.024,-0.122,1
2026-04-26 18:51:30,35.68,63.26,0.058,-0.092,1
2026-04-26 18:51:35,35.71,63.64,0.006,0.076,1
2026-04-26 18:51:40,35.97,63.22,0.052,-0.084,1
2026-04-26 18:51:45,36.06,62.81,0.018,-0.082,1
2026-04-26 18:51:50,36.15,63.07,0.018,0.052,1
2026-04-26 18:51:55,36.29,62.9,0.028,-0.034,1
2026-04-26 18:52:00,36.24,62.81,-0.01,-0.018,1
2026-04-26 18:52:05,36.41,62.58,0.034,-0.046,1
2026-04-26 18:52:10,36.18,62.62,-0.046,0.008,1
2026-04-26 18:52:15,36.38,62.28,0.04,-0.068,1
2026-04-26 18:52:20,29.45,73.88,-1.386,2.32,0
2026-04-26 18:52:25,29.47,74.01,0.004,0.026,0
2026-04-26 18:52:30,29.47,73.82,0.0,-0.038,0
2026-04-26 18:52:35,29.6,73.96,0.026,0.028,0
2026-04-26 18:52:40,29.46,73.57,-0.028,-0.078,0
2026-04-26 18:52:45,29.4,73.44,-0.012,-0.026,0
2026-04-26 18:52:50,29.47,73.93,0.014,0.098,0
2026-04-26 18:52:55,29.5,73.75,0.006,-0.036,0
2026-04-26 18:53:00,29.62,73.8,0.024,0.01,0
2026-04-26 18:53:05,29.45,73.69,-0.034,-0.022,0
2026-04-26 18:53:10,29.5,73.44,0.01,-0.05,0
2026-04-26 18:53:15,29.41,73.72,-0.018,0.056,0
2026-04-26 18:53:20,29.44,73.79,0.006,0.014,0
2026-04-26 18:53:25,29.45,73.9,0.002,0.022,0
2026-04-26 18:53:30,29.52,73.49,0.014,-0.082,0
2026-04-26 18:53:35,29.66,73.42,0.028,-0.014,0
2026-04-26 18:53:40,29.51,73.69,-0.03,0.054,0
2026-04-26 18:53:45,29.55,73.7,0.008,0.002,0
2026-04-26 18:53:50,29.5,73.8,-0.01,0.02,0
2026-04-26 18:53:55,29.5,73.23,0.0,-0.114,0
2026-04-26 18:54:00,29.47,73.5,-0.006,0.054,0
2026-04-26 18:54:05,29.59,73.15,0.024,-0.07,0
2026-04-26 18:54:10,29.39,73.05,-0.04,-0.02,0
2026-04-26 18:54:15,29.44,73.83,0.01,0.156,0
2026-04-26 18:54:20,29.61,73.76,0.034,-0.014,0
2026-04-26 18:54:25,29.45,73.68,-0.032,-0.016,0
2026-04-26 18:54:30,29.47,74.04,0.004,0.072,0
2026-04-26 18:54:35,29.53,73.75,0.012,-0.058,0
2026-04-26 18:54:40,29.42,73.8,-0.022,0.01,0
2026-04-26 18:54:45,29.38,73.43,-0.008,-0.074,0
2026-04-26 18:54:50,29.4,73.73,0.004,0.06,0
2026-04-26 18:54:55,29.55,73.47,0.03,-0.052,0
2026-04-26 18:55:00,29.53,74.07,-0.004,0.12,0
2026-04-26 18:55:05,29.45,73.46,-0.016,-0.122,0
2026-04-26 18:55:10,29.55,73.89,0.02,0.086,0
2026-04-26 18:55:15,29.49,73.95,-0.012,0.012,0
2026-04-26 18:55:20,29.48,73.99,-0.002,0.008,0
2026-04-26 18:55:25,29.52,73.35,0.008,-0.128,0
2026-04-26 18:55:30,29.61,73.95,0.018,0.12,0
2026-04-26 18:55:35,29.28,73.28,-0.066,-0.134,1
2026-04-26 18:55:40,29.54,73.38,0.052,0.02,1
2026-04-26 18:55:45,29.33,73.53,-0.042,0.03,1
2026-04-26 18:55:50,29.38,73.92,0.01,0.078,1
2026-04-26 18:55:55,29.44,73.73,0.012,-0.038,1
2026-04-26 18:56:00,29.46,73.8,0.004,0.014,1
2026-04-26 18:56:05,29.47,73.61,0.002,-0.038,1
2026-04-26 18:56:10,29.53,73.74,0.012,0.026,1
2026-04-26 18:56:15,29.5,73.63,-0.006,-0.022,1
2026-04-26 18:56:20,29.63,73.91,0.026,0.056,0
2026-04-26 18:56:25,29.54,73.61,-0.018,-0.06,0
2026-04-26 18:56:30,29.45,73.54,-0.018,-0.014,0
2026-04-26 18:56:35,29.64,73.76,0.038,0.044,0
2026-04-26 18:56:40,29.69,73.9,0.01,0.028,0
2026-04-26 18:56:45,29.75,73.93,0.012,0.006,0
2026-04-26 18:56:50,29.66,73.64,-0.018,-0.058,0
2026-04-26 18:56:55,29.51,74.31,-0.03,0.134,0
2026-04-26 18:57:00,29.54,73.83,0.006,-0.096,0
2026-04-26 18:57:05,29.67,74.09,0.026,0.052,0
2026-04-26 18:57:10,29.61,73.95,-0.012,-0.028,0
2026-04-26 18:57:15,29.66,73.89,0.01,-0.012,0
2026-04-26 18:57:20,29.58,74.13,-0.016,0.048,0
2026-04-26 18:57:25,29.2,70.99,-0.076,-0.628,0
2026-04-26 18:57:30,29.0,71.13,-0.04,0.028,0
2026-04-26 18:57:35,29.26,71.16,0.052,0.006,0
2026-04-26 18:57:40,29.11,71.35,-0.03,0.038,0
2026-04-26 18:57:45,28.95,70.89,-0.032,-0.092,0
2026-04-26 18:57:50,29.15,71.36,0.04,0.094,0
2026-04-26 18:57:55,29.16,70.96,0.002,-0.08,0
2026-04-26 18:58:00,29.01,70.98,-0.03,0.004,0
2026-04-26 18:58:05,29.14,71.03,0.026,0.01,0
2026-04-26 18:58:10,29.13,71.16,-0.002,0.026,0
2026-04-26 18:58:15,29.16,70.67,0.006,-0.098,0
2026-04-26 18:58:20,29.15,71.14,-0.002,0.094,0
2026-04-26 18:58:25,29.13,71.0,-0.004,-0.028,0
2026-04-26 18:58:30,28.94,71.24,-0.038,0.048,0
2026-04-26 18:58:35,29.08,71.39,0.028,0.03,0
2026-04-26 18:58:40,29.0,71.55,-0.016,0.032,0
2026-04-26 18:58:45,29.18,70.66,0.036,-0.178,0
2026-04-26 18:58:50,29.15,71.13,-0.006,0.094,0
2026-04-26 18:58:55,29.12,71.34,-0.006,0.042,0
2026-04-26 18:59:00,29.11,71.34,-0.002,0.0,0
2026-04-26 18:59:05,29.22,71.15,0.022,-0.038,0
2026-04-26 18:59:10,32.79,67.49,0.714,-0.732,2
2026-04-26 18:59:15,35.43,65.42,0.528,-0.414,2
2026-04-26 18:59:20,37.18,63.25,0.35,-0.434,2
2026-04-26 18:59:25,38.26,62.36,0.216,-0.178,2
2026-04-26 18:59:30,38.85,62.3,0.118,-0.012,2
2026-04-26 18:59:35,39.06,61.41,0.042,-0.178,2
2026-04-26 18:59:40,39.29,61.08,0.046,-0.066,2
2026-04-26 18:59:45,39.47,60.57,0.036,-0.102,2
2026-04-26 18:59:50,39.44,60.15,-0.006,-0.084,2
2026-04-26 18:59:55,39.56,60.08,0.024,-0.014,1
2026-04-26 19:00:00,39.71,59.88,0.03,-0.04,1
2026-04-26 19:00:05,39.88,59.42,0.034,-0.092,1
2026-04-26 19:00:10,39.9,59.16,0.004,-0.052,1
2026-04-26 19:00:15,40.14,59.42,0.048,0.052,1
2026-04-26 19:00:20,40.29,59.34,0.03,-0.016,1
2026-04-26 19:00:25,40.31,59.19,0.004,-0.03,1
2026-04-26 19:00:30,40.25,59.44,-0.012,0.05,1
2026-04-26 19:00:35,40.31,58.95,0.012,-0.098,1
2026-04-26 19:00:40,40.28,59.28,-0.006,0.066,1
2026-04-26 19:00:45,40.3,59.02,0.004,-0.052,1
2026-04-26 19:00:50,40.19,58.99,-0.022,-0.006,1
2026-04-26 19:00:55,40.26,59.42,0.014,0.086,1
2026-04-26 19:01:00,40.3,58.85,0.008,-0.114,1
2026-04-26 19:01:05,40.16,58.85,-0.028,0.0,1
2026-04-26 19:01:10,40.22,58.68,0.012,-0.034,1
2026-04-26 19:01:15,40.32,58.74,0.02,0.012,1
2026-04-26 19:01:20,40.31,59.45,-0.002,0.142,1
2026-04-26 19:01:25,40.38,59.2,0.014,-0.05,1
2026-04-26 19:01:30,28.97,75.12,-2.282,3.184,0
2026-04-26 19:01:35,29.02,74.75,0.01,-0.074,0
2026-04-26 19:01:40,28.92,74.72,-0.02,-0.006,0
2026-04-26 19:01:45,29.02,75.22,0.02,0.1,0
2026-04-26 19:01:50,29.13,74.58,0.022,-0.128,0
2026-04-26 19:01:55,29.06,74.96,-0.014,0.076,0
2026-04-26 19:02:00,29.13,75.25,0.014,0.058,0
2026-04-26 19:02:05,29.08,75.1,-0.01,-0.03,0
2026-04-26 19:02:10,29.11,75.18,0.006,0.016,0
2026-04-26 19:02:15,29.23,75.11,0.024,-0.014,0
2026-04-26 19:02:20,29.13,75.15,-0.02,0.008,0
2026-04-26 19:02:25,29.08,74.81,-0.01,-0.068,0
2026-04-26 19:02:30,29.14,74.92,0.012,0.022,0
2026-04-26 19:02:35,29.13,74.78,-0.002,-0.028,0
2026-04-26 19:02:40,29.02,75.16,-0.022,0.076,0
2026-04-26 19:02:45,29.13,75.11,0.022,-0.01,0
2026-04-26 19:02:50,29.18,75.44,0.01,0.066,0
2026-04-26 19:02:55,29.15,74.79,-0.006,-0.13,0
2026-04-26 19:03:00,29.03,75.11,-0.024,0.064,0
2026-04-26 19:03:05,29.1,75.14,0.014,0.006,0
2026-04-26 19:03:10,29.18,75.4,0.016,0.052,0
2026-04-26 19:03:15,29.02,74.55,-0.032,-0.17,0
2026-04-26 19:03:20,29.02,75.16,0.0,0.122,0
2026-04-26 19:03:25,29.1,74.79,0.016,-0.074,0
2026-04-26 19:03:30,29.21,74.95,0.022,0.032,0
2026-04-26 19:03:35,29.1,75.03,-0.022,0.016,0
2026-04-26 19:03:40,29.1,75.0,0.0,-0.006,0
2026-04-26 19:03:45,29.08,75.05,-0.004,0.01,0
2026-04-26 19:03:50,29.26,75.34,0.036,0.058,1
2026-04-26 19:03:55,29.1,76.25,-0.032,0.182,1
2026-04-26 19:04:00,29.26,76.59,0.032,0.068,1
2026-04-26 19:04:05,29.21,76.76,-0.01,0.034,1
2026-04-26 19:04:10,29.26,77.36,0.01,0.12,1
2026-04-26 19:04:15,29.14,77.9,-0.024,0.108,1
2026-04-26 19:04:20,29.39,78.89,0.05,0.198,1
2026-04-26 19:04:25,29.56,78.7,0.034,-0.038,1
2026-04-26 19:04:30,29.27,78.86,-0.058,0.032,1
2026-04-26 19:04:35,29.37,78.93,0.02,0.014,1
2026-04-26 19:04:40,29.33,79.84,-0.008,0.182,1
2026-04-26 19:04:45,29.59,79.57,0.052,-0.054,1
2026-04-26 19:04:50,29.68,79.82,0.018,0.05,1
2026-04-26 19:04:55,29.45,79.54,-0.046,-0.056,1
2026-04-26 19:05:00,29.51,79.6,0.012,0.012,1
2026-04-26 19:05:05,29.49,79.75,-0.004,0.03,1
2026-04-26 19:05:10,29.76,79.71,0.054,-0.008,1
2026-04-26 19:05:15,29.7,79.84,-0.012,0.026,1
2026-04-26 19:05:20,29.61,79.91,-0.018,0.014,1
2026-04-26 19:05:25,29.68,79.67,0.014,-0.048,1
2026-04-26 19:05:30,29.75,79.89,0.014,0.044,1
2026-04-26 19:05:35,29.65,79.83,-0.02,-0.012,1
2026-04-26 19:05:40,29.79,80.21,0.028,0.076,1
2026-04-26 19:05:45,29.74,80.32,-0.01,0.022,1
2026-04-26 19:05:50,29.66,80.21,-0.016,-0.022,1
2026-04-26 19:05:55,29.62,79.97,-0.008,-0.048,1
2026-04-26 19:06:00,29.81,80.1,0.038,0.026,1
2026-04-26 19:06:05,29.72,80.45,-0.018,0.07,1
2026-04-26 19:06:10,28.88,71.82,-0.168,-1.726,0
2026-04-26 19:06:15,28.96,72.33,0.016,0.102,0
2026-04-26 19:06:20,28.8,71.99,-0.032,-0.068,0
2026-04-26 19:06:25,28.99,71.92,0.038,-0.014,0
2026-04-26 19:06:30,28.83,71.94,-0.032,0.004,0
2026-04-26 19:06:35,28.74,71.92,-0.018,-0.004,0
2026-04-26 19:06:40,28.77,72.07,0.006,0.03,0
2026-04-26 19:06:45,28.89,72.11,0.024,0.008,0
2026-04-26 19:06:50,28.7,72.19,-0.038,0.016,0
2026-04-26 19:06:55,28.82,71.68,0.024,-0.102,0
2026-04-26 19:07:00,28.92,71.94,0.02,0.052,0
2026-04-26 19:07:05,28.95,71.97,0.006,0.006,0
2026-04-26 19:07:10,28.92,71.77,-0.006,-0.04,0
2026-04-26 19:07:15,28.87,71.53,-0.01,-0.048,0
2026-04-26 19:07:20,28.97,72.0,0.02,0.094,0
2026-04-26 19:07:25,28.81,71.84,-0.032,-0.032,0
2026-04-26 19:07:30,28.84,72.05,0.006,0.042,0
2026-04-26 19:07:35,28.96,71.5,0.024,-0.11,0
2026-04-26 19:07:40,28.96,71.5,0.0,0.0,0
2026-04-26 19:07:45,28.87,71.5,-0.018,0.0,0
2026-04-26 19:07:50,28.85,72.06,-0.004,0.112,0
2026-04-26 19:07:55,28.96,71.76,0.022,-0.06,0
2026-04-26 19:08:00,28.93,71.98,-0.006,0.044,0
2026-04-26 19:08:05,28.91,71.77,-0.004,-0.042,0
2026-04-26 19:08:10,28.86,71.37,-0.01,-0.08,0
2026-04-26 19:08:15,28.76,71.5,-0.02,0.026,0
2026-04-26 19:08:20,28.96,72.01,0.04,0.102,0
2026-04-26 19:08:25,29.02,71.77,0.012,-0.048,0
2026-04-26 19:08:30,28.94,71.82,-0.016,0.01,0
2026-04-26 19:08:35,28.84,71.46,-0.02,-0.072,0
2026-04-26 19:08:40,28.77,71.93,-0.014,0.094,0
2026-04-26 19:08:45,29.02,72.22,0.05,0.058,0
2026-04-26 19:08:50,28.86,71.93,-0.032,-0.058,0
2026-04-26 19:08:55,33.1,68.35,0.848,-0.716,2
2026-04-26 19:09:00,35.99,65.16,0.578,-0.638,2
2026-04-26 19:09:05,38.27,63.46,0.456,-0.34,2
2026-04-26 19:09:10,39.4,62.1,0.226,-0.272,2
2026-04-26 19:09:15,40.16,61.05,0.152,-0.21,2
2026-04-26 19:09:20,40.6,60.66,0.088,-0.078,2
2026-04-26 19:09:25,40.64,60.36,0.008,-0.06,2
2026-04-26 19:09:30,40.76,59.83,0.024,-0.106,2
2026-04-26 19:09:35,40.53,59.48,-0.046,-0.07,2
2026-04-26 19:09:40,40.7,59.75,0.034,0.054,2
2026-04-26 19:09:45,40.67,59.5,-0.006,-0.05,2
2026-04-26 19:09:50,40.77,59.25,0.02,-0.05,2
2026-04-26 19:09:55,40.78,59.63,0.002,0.076,2
2026-04-26 19:10:00,40.78,58.98,0.0,-0.13,2
2026-04-26 19:10:05,40.7,59.71,-0.016,0.146,2
2026-04-26 19:10:10,41.08,59.29,0.076,-0.084,1
2026-04-26 19:10:15,41.09,59.22,0.002,-0.014,1
2026-04-26 19:10:20,41.28,59.4,0.038,0.036,1
2026-04-26 19:10:25,41.47,58.62,0.038,-0.156,1
2026-04-26 19:10:30,41.46,58.25,-0.002,-0.074,1
2026-04-26 19:10:35,41.55,58.75,0.018,0.1,1
2026-04-26 19:10:40,41.61,58.79,0.012,0.008,1
2026-04-26 19:10:45,41.59,58.2,-0.004,-0.118,1
2026-04-26 19:10:50,41.5,57.95,-0.018,-0.05,1
2026-04-26 19:10:55,41.54,58.47,0.008,0.104,1
2026-04-26 19:11:00,41.56,58.19,0.004,-0.056,1
2026-04-26 19:11:05,41.48,58.1,-0.016,-0.018,1
2026-04-26 19:11:10,41.55,58.3,0.014,0.04,1
2026-04-26 19:11:15,41.62,58.06,0.014,-0.048,1
2026-04-26 19:11:20,41.6,58.43,-0.004,0.074,1
2026-04-26 19:11:25,28.73,70.28,-2.574,2.37,0
2026-04-26 19:11:30,28.76,70.57,0.006,0.058,0
2026-04-26 19:11:35,28.61,71.04,-0.03,0.094,0
2026-04-26 19:11:40,28.77,70.92,0.032,-0.024,0
2026-04-26 19:11:45,28.82,70.73,0.01,-0.038,0
2026-04-26 19:11:50,28.72,70.42,-0.02,-0.062,0
2026-04-26 19:11:55,28.83,70.92,0.022,0.1,0
2026-04-26 19:12:00,28.77,70.95,-0.012,0.006,0
2026-04-26 19:12:05,28.71,70.96,-0.012,0.002,0
2026-04-26 19:12:10,28.68,71.01,-0.006,0.01,0
2026-04-26 19:12:15,28.57,70.75,-0.022,-0.052,0
2026-04-26 19:12:20,28.86,70.38,0.058,-0.074,0
2026-04-26 19:12:25,28.86,70.82,0.0,0.088,0
2026-04-26 19:12:30,28.76,71.21,-0.02,0.078,0
2026-04-26 19:12:35,28.71,70.81,-0.01,-0.08,0
2026-04-26 19:12:40,28.79,70.9,0.016,0.018,0
2026-04-26 19:12:45,28.77,71.04,-0.004,0.028,0
2026-04-26 19:12:50,28.72,70.68,-0.01,-0.072,0
2026-04-26 19:12:55,28.74,71.04,0.004,0.072,0
2026-04-26 19:13:00,28.71,70.97,-0.006,-0.014,0
2026-04-26 19:13:05,28.76,70.96,0.01,-0.002,0
2026-04-26 19:13:10,28.83,71.44,0.014,0.096,1
2026-04-26 19:13:15,28.8,71.64,-0.006,0.04,1
2026-04-26 19:13:20,28.89,71.96,0.018,0.064,1
2026-04-26 19:13:25,28.8,72.1,-0.018,0.028,1
2026-04-26 19:13:30,28.89,72.07,0.018,-0.006,1
2026-04-26 19:13:35,28.91,72.41,0.004,0.068,1
2026-04-26 19:13:40,28.88,72.54,-0.006,0.026,1
2026-04-26 19:13:45,28.91,72.81,0.006,0.054,1
2026-04-26 19:13:50,28.91,73.27,0.0,0.092,1
2026-04-26 19:13:55,29.01,73.38,0.02,0.022,1
2026-04-26 19:14:00,29.04,72.76,0.006,-0.124,1
2026-04-26 19:14:05,29.02,73.32,-0.004,0.112,1
2026-04-26 19:14:10,28.91,73.72,-0.022,0.08,1
2026-04-26 19:14:15,29.02,73.65,0.022,-0.014,1
2026-04-26 19:14:20,29.08,73.56,0.012,-0.018,1
2026-04-26 19:14:25,29.12,73.19,0.008,-0.074,1
2026-04-26 19:14:30,29.25,73.87,0.026,0.136,1
2026-04-26 19:14:35,29.08,74.03,-0.034,0.032,1
2026-04-26 19:14:40,29.19,74.03,0.022,0.0,1
2026-04-26 19:14:45,29.13,73.8,-0.012,-0.046,1
2026-04-26 19:14:50,29.07,74.01,-0.012,0.042,1
2026-04-26 19:14:55,29.13,73.71,0.012,-0.06,1
2026-04-26 19:15:00,29.34,74.14,0.042,0.086,1
2026-04-26 19:15:05,29.18,73.8,-0.032,-0.068,1
2026-04-26 19:15:10,29.16,73.81,-0.004,0.002,1
2026-04-26 19:15:15,29.2,74.68,0.008,0.174,0
2026-04-26 19:15:20,29.3,74.02,0.02,-0.132,0
2026-04-26 19:15:25,29.29,74.71,-0.002,0.138,0
2026-04-26 19:15:30,29.25,73.92,-0.008,-0.158,0
2026-04-26 19:15:35,29.36,74.35,0.022,0.086,0
2026-04-26 19:15:40,29.27,74.61,-0.018,0.052,0
2026-04-26 19:15:45,29.24,74.8,-0.006,0.038,0
2026-04-26 19:15:50,29.3,74.52,0.012,-0.056,0
2026-04-26 19:15:55,29.36,74.88,0.012,0.072,0
2026-04-26 19:16:00,29.48,74.49,0.024,-0.078,0
2026-04-26 19:16:05,29.3,74.67,-0.036,0.036,0
2026-04-26 19:16:10,29.33,74.69,0.006,0.004,0
2026-04-26 19:16:15,29.35,74.71,0.004,0.004,0
2026-04-26 19:16:20,29.44,74.7,0.018,-0.002,0
2026-04-26 19:16:25,29.28,74.88,-0.032,0.036,0
2026-04-26 19:16:30,29.46,74.53,0.036,-0.07,0
2026-04-26 19:16:35,29.57,74.55,0.022,0.004,0
2026-04-26 19:16:40,29.34,74.25,-0.046,-0.06,0
2026-04-26 19:16:45,29.38,74.67,0.008,0.084,0
2026-04-26 19:16:50,29.35,75.05,-0.006,0.076,0
2026-04-26 19:16:55,29.54,74.64,0.038,-0.082,0
2026-04-26 19:17:00,29.4,74.61,-0.028,-0.006,0
2026-04-26 19:17:05,29.43,74.66,0.006,0.01,0
2026-04-26 19:17:10,29.3,74.47,-0.026,-0.038,0
2026-04-26 19:17:15,29.41,74.54,0.022,0.014,0
2026-04-26 19:17:20,29.39,74.42,-0.004,-0.024,0
2026-04-26 19:17:25,29.49,74.58,0.02,0.032,0
2026-04-26 19:17:30,29.4,74.1,-0.018,-0.096,0
2026-04-26 19:17:35,29.43,74.66,0.006,0.112,0
2026-04-26 19:17:40,29.37,74.67,-0.012,0.002,0
2026-04-26 19:17:45,29.49,74.47,0.024,-0.04,0
2026-04-26 19:17:50,29.34,74.61,-0.03,0.028,0
2026-04-26 19:17:55,29.38,74.59,0.008,-0.004,0
2026-04-26 19:18:00,29.39,74.74,0.002,0.03,0
2026-04-26 19:18:05,29.53,74.47,0.028,-0.054,0
2026-04-26 19:18:10,29.31,74.65,-0.044,0.036,0
2026-04-26 19:18:15,29.55,74.79,0.048,0.028,0
2026-04-26 19:18:20,29.47,74.41,-0.016,-0.076,1
2026-04-26 19:18:25,29.37,74.52,-0.02,0.022,1
2026-04-26 19:18:30,29.41,74.42,0.008,-0.02,1
2026-04-26 19:18:35,29.41,74.74,0.0,0.064,1
2026-04-26 19:18:40,29.51,74.47,0.02,-0.054,1
2026-04-26 19:18:45,29.39,74.21,-0.024,-0.052,0
2026-04-26 19:18:50,29.56,74.32,0.034,0.022,0
2026-04-26 19:18:55,29.39,74.7,-0.034,0.076,0
2026-04-26 19:19:00,29.63,74.42,0.048,-0.056,0
2026-04-26 19:19:05,29.55,74.69,-0.016,0.054,0
2026-04-26 19:19:10,29.53,74.71,-0.004,0.004,0
2026-04-26 19:19:15,29.49,74.93,-0.008,0.044,0
2026-04-26 19:19:20,29.41,75.02,-0.016,0.018,0
2026-04-26 19:19:25,29.48,74.87,0.014,-0.03,0
2026-04-26 19:19:30,29.52,74.44,0.008,-0.086,0
2026-04-26 19:19:35,29.45,74.84,-0.014,0.08,0
2026-04-26 19:19:40,29.66,75.31,0.042,0.094,0
2026-04-26 19:19:45,29.46,75.0,-0.04,-0.062,0
2026-04-26 19:19:50,29.54,75.14,0.016,0.028,0
2026-04-26 19:19:55,29.45,74.3,-0.018,-0.168,0
2026-04-26 19:20:00,29.44,74.84,-0.002,0.108,0
2026-04-26 19:20:05,29.44,74.74,0.0,-0.02,0
2026-04-26 19:20:10,29.41,74.45,-0.006,-0.058,0
2026-04-26 19:20:15,29.49,74.32,0.016,-0.026,0
2026-04-26 19:20:20,29.5,74.55,0.002,0.046,0
2026-04-26 19:20:25,29.42,74.22,-0.016,-0.066,0
2026-04-26 19:20:30,29.38,74.37,-0.008,0.03,0
2026-04-26 19:20:35,29.43,74.23,0.01,-0.028,0
2026-04-26 19:20:40,29.64,74.68,0.042,0.09,0
2026-04-26 19:20:45,29.71,74.05,0.014,-0.126,0
2026-04-26 19:20:50,29.42,74.61,-0.058,0.112,0
2026-04-26 19:20:55,29.44,74.74,0.004,0.026,0
2026-04-26 19:21:00,29.55,74.65,0.022,-0.018,0
2026-04-26 19:21:05,29.52,74.51,-0.006,-0.028,0
2026-04-26 19:21:10,29.61,74.3,0.018,-0.042,0
2026-04-26 19:21:15,29.49,74.14,-0.024,-0.032,0
2026-04-26 19:21:20,29.66,74.27,0.034,0.026,0
2026-04-26 19:21:25,29.52,74.21,-0.028,-0.012,0
2026-04-26 19:21:30,29.57,74.33,0.01,0.024,0
2026-04-26 19:21:35,29.64,74.54,0.014,0.042,0
2026-04-26 19:21:40,29.61,74.26,-0.006,-0.056,0
2026-04-26 19:21:45,29.39,74.76,-0.044,0.1,0
2026-04-26 19:21:50,29.57,74.59,0.036,-0.034,1
2026-04-26 19:21:55,29.5,74.4,-0.014,-0.038,1
2026-04-26 19:22:00,29.5,74.34,0.0,-0.012,1
2026-04-26 19:22:05,29.62,74.25,0.024,-0.018,1
2026-04-26 19:22:10,29.54,74.32,-0.016,0.014,1
2026-04-26 19:22:15,29.6,74.71,0.012,0.078,1
2026-04-26 19:22:20,29.5,74.96,-0.02,0.05,1
2026-04-26 19:22:25,29.65,74.36,0.03,-0.12,1
2026-04-26 19:22:30,29.68,74.59,0.006,0.046,1
2026-04-26 19:22:35,29.67,74.15,-0.002,-0.088,1
2026-04-26 19:22:40,29.56,74.56,-0.022,0.082,1
2026-04-26 19:22:45,29.54,74.86,-0.004,0.06,1
2026-04-26 19:22:50,29.72,74.79,0.036,-0.014,0
2026-04-26 19:22:55,29.68,74.81,-0.008,0.004,0
2026-04-26 19:23:00,29.8,74.4,0.024,-0.082,0
2026-04-26 19:23:05,29.73,74.43,-0.014,0.006,0
2026-04-26 19:23:10,29.61,75.1,-0.024,0.134,0
2026-04-26 19:23:15,29.75,75.29,0.028,0.038,0
2026-04-26 19:23:20,29.63,75.06,-0.024,-0.046,0
2026-04-26 19:23:25,29.73,75.01,0.02,-0.01,0
2026-04-26 19:23:30,29.69,74.74,-0.008,-0.054,0
2026-04-26 19:23:35,29.76,75.09,0.014,0.07,0
2026-04-26 19:23:40,29.87,74.91,0.022,-0.036,0
2026-04-26 19:23:45,29.72,74.99,-0.03,0.016,0
2026-04-26 19:23:50,29.68,75.04,-0.008,0.01,0
2026-04-26 19:23:55,29.66,74.67,-0.004,-0.074,0
2026-04-26 19:24:00,29.78,75.56,0.024,0.178,0
2026-04-26 19:24:05,29.85,75.32,0.014,-0.048,0
2026-04-26 19:24:10,29.88,75.16,0.006,-0.032,0
2026-04-26 19:24:15,29.57,71.83,-0.062,-0.666,0
2026-04-26 19:24:20,29.51,72.08,-0.012,0.05,0
2026-04-26 19:24:25,29.42,71.68,-0.018,-0.08,0
2026-04-26 19:24:30,29.42,72.21,0.0,0.106,0
2026-04-26 19:24:35,29.47,72.16,0.01,-0.01,0
2026-04-26 19:24:40,29.4,71.55,-0.014,-0.122,0
2026-04-26 19:24:45,29.47,72.07,0.014,0.104,0
2026-04-26 19:24:50,29.52,72.4,0.01,0.066,0
2026-04-26 19:24:55,29.51,72.1,-0.002,-0.06,0
2026-04-26 19:25:00,29.5,72.36,-0.002,0.052,0
2026-04-26 19:25:05,29.55,72.01,0.01,-0.07,0
2026-04-26 19:25:10,29.53,71.93,-0.004,-0.016,0
2026-04-26 19:25:15,29.38,72.38,-0.03,0.09,0
2026-04-26 19:25:20,29.52,72.2,0.028,-0.036,0
2026-04-26 19:25:25,29.58,71.97,0.012,-0.046,0
2026-04-26 19:25:30,29.48,72.14,-0.02,0.034,0
2026-04-26 19:25:35,29.34,71.84,-0.028,-0.06,0
2026-04-26 19:25:40,29.61,72.29,0.054,0.09,0
2026-04-26 19:25:45,29.56,71.72,-0.01,-0.114,0
2026-04-26 19:25:50,29.5,72.06,-0.012,0.068,0
2026-04-26 19:25:55,29.62,71.74,0.024,-0.064,0
2026-04-26 19:26:00,29.57,72.15,-0.01,0.082,0
2026-04-26 19:26:05,29.38,72.36,-0.038,0.042,0
2026-04-26 19:26:10,29.37,72.21,-0.002,-0.03,0
2026-04-26 19:26:15,29.52,71.84,0.03,-0.074,0
2026-04-26 19:26:20,29.37,72.02,-0.03,0.036,0
2026-04-26 19:26:25,29.35,72.03,-0.004,0.002,0
2026-04-26 19:26:30,29.46,71.75,0.022,-0.056,0
2026-04-26 19:26:35,29.5,72.1,0.008,0.07,0
2026-04-26 19:26:40,29.45,71.83,-0.01,-0.054,0
2026-04-26 19:26:45,29.48,71.92,0.006,0.018,0
2026-04-26 19:26:50,29.46,71.56,-0.004,-0.072,0
2026-04-26 19:26:55,29.54,71.8,0.016,0.048,0
2026-04-26 19:27:00,29.52,72.41,-0.004,0.122,0
2026-04-26 19:27:05,29.45,72.5,-0.014,0.018,0
2026-04-26 19:27:10,29.46,72.02,0.002,-0.096,0
2026-04-26 19:27:15,29.57,72.4,0.022,0.076,0
2026-04-26 19:27:20,29.59,72.08,0.004,-0.064,0
2026-04-26 19:27:25,29.45,71.71,-0.028,-0.074,0
2026-04-26 19:27:30,29.51,71.67,0.012,-0.008,0
2026-04-26 19:27:35,29.57,72.1,0.012,0.086,0
2026-04-26 19:27:40,29.44,72.49,-0.026,0.078,0
2026-04-26 19:27:45,29.56,72.03,0.024,-0.092,0
2026-04-26 19:27:50,29.49,71.9,-0.014,-0.026,0
2026-04-26 19:27:55,29.4,72.07,-0.018,0.034,0
2026-04-26 19:28:00,29.52,71.77,0.024,-0.06,0
2026-04-26 19:28:05,29.57,71.99,0.01,0.044,0
2026-04-26 19:28:10,29.45,71.75,-0.024,-0.048,0
2026-04-26 19:28:15,29.37,71.52,-0.016,-0.046,0
2026-04-26 19:28:20,29.59,72.53,0.044,0.202,1
2026-04-26 19:28:25,29.54,73.0,-0.01,0.094,1
2026-04-26 19:28:30,29.49,73.35,-0.01,0.07,1
2026-04-26 19:28:35,29.64,74.47,0.03,0.224,1
2026-04-26 19:28:40,29.55,74.79,-0.018,0.064,1
2026-04-26 19:28:45,29.57,74.72,0.004,-0.014,1
2026-04-26 19:28:50,29.72,75.71,0.03,0.198,1
2026-04-26 19:28:55,29.72,75.02,0.0,-0.138,1
2026-04-26 19:29:00,29.65,76.09,-0.014,0.214,1
2026-04-26 19:29:05,29.77,75.54,0.024,-0.11,1
2026-04-26 19:29:10,29.74,75.64,-0.006,0.02,1
2026-04-26 19:29:15,29.73,76.39,-0.002,0.15,1
2026-04-26 19:29:20,29.77,76.05,0.008,-0.068,1
2026-04-26 19:29:25,29.84,76.2,0.014,0.03,1
2026-04-26 19:29:30,29.96,76.14,0.024,-0.012,1
2026-04-26 19:29:35,29.74,76.2,-0.044,0.012,1
2026-04-26 19:29:40,29.93,76.02,0.038,-0.036,1
2026-04-26 19:29:45,29.77,76.51,-0.032,0.098,1
2026-04-26 19:29:50,30.0,76.03,0.046,-0.096,1
2026-04-26 19:29:55,30.02,76.33,0.004,0.06,1
2026-04-26 19:30:00,29.88,76.07,-0.028,-0.052,1
2026-04-26 19:30:05,29.94,76.57,0.012,0.1,1
2026-04-26 19:30:10,29.9,76.26,-0.008,-0.062,1
2026-04-26 19:30:15,29.96,76.2,0.012,-0.012,1
2026-04-26 19:30:20,29.84,76.15,-0.024,-0.01,1
2026-04-26 19:30:25,29.83,76.15,-0.002,0.0,1
2026-04-26 19:30:30,29.83,76.35,0.0,0.04,1
2026-04-26 19:30:35,29.99,76.09,0.032,-0.052,1
2026-04-26 19:30:40,29.19,71.13,-0.16,-0.992,0
2026-04-26 19:30:45,29.24,71.33,0.01,0.04,0
2026-04-26 19:30:50,29.12,71.1,-0.024,-0.046,0
2026-04-26 19:30:55,29.15,71.0,0.006,-0.02,0
2026-04-26 19:31:00,29.32,70.57,0.034,-0.086,0
2026-04-26 19:31:05,29.22,70.95,-0.02,0.076,0
2026-04-26 19:31:10,29.21,71.15,-0.002,0.04,0
2026-04-26 19:31:15,29.34,71.09,0.026,-0.012,0
2026-04-26 19:31:20,29.14,70.73,-0.04,-0.072,0
2026-04-26 19:31:25,29.23,70.79,0.018,0.012,0
2026-04-26 19:31:30,29.22,71.35,-0.002,0.112,0
2026-04-26 19:31:35,29.19,71.23,-0.006,-0.024,0
2026-04-26 19:31:40,29.33,71.18,0.028,-0.01,0
2026-04-26 19:31:45,29.33,71.0,0.0,-0.036,0
2026-04-26 19:31:50,29.28,71.32,-0.01,0.064,0
2026-04-26 19:31:55,29.4,71.2,0.024,-0.024,0
2026-04-26 19:32:00,29.19,70.97,-0.042,-0.046,0
2026-04-26 19:32:05,29.31,71.04,0.024,0.014,0
2026-04-26 19:32:10,29.21,70.8,-0.02,-0.048,0
2026-04-26 19:32:15,29.19,70.86,-0.004,0.012,0
2026-04-26 19:32:20,29.31,70.95,0.024,0.018,0
2026-04-26 19:32:25,29.07,71.33,-0.048,0.076,0
2026-04-26 19:32:30,29.26,71.24,0.038,-0.018,0
2026-04-26 19:32:35,29.15,70.69,-0.022,-0.11,0
2026-04-26 19:32:40,29.15,71.0,0.0,0.062,0
2026-04-26 19:32:45,29.26,71.01,0.022,0.002,0
2026-04-26 19:32:50,29.17,71.32,-0.018,0.062,0
2026-04-26 19:32:55,29.23,71.17,0.012,-0.03,0
2026-04-26 19:33:00,29.38,70.5,0.03,-0.134,0
2026-04-26 19:33:05,29.58,70.82,0.04,0.064,1
2026-04-26 19:33:10,29.9,70.15,0.064,-0.134,1
2026-04-26 19:33:15,29.96,70.11,0.012,-0.008,1
2026-04-26 19:33:20,30.33,69.77,0.074,-0.068,1
2026-04-26 19:33:25,30.38,69.11,0.01,-0.132,1
2026-04-26 19:33:30,30.75,69.1,0.074,-0.002,1
2026-04-26 19:33:35,30.86,68.23,0.022,-0.174,1
2026-04-26 19:33:40,31.18,68.71,0.064,0.096,1
2026-04-26 19:33:45,31.22,68.15,0.008,-0.112,1
2026-04-26 19:33:50,31.24,67.93,0.004,-0.044,1
2026-04-26 19:33:55,31.45,68.14,0.042,0.042,1
2026-04-26 19:34:00,31.43,68.31,-0.004,0.034,1
2026-04-26 19:34:05,31.4,67.97,-0.006,-0.068,1
2026-04-26 19:34:10,31.28,68.24,-0.024,0.054,1
2026-04-26 19:34:15,31.57,68.4,0.058,0.032,1
2026-04-26 19:34:20,31.47,68.34,-0.02,-0.012,1
2026-04-26 19:34:25,31.66,68.05,0.038,-0.058,1
2026-04-26 19:34:30,31.52,68.16,-0.028,0.022,1
2026-04-26 19:34:35,31.65,68.47,0.026,0.062,1
2026-04-26 19:34:40,31.63,68.62,-0.004,0.03,1
2026-04-26 19:34:45,31.63,68.44,0.0,-0.036,1
2026-04-26 19:34:50,28.94,72.78,-0.538,0.868,0
2026-04-26 19:34:55,29.04,72.37,0.02,-0.082,0
2026-04-26 19:35:00,29.15,72.2,0.022,-0.034,0
2026-04-26 19:35:05,29.08,72.35,-0.014,0.03,0
2026-04-26 19:35:10,29.2,72.36,0.024,0.002,0
2026-04-26 19:35:15,29.15,72.58,-0.01,0.044,0
2026-04-26 19:35:20,29.04,72.5,-0.022,-0.016,0
2026-04-26 19:35:25,29.14,72.55,0.02,0.01,0
2026-04-26 19:35:30,29.02,72.19,-0.024,-0.072,0
2026-04-26 19:35:35,29.01,72.62,-0.002,0.086,0
2026-04-26 19:35:40,29.17,72.4,0.032,-0.044,0
2026-04-26 19:35:45,29.15,72.35,-0.004,-0.01,0
2026-04-26 19:35:50,28.99,72.35,-0.032,0.0,0
2026-04-26 19:35:55,29.1,72.59,0.022,0.048,0
2026-04-26 19:36:00,29.1,72.64,0.0,0.01,0
2026-04-26 19:36:05,29.25,72.92,0.03,0.056,0
2026-04-26 19:36:10,28.96,72.8,-0.058,-0.024,0
2026-04-26 19:36:15,29.04,72.59,0.016,-0.042,0
2026-04-26 19:36:20,29.26,72.52,0.044,-0.014,0
2026-04-26 19:36:25,29.13,72.51,-0.026,-0.002,0
2026-04-26 19:36:30,28.93,72.64,-0.04,0.026,0
2026-04-26 19:36:35,29.18,72.5,0.05,-0.028,0
2026-04-26 19:36:40,29.17,72.57,-0.002,0.014,0
2026-04-26 19:36:45,29.18,72.35,0.002,-0.044,0
2026-04-26 19:36:50,29.08,72.77,-0.02,0.084,0
2026-04-26 19:36:55,29.17,72.55,0.018,-0.044,0
2026-04-26 19:37:00,29.07,72.73,-0.02,0.036,0
2026-04-26 19:37:05,29.04,72.23,-0.006,-0.1,0
2026-04-26 19:37:10,28.98,72.53,-0.012,0.06,0
2026-04-26 19:37:15,28.96,72.94,-0.004,0.082,0
2026-04-26 19:37:20,29.09,72.83,0.026,-0.022,0
2026-04-26 19:37:25,29.14,72.43,0.01,-0.08,0
2026-04-26 19:37:30,29.16,72.46,0.004,0.006,0
2026-04-26 19:37:35,29.16,72.8,0.0,0.068,0
2026-04-26 19:37:40,29.17,72.33,0.002,-0.094,0
2026-04-26 19:37:45,29.13,72.31,-0.008,-0.004,0
2026-04-26 19:37:50,29.15,71.97,0.004,-0.068,0
2026-04-26 19:37:55,28.93,73.37,-0.044,0.28,1
2026-04-26 19:38:00,29.05,74.1,0.024,0.146,1
2026-04-26 19:38:05,29.13,74.21,0.016,0.022,1
2026-04-26 19:38:10,29.14,74.72,0.002,0.102,1
2026-04-26 19:38:15,29.02,75.47,-0.024,0.15,1
2026-04-26 19:38:20,29.05,75.81,0.006,0.068,1
2026-04-26 19:38:25,29.13,76.1,0.016,0.058,1
2026-04-26 19:38:30,29.09,76.43,-0.008,0.066,1
2026-04-26 19:38:35,29.15,77.22,0.012,0.158,1
2026-04-26 19:38:40,29.14,77.19,-0.002,-0.006,1
2026-04-26 19:38:45,29.14,77.19,0.0,0.0,1
2026-04-26 19:38:50,29.13,77.61,-0.002,0.084,1
2026-04-26 19:38:55,29.19,77.75,0.012,0.028,1
2026-04-26 19:39:00,29.13,78.44,-0.012,0.138,1
2026-04-26 19:39:05,29.12,78.48,-0.002,0.008,1
2026-04-26 19:39:10,29.24,78.97,0.024,0.098,1
2026-04-26 19:39:15,29.26,77.93,0.004,-0.208,1
2026-04-26 19:39:20,29.4,78.65,0.028,0.144,1
2026-04-26 19:39:25,29.26,78.6,-0.028,-0.01,1
2026-04-26 19:39:30,29.27,78.72,0.002,0.024,1
2026-04-26 19:39:35,29.24,78.31,-0.006,-0.082,1
2026-04-26 19:39:40,29.31,78.86,0.014,0.11,1
2026-04-26 19:39:45,29.44,78.91,0.026,0.01,1
2026-04-26 19:39:50,29.48,78.63,0.008,-0.056,1
2026-04-26 19:39:55,29.5,78.81,0.004,0.036,1
2026-04-26 19:40:00,29.49,78.94,-0.002,0.026,1
2026-04-26 19:40:05,29.5,78.93,0.002,-0.002,1
2026-04-26 19:40:10,29.32,78.58,-0.036,-0.07,1
2026-04-26 19:40:15,29.26,70.49,-0.012,-1.618,0
2026-04-26 19:40:20,29.43,70.83,0.034,0.068,0
2026-04-26 19:40:25,29.24,71.32,-0.038,0.098,0
2026-04-26 19:40:30,29.32,70.89,0.016,-0.086,0
2026-04-26 19:40:35,29.29,70.67,-0.006,-0.044,0
2026-04-26 19:40:40,29.35,71.31,0.012,0.128,0
2026-04-26 19:40:45,29.39,70.76,0.008,-0.11,0
2026-04-26 19:40:50,29.38,71.29,-0.002,0.106,0
2026-04-26 19:40:55,29.21,71.26,-0.034,-0.006,0
2026-04-26 19:41:00,29.38,71.28,0.034,0.004,0
2026-04-26 19:41:05,29.2,71.39,-0.036,0.022,0
2026-04-26 19:41:10,29.41,71.25,0.042,-0.028,0
2026-04-26 19:41:15,29.34,71.13,-0.014,-0.024,0
2026-04-26 19:41:20,29.43,71.22,0.018,0.018,0
2026-04-26 19:41:25,29.22,71.24,-0.042,0.004,0
2026-04-26 19:41:30,29.24,71.11,0.004,-0.026,0
2026-04-26 19:41:35,29.26,70.99,0.004,-0.024,0
2026-04-26 19:41:40,29.38,70.74,0.024,-0.05,0
2026-04-26 19:41:45,29.3,71.01,-0.016,0.054,0
2026-04-26 19:41:50,29.34,71.2,0.008,0.038,0
2026-04-26 19:41:55,29.44,71.16,0.02,-0.008,0
2026-04-26 19:42:00,29.33,71.19,-0.022,0.006,0
2026-04-26 19:42:05,29.32,71.02,-0.002,-0.034,0
2026-04-26 19:42:10,29.27,71.41,-0.01,0.078,0
2026-04-26 19:42:15,29.39,70.99,0.024,-0.084,0
2026-04-26 19:42:20,29.29,70.73,-0.02,-0.052,0
2026-04-26 19:42:25,29.4,70.79,0.022,0.012,0
2026-04-26 19:42:30,29.35,71.49,-0.01,0.14,0
2026-04-26 19:42:35,29.27,71.5,-0.016,0.002,0
2026-04-26 19:42:40,29.27,70.74,0.0,-0.152,0
2026-04-26 19:42:45,29.23,71.14,-0.008,0.08,0
2026-04-26 19:42:50,29.35,71.34,0.024,0.04,0
2026-04-26 19:42:55,29.31,71.3,-0.008,-0.008,0
2026-04-26 19:43:00,29.6,71.0,0.058,-0.06,1
2026-04-26 19:43:05,29.65,70.93,0.01,-0.014,1
2026-04-26 19:43:10,29.79,70.47,0.028,-0.092,1
2026-04-26 19:43:15,29.9,70.5,0.022,0.006,1
2026-04-26 19:43:20,30.17,70.5,0.054,0.0,1
2026-04-26 19:43:25,30.36,70.23,0.038,-0.054,1
2026-04-26 19:43:30,30.51,69.83,0.03,-0.08,1
2026-04-26 19:43:35,30.49,70.07,-0.004,0.048,1
2026-04-26 19:43:40,30.69,69.59,0.04,-0.096,1
2026-04-26 19:43:45,30.79,69.36,0.02,-0.046,1
2026-04-26 19:43:50,30.77,69.25,-0.004,-0.022,1
2026-04-26 19:43:55,30.85,69.63,0.016,0.076,1
2026-04-26 19:44:00,30.9,69.33,0.01,-0.06,1
2026-04-26 19:44:05,31.19,69.62,0.058,0.058,1
2026-04-26 19:44:10,31.08,69.87,-0.022,0.05,1
2026-04-26 19:44:15,31.17,69.63,0.018,-0.048,1
2026-04-26 19:44:20,31.21,70.01,0.008,0.076,1
2026-04-26 19:44:25,31.22,70.08,0.002,0.014,1
2026-04-26 19:44:30,31.15,69.94,-0.014,-0.028,1
2026-04-26 19:44:35,31.26,69.72,0.022,-0.044,1
2026-04-26 19:44:40,31.24,70.38,-0.004,0.132,1
2026-04-26 19:44:45,31.1,69.83,-0.028,-0.11,1
2026-04-26 19:44:50,29.35,74.46,-0.35,0.926,0
2026-04-26 19:44:55,29.17,74.4,-0.036,-0.012,0
2026-04-26 19:45:00,29.22,74.54,0.01,0.028,0
2026-04-26 19:45:05,29.3,74.59,0.016,0.01,0
2026-04-26 19:45:10,29.34,74.8,0.008,0.042,0
2026-04-26 19:45:15,29.32,74.95,-0.004,0.03,0
2026-04-26 19:45:20,29.23,74.8,-0.018,-0.03,0
2026-04-26 19:45:25,29.26,74.38,0.006,-0.084,0
2026-04-26 19:45:30,29.39,74.98,0.026,0.12,0
2026-04-26 19:45:35,29.33,74.76,-0.012,-0.044,0
2026-04-26 19:45:40,29.28,74.65,-0.01,-0.022,0
2026-04-26 19:45:45,29.36,74.5,0.016,-0.03,0
2026-04-26 19:45:50,29.28,74.75,-0.016,0.05,0
2026-04-26 19:45:55,29.28,74.63,0.0,-0.024,0
2026-04-26 19:46:00,29.23,75.18,-0.01,0.11,0
2026-04-26 19:46:05,29.24,74.92,0.002,-0.052,0
2026-04-26 19:46:10,29.41,74.87,0.034,-0.01,0
2026-04-26 19:46:15,29.3,74.97,-0.022,0.02,0
2026-04-26 19:46:20,29.4,74.71,0.02,-0.052,0
2026-04-26 19:46:25,29.37,74.7,-0.006,-0.002,0
2026-04-26 19:46:30,29.27,74.83,-0.02,0.026,0
2026-04-26 19:46:35,29.28,74.52,0.002,-0.062,0
2026-04-26 19:46:40,29.35,74.54,0.014,0.004,0
2026-04-26 19:46:45,29.3,75.0,-0.01,0.092,0
2026-04-26 19:46:50,29.39,74.76,0.018,-0.048,0
2026-04-26 19:46:55,29.39,74.86,0.0,0.02,0
2026-04-26 19:47:00,29.26,74.37,-0.026,-0.098,0
2026-04-26 19:47:05,29.33,74.52,0.014,0.03,0
2026-04-26 19:47:10,29.35,74.68,0.004,0.032,0
2026-04-26 19:47:15,29.41,74.86,0.012,0.036,0
2026-04-26 19:47:20,29.27,74.7,-0.028,-0.032,0
2026-04-26 19:47:25,29.34,74.29,0.014,-0.082,0
2026-04-26 19:47:30,29.33,74.65,-0.002,0.072,0
2026-04-26 19:47:35,29.27,74.61,-0.012,-0.008,0
2026-04-26 19:47:40,29.41,74.65,0.028,0.008,0
2026-04-26 19:47:45,29.43,74.96,0.004,0.062,0
2026-04-26 19:47:50,29.38,74.56,-0.01,-0.08,0
2026-04-26 19:47:55,29.29,75.02,-0.018,0.092,0
2026-04-26 19:48:00,29.38,74.67,0.018,-0.07,0
2026-04-26 19:48:05,29.46,75.02,0.016,0.07,0
2026-04-26 19:48:10,29.49,74.7,0.006,-0.064,0
2026-04-26 19:48:15,29.38,74.59,-0.022,-0.022,0
2026-04-26 19:48:20,29.47,74.99,0.018,0.08,0
2026-04-26 19:48:25,29.49,75.08,0.004,0.018,0
2026-04-26 19:48:30,29.44,75.16,-0.01,0.016,0
2026-04-26 19:48:35,29.34,74.38,-0.02,-0.156,0
2026-04-26 19:48:40,29.41,75.99,0.014,0.322,1
2026-04-26 19:48:45,29.4,76.07,-0.002,0.016,1
2026-04-26 19:48:50,29.3,77.1,-0.02,0.206,1
2026-04-26 19:48:55,29.38,77.18,0.016,0.016,1
2026-04-26 19:49:00,29.35,78.1,-0.006,0.184,1
2026-04-26 19:49:05,29.42,77.83,0.014,-0.054,1
2026-04-26 19:49:10,29.34,78.31,-0.016,0.096,1
2026-04-26 19:49:15,29.36,79.11,0.004,0.16,1
2026-04-26 19:49:20,29.6,78.68,0.048,-0.086,1
2026-04-26 19:49:25,29.7,78.89,0.02,0.042,1
2026-04-26 19:49:30,29.53,79.31,-0.034,0.084,1
2026-04-26 19:49:35,29.55,79.12,0.004,-0.038,1
2026-04-26 19:49:40,29.6,78.88,0.01,-0.048,1
2026-04-26 19:49:45,29.46,79.21,-0.028,0.066,1
2026-04-26 19:49:50,29.61,79.23,0.03,0.004,1
2026-04-26 19:49:55,29.54,79.03,-0.014,-0.04,1
2026-04-26 19:50:00,29.53,78.96,-0.002,-0.014,1
2026-04-26 19:50:05,29.67,78.89,0.028,-0.014,1
2026-04-26 19:50:10,29.59,79.3,-0.016,0.082,1
2026-04-26 19:50:15,29.7,78.98,0.022,-0.064,1
2026-04-26 19:50:20,29.53,79.28,-0.034,0.06,1
2026-04-26 19:50:25,29.7,79.1,0.034,-0.036,1
2026-04-26 19:50:30,28.7,71.07,-0.2,-1.606,0
2026-04-26 19:50:35,28.67,70.88,-0.006,-0.038,0
2026-04-26 19:50:40,28.69,70.86,0.004,-0.004,0
2026-04-26 19:50:45,28.77,70.78,0.016,-0.016,0
2026-04-26 19:50:50,28.69,71.29,-0.016,0.102,0
2026-04-26 19:50:55,28.66,70.86,-0.006,-0.086,0
2026-04-26 19:51:00,28.67,71.07,0.002,0.042,0
2026-04-26 19:51:05,28.59,71.0,-0.016,-0.014,0
2026-04-26 19:51:10,28.6,71.05,0.002,0.01,0
2026-04-26 19:51:15,28.63,71.19,0.006,0.028,0
2026-04-26 19:51:20,28.79,71.59,0.032,0.08,0
2026-04-26 19:51:25,28.53,71.14,-0.052,-0.09,0
2026-04-26 19:51:30,28.64,71.19,0.022,0.01,0
2026-04-26 19:51:35,28.66,70.45,0.004,-0.148,0
2026-04-26 19:51:40,28.79,71.11,0.026,0.132,0
2026-04-26 19:51:45,28.59,71.26,-0.04,0.03,0
2026-04-26 19:51:50,28.59,70.62,0.0,-0.128,0
2026-04-26 19:51:55,28.75,70.6,0.032,-0.004,0
2026-04-26 19:52:00,28.72,71.04,-0.006,0.088,0
2026-04-26 19:52:05,28.7,70.85,-0.004,-0.038,0
2026-04-26 19:52:10,28.63,71.12,-0.014,0.054,0
2026-04-26 19:52:15,28.58,70.69,-0.01,-0.086,0
2026-04-26 19:52:20,28.62,70.7,0.008,0.002,0
2026-04-26 19:52:25,28.74,70.95,0.024,0.05,0
2026-04-26 19:52:30,28.74,70.97,0.0,0.004,0
2026-04-26 19:52:35,28.81,71.08,0.014,0.022,0
2026-04-26 19:52:40,28.6,71.38,-0.042,0.06,0
2026-04-26 19:52:45,28.61,70.73,0.002,-0.13,0
2026-04-26 19:52:50,28.61,71.48,0.0,0.15,0
2026-04-26 19:52:55,28.56,71.16,-0.01,-0.064,0
2026-04-26 19:53:00,28.52,70.96,-0.008,-0.04,0
2026-04-26 19:53:05,28.58,70.65,0.012,-0.062,0
2026-04-26 19:53:10,28.81,70.95,0.046,0.06,0
2026-04-26 19:53:15,28.84,71.12,0.006,0.034,0
2026-04-26 19:53:20,28.56,70.96,-0.056,-0.032,0
2026-04-26 19:53:25,28.63,70.6,0.014,-0.072,0
2026-04-26 19:53:30,28.72,70.65,0.018,0.01,0
2026-04-26 19:53:35,28.57,71.2,-0.03,0.11,1
2026-04-26 19:53:40,28.57,71.01,0.0,-0.038,1
2026-04-26 19:53:45,28.69,70.93,0.024,-0.016,1
2026-04-26 19:53:50,28.54,70.74,-0.03,-0.038,1
2026-04-26 19:53:55,28.66,70.74,0.024,0.0,1
2026-04-26 19:54:00,28.76,70.99,0.02,0.05,0
2026-04-26 19:54:05,28.88,71.28,0.024,0.058,0
2026-04-26 19:54:10,28.68,71.29,-0.04,0.002,0
2026-04-26 19:54:15,28.87,71.48,0.038,0.038,0
2026-04-26 19:54:20,28.71,71.26,-0.032,-0.044,0
2026-04-26 19:54:25,28.84,71.45,0.026,0.038,0
2026-04-26 19:54:30,28.75,71.54,-0.018,0.018,0
2026-04-26 19:54:35,28.77,71.47,0.004,-0.014,0
2026-04-26 19:54:40,28.68,71.56,-0.018,0.018,0
2026-04-26 19:54:45,28.84,71.62,0.032,0.012,0
2026-04-26 19:54:50,28.8,71.12,-0.008,-0.1,0
2026-04-26 19:54:55,28.8,71.01,0.0,-0.022,0
2026-04-26 19:55:00,28.77,71.57,-0.006,0.112,0
2026-04-26 19:55:05,28.78,71.11,0.002,-0.092,0
2026-04-26 19:55:10,28.95,70.88,0.034,-0.046,0
2026-04-26 19:55:15,28.89,74.27,-0.012,0.678,0
2026-04-26 19:55:20,28.95,74.41,0.012,0.028,0
2026-04-26 19:55:25,29.02,74.33,0.014,-0.016,0
2026-04-26 19:55:30,28.91,75.0,-0.022,0.134,0
2026-04-26 19:55:35,28.93,74.33,0.004,-0.134,0
2026-04-26 19:55:40,28.96,74.57,0.006,0.048,0
2026-04-26 19:55:45,29.14,74.28,0.036,-0.058,0
2026-04-26 19:55:50,28.96,74.62,-0.036,0.068,0
2026-04-26 19:55:55,29.07,74.55,0.022,-0.014,0
2026-04-26 19:56:00,29.05,74.8,-0.004,0.05,0
2026-04-26 19:56:05,28.98,74.86,-0.014,0.012,0
2026-04-26 19:56:10,29.05,74.25,0.014,-0.122,0
2026-04-26 19:56:15,29.06,74.4,0.002,0.03,0
2026-04-26 19:56:20,29.05,74.69,-0.002,0.058,0
2026-04-26 19:56:25,28.96,74.76,-0.018,0.014,0
2026-04-26 19:56:30,29.15,74.85,0.038,0.018,0
2026-04-26 19:56:35,29.12,74.64,-0.006,-0.042,0
2026-04-26 19:56:40,29.04,74.69,-0.016,0.01,0
2026-04-26 19:56:45,29.0,74.63,-0.008,-0.012,0
2026-04-26 19:56:50,29.07,74.62,0.014,-0.002,0
2026-04-26 19:56:55,28.99,74.68,-0.016,0.012,0
2026-04-26 19:57:00,28.95,75.04,-0.008,0.072,0
2026-04-26 19:57:05,29.15,74.4,0.04,-0.128,0
2026-04-26 19:57:10,29.07,74.62,-0.016,0.044,0
2026-04-26 19:57:15,29.11,74.91,0.008,0.058,0
2026-04-26 19:57:20,29.12,75.17,0.002,0.052,0
2026-04-26 19:57:25,29.16,74.84,0.008,-0.066,0
2026-04-26 19:57:30,28.97,74.51,-0.038,-0.066,0
2026-04-26 19:57:35,28.94,74.67,-0.006,0.032,0
2026-04-26 19:57:40,29.01,74.62,0.014,-0.01,0
2026-04-26 19:57:45,29.01,74.71,0.0,0.018,0
2026-04-26 19:57:50,29.04,75.62,0.006,0.182,1
2026-04-26 19:57:55,29.16,76.06,0.024,0.088,1
2026-04-26 19:58:00,29.17,75.78,0.002,-0.056,1
2026-04-26 19:58:05,29.27,76.5,0.02,0.144,1
2026-04-26 19:58:10,29.19,76.69,-0.016,0.038,1
2026-04-26 19:58:15,29.35,77.06,0.032,0.074,1
2026-04-26 19:58:20,29.28,76.77,-0.014,-0.058,1
2026-04-26 19:58:25,29.44,77.18,0.032,0.082,1
2026-04-26 19:58:30,29.38,77.2,-0.012,0.004,1
2026-04-26 19:58:35,29.3,77.59,-0.016,0.078,1
2026-04-26 19:58:40,29.44,77.92,0.028,0.066,1
2026-04-26 19:58:45,29.32,77.16,-0.024,-0.152,1
2026-04-26 19:58:50,29.41,77.21,0.018,0.01,1
2026-04-26 19:58:55,29.51,77.92,0.02,0.142,1
2026-04-26 19:59:00,29.4,77.14,-0.022,-0.156,1
2026-04-26 19:59:05,29.48,77.7,0.016,0.112,1
2026-04-26 19:59:10,29.41,77.4,-0.014,-0.06,1
2026-04-26 19:59:15,29.44,77.85,0.006,0.09,1
2026-04-26 19:59:20,29.47,77.22,0.006,-0.126,1
2026-04-26 19:59:25,29.55,77.4,0.016,0.036,1
2026-04-26 19:59:30,29.42,77.86,-0.026,0.092,1
2026-04-26 19:59:35,29.49,77.73,0.014,-0.026,1
2026-04-26 19:59:40,29.48,77.01,-0.002,-0.144,1
2026-04-26 19:59:45,28.84,72.64,-0.128,-0.874,0
2026-04-26 19:59:50,28.88,72.59,0.008,-0.01,0
2026-04-26 19:59:55,28.96,71.81,0.016,-0.156,0
2026-04-26 20:00:00,28.9,71.89,-0.012,0.016,0
2026-04-26 20:00:05,28.88,71.76,-0.004,-0.026,0
2026-04-26 20:00:10,28.85,72.21,-0.006,0.09,0
2026-04-26 20:00:15,28.81,72.09,-0.008,-0.024,0
2026-04-26 20:00:20,28.8,72.43,-0.002,0.068,0
2026-04-26 20:00:25,28.86,72.06,0.012,-0.074,0
2026-04-26 20:00:30,28.76,71.89,-0.02,-0.034,0
2026-04-26 20:00:35,28.8,72.17,0.008,0.056,0
2026-04-26 20:00:40,28.77,72.27,-0.006,0.02,0
2026-04-26 20:00:45,28.88,71.75,0.022,-0.104,0
2026-04-26 20:00:50,28.82,71.77,-0.012,0.004,0
2026-04-26 20:00:55,28.85,71.97,0.006,0.04,0
2026-04-26 20:01:00,28.82,72.3,-0.006,0.066,0
2026-04-26 20:01:05,28.86,72.29,0.008,-0.002,0
2026-04-26 20:01:10,28.69,72.1,-0.034,-0.038,0
2026-04-26 20:01:15,28.94,71.93,0.05,-0.034,0
2026-04-26 20:01:20,28.8,71.9,-0.028,-0.006,0
2026-04-26 20:01:25,28.64,71.97,-0.032,0.014,0
2026-04-26 20:01:30,28.83,72.13,0.038,0.032,0
2026-04-26 20:01:35,28.79,72.13,-0.008,0.0,0
2026-04-26 20:01:40,29.0,71.77,0.042,-0.072,0
2026-04-26 20:01:45,28.74,71.96,-0.052,0.038,0
2026-04-26 20:01:50,28.76,72.3,0.004,0.068,1
2026-04-26 20:01:55,28.93,72.37,0.034,0.014,1
2026-04-26 20:02:00,28.86,71.73,-0.014,-0.128,1
2026-04-26 20:02:05,28.93,72.12,0.014,0.078,1
2026-04-26 20:02:10,28.76,72.32,-0.034,0.04,1
2026-04-26 20:02:15,28.9,72.09,0.028,-0.046,1
2026-04-26 20:02:20,28.75,72.36,-0.03,0.054,1
2026-04-26 20:02:25,28.77,71.99,0.004,-0.074,0
2026-04-26 20:02:30,28.97,71.91,0.04,-0.016,0
2026-04-26 20:02:35,28.83,71.94,-0.028,0.006,0
2026-04-26 20:02:40,28.99,72.13,0.032,0.038,0
2026-04-26 20:02:45,28.84,72.6,-0.03,0.094,0
2026-04-26 20:02:50,28.87,72.79,0.006,0.038,0
2026-04-26 20:02:55,28.91,72.43,0.008,-0.072,0
2026-04-26 20:03:00,29.01,72.46,0.02,0.006,0
2026-04-26 20:03:05,29.02,72.22,0.002,-0.048,0
2026-04-26 20:03:10,28.78,72.49,-0.048,0.054,0
2026-04-26 20:03:15,29.02,72.41,0.048,-0.016,0
2026-04-26 20:03:20,28.98,72.38,-0.008,-0.006,0
2026-04-26 20:03:25,29.01,72.43,0.006,0.01,0
2026-04-26 20:03:30,28.92,72.18,-0.018,-0.05,0
2026-04-26 20:03:35,28.56,73.33,-0.072,0.23,0
2026-04-26 20:03:40,28.48,73.86,-0.016,0.106,0
2026-04-26 20:03:45,28.56,73.72,0.016,-0.028,0
2026-04-26 20:03:50,28.68,73.85,0.024,0.026,0
2026-04-26 20:03:55,28.37,73.47,-0.062,-0.076,0
2026-04-26 20:04:00,28.44,73.97,0.014,0.1,0
2026-04-26 20:04:05,28.57,74.03,0.026,0.012,0
2026-04-26 20:04:10,28.41,73.74,-0.032,-0.058,0
2026-04-26 20:04:15,28.51,73.65,0.02,-0.018,0
2026-04-26 20:04:20,28.41,73.81,-0.02,0.032,0
2026-04-26 20:04:25,28.65,73.57,0.048,-0.048,0
2026-04-26 20:04:30,28.38,73.42,-0.054,-0.03,0
2026-04-26 20:04:35,28.57,73.72,0.038,0.06,0
2026-04-26 20:04:40,28.45,73.76,-0.024,0.008,0
2026-04-26 20:04:45,28.38,73.63,-0.014,-0.026,0
2026-04-26 20:04:50,28.47,73.97,0.018,0.068,0
2026-04-26 20:04:55,28.54,73.66,0.014,-0.062,0
2026-04-26 20:05:00,28.59,73.8,0.01,0.028,0
2026-04-26 20:05:05,28.5,73.7,-0.018,-0.02,0
2026-04-26 20:05:10,28.52,73.61,0.004,-0.018,0
2026-04-26 20:05:15,28.5,73.81,-0.004,0.04,0
2026-04-26 20:05:20,28.57,73.55,0.014,-0.052,0
2026-04-26 20:05:25,28.56,73.67,-0.002,0.024,0
2026-04-26 20:05:30,28.57,73.52,0.002,-0.03,0
2026-04-26 20:05:35,28.44,74.01,-0.026,0.098,0
2026-04-26 20:05:40,28.62,73.47,0.036,-0.108,0
2026-04-26 20:05:45,28.59,73.61,-0.006,0.028,0
2026-04-26 20:05:50,28.59,73.44,0.0,-0.034,0
2026-04-26 20:05:55,28.52,73.91,-0.014,0.094,0
2026-04-26 20:06:00,28.57,73.74,0.01,-0.034,0
2026-04-26 20:06:05,28.63,73.63,0.012,-0.022,0
2026-04-26 20:06:10,28.58,73.44,-0.01,-0.038,0
2026-04-26 20:06:15,28.44,73.56,-0.028,0.024,0
2026-04-26 20:06:20,28.58,73.41,0.028,-0.03,0
2026-04-26 20:06:25,28.6,73.84,0.004,0.086,0
2026-04-26 20:06:30,28.56,73.55,-0.008,-0.058,0
2026-04-26 20:06:35,28.59,73.65,0.006,0.02,0
2026-04-26 20:06:40,28.61,73.27,0.004,-0.076,0
2026-04-26 20:06:45,28.5,73.54,-0.022,0.054,0
2026-04-26 20:06:50,28.46,74.03,-0.008,0.098,0
2026-04-26 20:06:55,28.43,73.35,-0.006,-0.136,0
2026-04-26 20:07:00,28.49,73.61,0.012,0.052,0
2026-04-26 20:07:05,28.38,73.95,-0.022,0.068,0
2026-04-26 20:07:10,28.46,73.28,0.016,-0.134,0
2026-04-26 20:07:15,28.56,73.53,0.02,0.05,0
2026-04-26 20:07:20,28.46,73.72,-0.02,0.038,0
2026-04-26 20:07:25,28.56,73.69,0.02,-0.006,0
2026-04-26 20:07:30,28.57,73.83,0.002,0.028,0
2026-04-26 20:07:35,28.39,73.58,-0.036,-0.05,0
2026-04-26 20:07:40,28.46,73.67,0.014,0.018,0
2026-04-26 20:07:45,32.18,69.5,0.744,-0.834,2
2026-04-26 20:07:50,34.55,67.63,0.474,-0.374,2
2026-04-26 20:07:55,36.29,66.19,0.348,-0.288,2
2026-04-26 20:08:00,37.42,64.78,0.226,-0.282,2
2026-04-26 20:08:05,37.87,64.16,0.09,-0.124,2
2026-04-26 20:08:10,38.06,64.18,0.038,0.004,1
2026-04-26 20:08:15,38.34,64.29,0.056,0.022,1
2026-04-26 20:08:20,38.51,63.66,0.034,-0.126,1
2026-04-26 20:08:25,38.68,63.6,0.034,-0.012,1
2026-04-26 20:08:30,38.8,62.95,0.024,-0.13,1
2026-04-26 20:08:35,38.81,63.12,0.002,0.034,1
2026-04-26 20:08:40,38.85,63.16,0.008,0.008,1
2026-04-26 20:08:45,38.67,62.92,-0.036,-0.048,1
2026-04-26 20:08:50,38.57,63.31,-0.02,0.078,1
2026-04-26 20:08:55,38.79,63.19,0.044,-0.024,1
2026-04-26 20:09:00,38.83,62.56,0.008,-0.126,1
2026-04-26 20:09:05,38.61,63.02,-0.044,0.092,1
2026-04-26 20:09:10,38.76,62.8,0.03,-0.044,1
2026-04-26 20:09:15,38.73,63.03,-0.006,0.046,1
2026-04-26 20:09:20,38.81,63.39,0.016,0.072,1
2026-04-26 20:09:25,38.83,62.48,0.004,-0.182,1
2026-04-26 20:09:30,38.83,62.58,0.0,0.02,1
2026-04-26 20:09:35,29.0,70.3,-1.966,1.544,0
2026-04-26 20:09:40,28.95,70.29,-0.01,-0.002,0
2026-04-26 20:09:45,29.0,70.35,0.01,0.012,0
2026-04-26 20:09:50,29.07,69.92,0.014,-0.086,0
2026-04-26 20:09:55,28.98,70.38,-0.018,0.092,0
2026-04-26 20:10:00,29.12,70.31,0.028,-0.014,0
2026-04-26 20:10:05,28.98,70.32,-0.028,0.002,0
2026-04-26 20:10:10,28.98,69.72,0.0,-0.12,0
2026-04-26 20:10:15,29.05,70.43,0.014,0.142,0
2026-04-26 20:10:20,29.1,70.29,0.01,-0.028,0
2026-04-26 20:10:25,29.04,70.28,-0.012,-0.002,0
2026-04-26 20:10:30,29.21,70.09,0.034,-0.038,0
2026-04-26 20:10:35,29.09,70.28,-0.024,0.038,0
2026-04-26 20:10:40,29.12,70.08,0.006,-0.04,0
2026-04-26 20:10:45,29.07,69.87,-0.01,-0.042,0
2026-04-26 20:10:50,29.2,70.35,0.026,0.096,0
2026-04-26 20:10:55,29.17,69.75,-0.006,-0.12,0
2026-04-26 20:11:00,29.19,70.19,0.004,0.088,0
2026-04-26 20:11:05,29.14,70.16,-0.01,-0.006,0
2026-04-26 20:11:10,29.01,70.05,-0.026,-0.022,0
2026-04-26 20:11:15,29.29,69.84,0.056,-0.042,0
2026-04-26 20:11:20,29.11,70.09,-0.036,0.05,0
2026-04-26 20:11:25,29.19,70.18,0.016,0.018,0
2026-04-26 20:11:30,29.14,70.2,-0.01,0.004,0
2026-04-26 20:11:35,29.19,70.4,0.01,0.04,0
2026-04-26 20:11:40,29.04,70.05,-0.03,-0.07,0
2026-04-26 20:11:45,29.21,70.19,0.034,0.028,0
2026-04-26 20:11:50,29.07,70.52,-0.028,0.066,0
2026-04-26 20:11:55,29.2,70.15,0.026,-0.074,0
2026-04-26 20:12:00,29.07,70.29,-0.026,0.028,0
2026-04-26 20:12:05,29.11,70.51,0.008,0.044,0
2026-04-26 20:12:10,29.12,70.61,0.002,0.02,0
2026-04-26 20:12:15,29.15,70.15,0.006,-0.092,0
2026-04-26 20:12:20,29.07,70.32,-0.016,0.034,0
2026-04-26 20:12:25,29.16,70.34,0.018,0.004,0
2026-04-26 20:12:30,29.07,69.84,-0.018,-0.1,0
2026-04-26 20:12:35,29.23,69.78,0.032,-0.012,0
2026-04-26 20:12:40,29.23,70.14,0.0,0.072,0
2026-04-26 20:12:45,29.26,70.31,0.006,0.034,0
2026-04-26 20:12:50,29.2,69.76,-0.012,-0.11,0
2026-04-26 20:12:55,29.21,69.74,0.002,-0.004,0
2026-04-26 20:13:00,29.09,70.58,-0.024,0.168,0
2026-04-26 20:13:05,29.16,70.02,0.014,-0.112,0
2026-04-26 20:13:10,29.05,69.95,-0.022,-0.014,0
2026-04-26 20:13:15,29.15,69.95,0.02,0.0,0
2026-04-26 20:13:20,29.09,70.46,-0.012,0.102,0
2026-04-26 20:13:25,29.13,69.91,0.008,-0.11,0
2026-04-26 20:13:30,29.22,70.1,0.018,0.038,0
2026-04-26 20:13:35,29.2,70.24,-0.004,0.028,0
2026-04-26 20:13:40,29.2,70.16,0.0,-0.016,1
2026-04-26 20:13:45,29.2,70.7,0.0,0.108,1
2026-04-26 20:13:50,29.13,71.38,-0.014,0.136,1
2026-04-26 20:13:55,29.21,71.48,0.016,0.02,1
2026-04-26 20:14:00,29.25,71.8,0.008,0.064,1
2026-04-26 20:14:05,29.34,71.81,0.018,0.002,1
2026-04-26 20:14:10,29.23,71.84,-0.022,0.006,1
2026-04-26 20:14:15,29.27,72.26,0.008,0.084,1
2026-04-26 20:14:20,29.27,72.39,0.0,0.026,1
2026-04-26 20:14:25,29.57,72.47,0.06,0.016,1
2026-04-26 20:14:30,29.42,72.93,-0.03,0.092,1
2026-04-26 20:14:35,29.42,73.03,0.0,0.02,1
2026-04-26 20:14:40,29.5,73.09,0.016,0.012,1
2026-04-26 20:14:45,29.41,73.51,-0.018,0.084,1
2026-04-26 20:14:50,29.39,72.78,-0.004,-0.146,1
2026-04-26 20:14:55,29.43,72.78,0.008,0.0,1
2026-04-26 20:15:00,29.44,72.96,0.002,0.036,1
2026-04-26 20:15:05,29.4,73.06,-0.008,0.02,1
2026-04-26 20:15:10,29.45,73.03,0.01,-0.006,1
2026-04-26 20:15:15,29.52,73.15,0.014,0.024,1
2026-04-26 20:15:20,28.91,72.53,-0.122,-0.124,0
2026-04-26 20:15:25,28.94,72.69,0.006,0.032,0
2026-04-26 20:15:30,28.79,73.48,-0.03,0.158,0
2026-04-26 20:15:35,28.94,73.05,0.03,-0.086,0
2026-04-26 20:15:40,28.97,72.96,0.006,-0.018,0
2026-04-26 20:15:45,28.88,73.06,-0.018,0.02,0
2026-04-26 20:15:50,28.93,73.46,0.01,0.08,0
2026-04-26 20:15:55,28.92,72.98,-0.002,-0.096,0
2026-04-26 20:16:00,29.04,72.96,0.024,-0.004,0
2026-04-26 20:16:05,28.91,73.31,-0.026,0.07,0
2026-04-26 20:16:10,28.97,73.22,0.012,-0.018,0
2026-04-26 20:16:15,28.94,73.68,-0.006,0.092,0
2026-04-26 20:16:20,29.02,73.04,0.016,-0.128,0
2026-04-26 20:16:25,28.84,73.45,-0.036,0.082,0
2026-04-26 20:16:30,28.95,72.91,0.022,-0.108,0
2026-04-26 20:16:35,28.91,72.77,-0.008,-0.028,0
2026-04-26 20:16:40,28.95,73.35,0.008,0.116,0
2026-04-26 20:16:45,29.17,73.29,0.044,-0.012,0
2026-04-26 20:16:50,29.05,73.2,-0.024,-0.018,0
2026-04-26 20:16:55,29.0,73.12,-0.01,-0.016,0
2026-04-26 20:17:00,28.96,73.28,-0.008,0.032,0
2026-04-26 20:17:05,29.05,72.81,0.018,-0.094,0
2026-04-26 20:17:10,29.02,73.25,-0.006,0.088,0
2026-04-26 20:17:15,28.96,73.2,-0.012,-0.01,0
2026-04-26 20:17:20,29.08,73.1,0.024,-0.02,0
2026-04-26 20:17:25,29.01,73.41,-0.014,0.062,0
2026-04-26 20:17:30,29.0,72.97,-0.002,-0.088,0
2026-04-26 20:17:35,29.14,73.42,0.028,0.09,0
2026-04-26 20:17:40,29.19,73.23,0.01,-0.038,0
2026-04-26 20:17:45,29.07,73.36,-0.024,0.026,0
2026-04-26 20:17:50,28.85,72.83,-0.044,-0.106,0
2026-04-26 20:17:55,29.05,73.09,0.04,0.052,0
2026-04-26 20:18:00,29.15,73.08,0.02,-0.002,0
2026-04-26 20:18:05,28.98,73.37,-0.034,0.058,0
2026-04-26 20:18:10,29.07,73.42,0.018,0.01,0
2026-04-26 20:18:15,28.95,73.06,-0.024,-0.072,0
2026-04-26 20:18:20,28.87,73.09,-0.016,0.006,0
2026-04-26 20:18:25,29.01,72.79,0.028,-0.06,0
2026-04-26 20:18:30,29.17,73.44,0.032,0.13,0
2026-04-26 20:18:35,29.05,73.28,-0.024,-0.032,0
2026-04-26 20:18:40,33.28,70.1,0.846,-0.636,2
2026-04-26 20:18:45,36.32,67.51,0.608,-0.518,2
2026-04-26 20:18:50,38.49,65.95,0.434,-0.312,2
2026-04-26 20:18:55,39.9,65.1,0.282,-0.17,2
2026-04-26 20:19:00,40.6,64.23,0.14,-0.174,2
2026-04-26 20:19:05,41.18,63.59,0.116,-0.128,2
2026-04-26 20:19:10,41.3,63.3,0.024,-0.058,2
2026-04-26 20:19:15,41.28,63.38,-0.004,0.016,2
2026-04-26 20:19:20,41.31,62.78,0.006,-0.12,2
2026-04-26 20:19:25,41.52,62.44,0.042,-0.068,1
2026-04-26 20:19:30,41.6,62.84,0.016,0.08,1
2026-04-26 20:19:35,41.77,61.94,0.034,-0.18,1
2026-04-26 20:19:40,41.87,61.89,0.02,-0.01,1
2026-04-26 20:19:45,42.04,61.57,0.034,-0.064,1
2026-04-26 20:19:50,42.07,61.53,0.006,-0.008,1
2026-04-26 20:19:55,42.04,61.4,-0.006,-0.026,1
2026-04-26 20:20:00,41.99,61.64,-0.01,0.048,1
2026-04-26 20:20:05,41.92,61.58,-0.014,-0.012,1
2026-04-26 20:20:10,42.02,61.42,0.02,-0.032,1
2026-04-26 20:20:15,42.06,61.27,0.008,-0.03,1
2026-04-26 20:20:20,42.09,61.43,0.006,0.032,1
2026-04-26 20:20:25,42.02,61.17,-0.014,-0.052,1
2026-04-26 20:20:30,42.12,61.44,0.02,0.054,1
2026-04-26 20:20:35,42.11,61.5,-0.002,0.012,1
2026-04-26 20:20:40,42.15,61.13,0.008,-0.074,1
2026-04-26 20:20:45,42.04,61.46,-0.022,0.066,1
2026-04-26 20:20:50,42.17,61.15,0.026,-0.062,1
2026-04-26 20:20:55,42.09,61.73,-0.016,0.116,1
2026-04-26 20:21:00,42.15,60.87,0.012,-0.172,1
2026-04-26 20:21:05,28.98,71.55,-2.634,2.136,0
2026-04-26 20:21:10,28.85,71.54,-0.026,-0.002,0
2026-04-26 20:21:15,28.99,72.07,0.028,0.106,0
2026-04-26 20:21:20,28.86,71.19,-0.026,-0.176,0
2026-04-26 20:21:25,29.01,72.01,0.03,0.164,0
2026-04-26 20:21:30,28.91,71.37,-0.02,-0.128,0
2026-04-26 20:21:35,29.02,72.01,0.022,0.128,0
2026-04-26 20:21:40,28.91,71.44,-0.022,-0.114,0
2026-04-26 20:21:45,29.11,71.16,0.04,-0.056,0
2026-04-26 20:21:50,28.92,71.36,-0.038,0.04,0
2026-04-26 20:21:55,28.99,71.62,0.014,0.052,0
2026-04-26 20:22:00,28.92,72.26,-0.014,0.128,0
2026-04-26 20:22:05,28.89,71.88,-0.006,-0.076,0
2026-04-26 20:22:10,28.96,71.31,0.014,-0.114,0
2026-04-26 20:22:15,28.89,72.13,-0.014,0.164,0
2026-04-26 20:22:20,28.97,71.83,0.016,-0.06,0
2026-04-26 20:22:25,28.98,71.54,0.002,-0.058,0
2026-04-26 20:22:30,28.82,72.13,-0.032,0.118,0
2026-04-26 20:22:35,29.05,71.64,0.046,-0.098,0
2026-04-26 20:22:40,29.03,71.95,-0.004,0.062,0
2026-04-26 20:22:45,29.02,71.93,-0.002,-0.004,0
2026-04-26 20:22:50,28.92,71.73,-0.02,-0.04,0
2026-04-26 20:22:55,29.01,71.88,0.018,0.03,0
2026-04-26 20:23:00,28.92,71.95,-0.018,0.014,0
2026-04-26 20:23:05,28.88,71.93,-0.008,-0.004,0
2026-04-26 20:23:10,28.85,71.91,-0.006,-0.004,0
2026-04-26 20:23:15,29.04,71.64,0.038,-0.054,0
2026-04-26 20:23:20,28.92,71.46,-0.024,-0.036,0
2026-04-26 20:23:25,28.93,72.1,0.002,0.128,0
2026-04-26 20:23:30,29.04,71.49,0.022,-0.122,0
2026-04-26 20:23:35,28.85,71.51,-0.038,0.004,0
2026-04-26 20:23:40,28.93,71.75,0.016,0.048,0
2026-04-26 20:23:45,28.99,72.1,0.012,0.07,0
2026-04-26 20:23:50,28.93,71.86,-0.012,-0.048,0
2026-04-26 20:23:55,29.1,71.82,0.034,-0.008,0
2026-04-26 20:24:00,28.89,71.7,-0.042,-0.024,0
2026-04-26 20:24:05,32.28,68.2,0.678,-0.7,2
2026-04-26 20:24:10,34.64,64.78,0.472,-0.684,2
2026-04-26 20:24:15,36.53,62.63,0.378,-0.43,2
2026-04-26 20:24:20,37.37,61.21,0.168,-0.284,2
2026-04-26 20:24:25,38.09,60.19,0.144,-0.204,2
2026-04-26 20:24:30,38.26,60.18,0.034,-0.002,2
2026-04-26 20:24:35,38.41,59.51,0.03,-0.134,2
2026-04-26 20:24:40,38.46,58.51,0.01,-0.2,2
2026-04-26 20:24:45,38.59,58.71,0.026,0.04,1
2026-04-26 20:24:50,38.94,58.15,0.07,-0.112,1
2026-04-26 20:24:55,39.0,58.06,0.012,-0.018,1
2026-04-26 20:25:00,39.2,58.17,0.04,0.022,1
2026-04-26 20:25:05,39.3,57.8,0.02,-0.074,1
2026-04-26 20:25:10,39.18,57.77,-0.024,-0.006,1
2026-04-26 20:25:15,39.18,57.68,0.0,-0.018,1
2026-04-26 20:25:20,39.42,57.42,0.048,-0.052,1
2026-04-26 20:25:25,39.23,57.49,-0.038,0.014,1
2026-04-26 20:25:30,39.28,56.92,0.01,-0.114,1
2026-04-26 20:25:35,39.28,57.07,0.0,0.03,1
2026-04-26 20:25:40,29.13,74.08,-2.03,3.402,0
2026-04-26 20:25:45,28.98,73.58,-0.03,-0.1,0
2026-04-26 20:25:50,29.05,74.28,0.014,0.14,0
2026-04-26 20:25:55,29.1,74.39,0.01,0.022,0
2026-04-26 20:26:00,29.03,73.86,-0.014,-0.106,0
2026-04-26 20:26:05,28.94,74.27,-0.018,0.082,0
2026-04-26 20:26:10,28.88,73.89,-0.012,-0.076,0
2026-04-26 20:26:15,29.01,74.37,0.026,0.096,0
2026-04-26 20:26:20,29.09,73.77,0.016,-0.12,0
2026-04-26 20:26:25,28.85,74.19,-0.048,0.084,0
2026-04-26 20:26:30,28.97,74.02,0.024,-0.034,0
2026-04-26 20:26:35,28.92,73.63,-0.01,-0.078,0
2026-04-26 20:26:40,29.02,73.86,0.02,0.046,0
2026-04-26 20:26:45,28.91,74.24,-0.022,0.076,0
2026-04-26 20:26:50,28.99,73.98,0.016,-0.052,0
2026-04-26 20:26:55,29.05,73.62,0.012,-0.072,0
2026-04-26 20:27:00,29.02,74.49,-0.006,0.174,0
2026-04-26 20:27:05,29.1,74.12,0.016,-0.074,0
2026-04-26 20:27:10,28.99,74.05,-0.022,-0.014,0
2026-04-26 20:27:15,29.01,73.87,0.004,-0.036,0
2026-04-26 20:27:20,29.08,73.75,0.014,-0.024,0
2026-04-26 20:27:25,28.98,73.64,-0.02,-0.022,0
2026-04-26 20:27:30,28.95,73.87,-0.006,0.046,0
2026-04-26 20:27:35,28.88,73.95,-0.014,0.016,0
2026-04-26 20:27:40,28.88,73.54,0.0,-0.082,0
2026-04-26 20:27:45,28.97,74.13,0.018,0.118,0
2026-04-26 20:27:50,29.1,74.45,0.026,0.064,0
2026-04-26 20:27:55,29.04,73.83,-0.012,-0.124,0
2026-04-26 20:28:00,29.0,74.36,-0.008,0.106,0
2026-04-26 20:28:05,30.79,72.39,0.358,-0.394,2
2026-04-26 20:28:10,32.28,71.88,0.298,-0.102,2
2026-04-26 20:28:15,33.66,70.79,0.276,-0.218,2
2026-04-26 20:28:20,34.75,70.63,0.218,-0.032,2
2026-04-26 20:28:25,35.36,69.7,0.122,-0.186,2
2026-04-26 20:28:30,35.72,69.19,0.072,-0.102,2
2026-04-26 20:28:35,36.03,68.77,0.062,-0.084,2
2026-04-26 20:28:40,36.12,68.26,0.018,-0.102,2
2026-04-26 20:28:45,36.04,68.05,-0.016,-0.042,2
2026-04-26 20:28:50,36.03,67.93,-0.002,-0.024,2
2026-04-26 20:28:55,36.06,67.88,0.006,-0.01,2
2026-04-26 20:29:00,36.18,67.9,0.024,0.004,2
2026-04-26 20:29:05,36.32,67.13,0.028,-0.154,1
2026-04-26 20:29:10,36.59,67.17,0.054,0.008,1
2026-04-26 20:29:15,36.78,66.71,0.038,-0.092,1
2026-04-26 20:29:20,36.97,66.26,0.038,-0.09,1
2026-04-26 20:29:25,37.03,66.0,0.012,-0.052,1
2026-04-26 20:29:30,37.29,66.44,0.052,0.088,1
2026-04-26 20:29:35,37.34,65.57,0.01,-0.174,1
2026-04-26 20:29:40,37.51,65.74,0.034,0.034,1
2026-04-26 20:29:45,37.43,65.62,-0.016,-0.024,1
2026-04-26 20:29:50,37.43,65.73,0.0,0.022,1
2026-04-26 20:29:55,37.39,65.19,-0.008,-0.108,1
2026-04-26 20:30:00,37.44,65.04,0.01,-0.03,1
2026-04-26 20:30:05,37.23,65.64,-0.042,0.12,1
2026-04-26 20:30:10,37.39,65.55,0.032,-0.018,1
2026-04-26 20:30:15,37.51,65.3,0.024,-0.05,1
2026-04-26 20:30:20,37.43,65.34,-0.016,0.008,1
2026-04-26 20:30:25,37.49,65.37,0.012,0.006,1
2026-04-26 20:30:30,37.5,65.04,0.002,-0.066,1
2026-04-26 20:30:35,37.34,64.94,-0.032,-0.02,1
2026-04-26 20:30:40,37.43,64.76,0.018,-0.036,1
2026-04-26 20:30:45,29.37,74.27,-1.612,1.902,0
2026-04-26 20:30:50,29.17,74.23,-0.04,-0.008,0
2026-04-26 20:30:55,29.25,74.35,0.016,0.024,0
2026-04-26 20:31:00,29.26,74.5,0.002,0.03,0
2026-04-26 20:31:05,29.33,74.01,0.014,-0.098,0
2026-04-26 20:31:10,29.27,74.33,-0.012,0.064,0
2026-04-26 20:31:15,29.19,74.59,-0.016,0.052,0
2026-04-26 20:31:20,29.33,74.04,0.028,-0.11,0
2026-04-26 20:31:25,29.28,74.2,-0.01,0.032,0
2026-04-26 20:31:30,29.25,74.21,-0.006,0.002,0
2026-04-26 20:31:35,29.25,74.47,0.0,0.052,0
2026-04-26 20:31:40,29.32,73.95,0.014,-0.104,0
2026-04-26 20:31:45,29.32,74.04,0.0,0.018,0
2026-04-26 20:31:50,29.29,73.97,-0.006,-0.014,0
2026-04-26 20:31:55,29.19,74.39,-0.02,0.084,0
2026-04-26 20:32:00,29.41,73.82,0.044,-0.114,0
2026-04-26 20:32:05,29.43,73.71,0.004,-0.022,0
2026-04-26 20:32:10,29.29,74.35,-0.028,0.128,0
2026-04-26 20:32:15,29.23,74.09,-0.012,-0.052,0
2026-04-26 20:32:20,29.32,74.01,0.018,-0.016,0
2026-04-26 20:32:25,29.34,74.09,0.004,0.016,0
2026-04-26 20:32:30,29.26,74.02,-0.016,-0.014,0
2026-04-26 20:32:35,29.34,74.42,0.016,0.08,0
2026-04-26 20:32:40,29.3,74.0,-0.008,-0.084,0
2026-04-26 20:32:45,29.31,73.9,0.002,-0.02,0
2026-04-26 20:32:50,29.37,73.82,0.012,-0.016,0
2026-04-26 20:32:55,29.26,74.39,-0.022,0.114,0
2026-04-26 20:33:00,29.23,74.2,-0.006,-0.038,0
2026-04-26 20:33:05,29.39,73.94,0.032,-0.052,0
2026-04-26 20:33:10,29.45,74.32,0.012,0.076,0
2026-04-26 20:33:15,29.21,73.81,-0.048,-0.102,0
2026-04-26 20:33:20,29.42,74.02,0.042,0.042,0
2026-04-26 20:33:25,29.36,74.13,-0.012,0.022,0
2026-04-26 20:33:30,29.37,74.3,0.002,0.034,0
2026-04-26 20:33:35,29.44,73.95,0.014,-0.07,0
2026-04-26 20:33:40,29.36,74.37,-0.016,0.084,0
2026-04-26 20:33:45,29.39,73.43,0.006,-0.188,0
2026-04-26 20:33:50,29.42,73.71,0.006,0.056,0
2026-04-26 20:33:55,29.32,74.37,-0.02,0.132,0
2026-04-26 20:34:00,29.28,74.05,-0.008,-0.064,0
2026-04-26 20:34:05,29.4,74.16,0.024,0.022,0
2026-04-26 20:34:10,29.46,74.01,0.012,-0.03,0
2026-04-26 20:34:15,29.35,73.95,-0.022,-0.012,0
2026-04-26 20:34:20,29.29,74.26,-0.012,0.062,0
2026-04-26 20:34:25,29.59,73.44,0.06,-0.164,1
2026-04-26 20:34:30,29.92,73.56,0.066,0.024,1
2026-04-26 20:34:35,30.01,73.07,0.018,-0.098,1
2026-04-26 20:34:40,30.37,73.24,0.072,0.034,1
2026-04-26 20:34:45,30.55,72.88,0.036,-0.072,1
2026-04-26 20:34:50,30.74,72.63,0.038,-0.05,1
2026-04-26 20:34:55,30.89,72.7,0.03,0.014,1
2026-04-26 20:35:00,31.13,72.54,0.048,-0.032,1
2026-04-26 20:35:05,31.28,72.3,0.03,-0.048,1
2026-04-26 20:35:10,31.24,72.04,-0.008,-0.052,1
2026-04-26 20:35:15,31.44,71.99,0.04,-0.01,1
2026-04-26 20:35:20,31.53,72.07,0.018,0.016,1
2026-04-26 20:35:25,31.78,72.08,0.05,0.002,1
2026-04-26 20:35:30,31.81,71.81,0.006,-0.054,1
2026-04-26 20:35:35,31.97,72.04,0.032,0.046,1
2026-04-26 20:35:40,31.95,72.15,-0.004,0.022,1
2026-04-26 20:35:45,31.86,72.14,-0.018,-0.002,1
2026-04-26 20:35:50,31.91,72.46,0.01,0.064,1
2026-04-26 20:35:55,32.04,72.44,0.026,-0.004,1
2026-04-26 20:36:00,31.95,72.02,-0.018,-0.084,1
2026-04-26 20:36:05,31.98,72.27,0.006,0.05,1
2026-04-26 20:36:10,31.98,72.33,0.0,0.012,1
2026-04-26 20:36:15,32.1,72.6,0.024,0.054,1
2026-04-26 20:36:20,32.07,72.65,-0.006,0.01,1
2026-04-26 20:36:25,32.08,72.59,0.002,-0.012,1
2026-04-26 20:36:30,32.19,72.63,0.022,0.008,1
2026-04-26 20:36:35,32.15,73.01,-0.008,0.076,1
2026-04-26 20:36:40,31.83,72.83,-0.064,-0.036,1
2026-04-26 20:36:45,28.79,71.35,-0.608,-0.296,0
2026-04-26 20:36:50,28.78,71.91,-0.002,0.112,0
2026-04-26 20:36:55,28.63,71.44,-0.03,-0.094,0
2026-04-26 20:37:00,28.72,71.54,0.018,0.02,0
2026-04-26 20:37:05,29.02,71.42,0.06,-0.024,0
2026-04-26 20:37:10,28.83,71.5,-0.038,0.016,0
2026-04-26 20:37:15,28.74,70.93,-0.018,-0.114,0
2026-04-26 20:37:20,28.83,71.62,0.018,0.138,0
2026-04-26 20:37:25,28.82,71.59,-0.002,-0.006,0
2026-04-26 20:37:30,28.79,71.63,-0.006,0.008,0
2026-04-26 20:37:35,28.87,71.02,0.016,-0.122,0
2026-04-26 20:37:40,28.83,71.33,-0.008,0.062,0
2026-04-26 20:37:45,28.92,70.92,0.018,-0.082,0
2026-04-26 20:37:50,28.79,71.05,-0.026,0.026,0
2026-04-26 20:37:55,28.83,71.55,0.008,0.1,0
2026-04-26 20:38:00,28.73,71.43,-0.02,-0.024,0
2026-04-26 20:38:05,28.89,71.13,0.032,-0.06,0
2026-04-26 20:38:10,28.76,71.5,-0.026,0.074,0
2026-04-26 20:38:15,28.75,71.34,-0.002,-0.032,0
2026-04-26 20:38:20,28.78,70.99,0.006,-0.07,0
2026-04-26 20:38:25,28.78,71.32,0.0,0.066,0
2026-04-26 20:38:30,28.72,70.94,-0.012,-0.076,0
2026-04-26 20:38:35,28.78,71.4,0.012,0.092,0
2026-04-26 20:38:40,28.87,71.0,0.018,-0.08,0
2026-04-26 20:38:45,28.82,71.47,-0.01,0.094,0
2026-04-26 20:38:50,28.86,71.05,0.008,-0.084,0
2026-04-26 20:38:55,28.84,71.18,-0.004,0.026,0
2026-04-26 20:39:00,28.77,71.28,-0.014,0.02,0
2026-04-26 20:39:05,28.81,71.14,0.008,-0.028,0
2026-04-26 20:39:10,28.72,71.66,-0.018,0.104,0
2026-04-26 20:39:15,28.93,70.66,0.042,-0.2,0
2026-04-26 20:39:20,28.96,71.28,0.006,0.124,0
2026-04-26 20:39:25,28.91,70.94,-0.01,-0.068,1
2026-04-26 20:39:30,28.82,71.11,-0.018,0.034,1
2026-04-26 20:39:35,28.87,71.39,0.01,0.056,1
2026-04-26 20:39:40,28.87,71.18,0.0,-0.042,1
2026-04-26 20:39:45,28.8,71.1,-0.014,-0.016,1
2026-04-26 20:39:50,28.81,71.12,0.002,0.004,1
2026-04-26 20:39:55,28.88,71.27,0.014,0.03,1
2026-04-26 20:40:00,28.95,71.49,0.014,0.044,0
2026-04-26 20:40:05,28.92,71.21,-0.006,-0.056,0
2026-04-26 20:40:10,28.84,70.92,-0.016,-0.058,0
2026-04-26 20:40:15,28.9,71.16,0.012,0.048,0
2026-04-26 20:40:20,29.0,71.23,0.02,0.014,0
2026-04-26 20:40:25,28.8,71.79,-0.04,0.112,0
2026-04-26 20:40:30,28.97,71.25,0.034,-0.108,0
2026-04-26 20:40:35,28.88,71.3,-0.018,0.01,0
2026-04-26 20:40:40,29.04,71.01,0.032,-0.058,0
2026-04-26 20:40:45,28.95,71.66,-0.018,0.13,0
2026-04-26 20:40:50,28.89,72.07,-0.012,0.082,0
2026-04-26 20:40:55,28.96,71.69,0.014,-0.076,0
2026-04-26 20:41:00,28.94,71.68,-0.004,-0.002,0
2026-04-26 20:41:05,29.08,71.8,0.028,0.024,0
2026-04-26 20:41:10,28.92,71.89,-0.032,0.018,0
2026-04-26 20:41:15,29.12,71.54,0.04,-0.07,0
2026-04-26 20:41:20,28.64,71.42,-0.096,-0.024,0
2026-04-26 20:41:25,28.59,71.56,-0.01,0.028,0
2026-04-26 20:41:30,28.52,71.75,-0.014,0.038,0
2026-04-26 20:41:35,28.62,71.21,0.02,-0.108,0
2026-04-26 20:41:40,28.48,71.37,-0.028,0.032,0
2026-04-26 20:41:45,28.51,71.37,0.006,0.0,0
2026-04-26 20:41:50,28.46,71.42,-0.01,0.01,0
2026-04-26 20:41:55,28.58,71.91,0.024,0.098,0
2026-04-26 20:42:00,28.61,71.46,0.006,-0.09,0
2026-04-26 20:42:05,28.49,71.87,-0.024,0.082,0
2026-04-26 20:42:10,28.41,71.53,-0.016,-0.068,0
2026-04-26 20:42:15,28.56,71.68,0.03,0.03,0
2026-04-26 20:42:20,28.56,71.52,0.0,-0.032,0
2026-04-26 20:42:25,28.47,71.19,-0.018,-0.066,0
2026-04-26 20:42:30,28.47,71.14,0.0,-0.01,0
2026-04-26 20:42:35,28.71,71.25,0.048,0.022,0
2026-04-26 20:42:40,28.47,71.49,-0.048,0.048,0
2026-04-26 20:42:45,28.57,71.81,0.02,0.064,0
2026-04-26 20:42:50,28.55,71.6,-0.004,-0.042,0
2026-04-26 20:42:55,28.6,71.34,0.01,-0.052,0
2026-04-26 20:43:00,28.54,71.52,-0.012,0.036,0
2026-04-26 20:43:05,28.57,71.49,0.006,-0.006,0
2026-04-26 20:43:10,28.58,71.42,0.002,-0.014,0
2026-04-26 20:43:15,28.55,71.04,-0.006,-0.076,0
2026-04-26 20:43:20,28.7,71.97,0.03,0.186,0
2026-04-26 20:43:25,28.64,71.28,-0.012,-0.138,0
2026-04-26 20:43:30,28.69,71.78,0.01,0.1,0
2026-04-26 20:43:35,28.57,71.75,-0.024,-0.006,0
2026-04-26 20:43:40,28.62,71.59,0.01,-0.032,0
2026-04-26 20:43:45,28.6,71.28,-0.004,-0.062,0
2026-04-26 20:43:50,28.72,71.58,0.024,0.06,0
2026-04-26 20:43:55,28.61,71.56,-0.022,-0.004,0
2026-04-26 20:44:00,28.64,71.46,0.006,-0.02,0
2026-04-26 20:44:05,28.54,71.27,-0.02,-0.038,0
2026-04-26 20:44:10,28.57,71.8,0.006,0.106,0
2026-04-26 20:44:15,28.54,71.24,-0.006,-0.112,0
2026-04-26 20:44:20,28.49,71.35,-0.01,0.022,0
2026-04-26 20:44:25,28.5,70.98,0.002,-0.074,0
2026-04-26 20:44:30,28.54,71.64,0.008,0.132,0
2026-04-26 20:44:35,28.67,71.65,0.026,0.002,0
2026-04-26 20:44:40,28.61,71.48,-0.012,-0.034,0
2026-04-26 20:44:45,28.67,71.36,0.012,-0.024,0
2026-04-26 20:44:50,28.48,71.78,-0.038,0.084,0
2026-04-26 20:44:55,28.56,71.37,0.016,-0.082,0
2026-04-26 20:45:00,28.61,71.65,0.01,0.056,0
2026-04-26 20:45:05,28.43,71.49,-0.036,-0.032,0
2026-04-26 20:45:10,28.41,71.46,-0.004,-0.006,0
2026-04-26 20:45:15,28.56,72.03,0.03,0.114,0
2026-04-26 20:45:20,28.73,72.62,0.034,0.118,1
2026-04-26 20:45:25,28.55,72.6,-0.036,-0.004,1
2026-04-26 20:45:30,28.53,72.73,-0.004,0.026,1
2026-04-26 20:45:35,28.67,73.41,0.028,0.136,1
2026-04-26 20:45:40,28.62,73.4,-0.01,-0.002,1
2026-04-26 20:45:45,28.71,73.95,0.018,0.11,1
2026-04-26 20:45:50,28.62,74.77,-0.018,0.164,1
2026-04-26 20:45:55,28.69,74.35,0.014,-0.084,1
2026-04-26 20:46:00,28.64,75.17,-0.01,0.164,1
2026-04-26 20:46:05,28.69,75.27,0.01,0.02,1
2026-04-26 20:46:10,28.72,75.42,0.006,0.03,1
2026-04-26 20:46:15,28.57,76.02,-0.03,0.12,1
2026-04-26 20:46:20,28.84,75.9,0.054,-0.024,1
2026-04-26 20:46:25,28.44,76.26,-0.08,0.072,1
2026-04-26 20:46:30,28.74,76.35,0.06,0.018,1
2026-04-26 20:46:35,28.83,76.46,0.018,0.022,1
2026-04-26 20:46:40,28.71,76.56,-0.024,0.02,1
2026-04-26 20:46:45,28.84,76.35,0.026,-0.042,1
2026-04-26 20:46:50,28.71,76.72,-0.026,0.074,1
2026-04-26 20:46:55,28.78,76.62,0.014,-0.02,1
2026-04-26 20:47:00,28.77,76.94,-0.002,0.064,1
2026-04-26 20:47:05,28.95,76.61,0.036,-0.066,1
2026-04-26 20:47:10,28.94,76.98,-0.002,0.074,1
2026-04-26 20:47:15,28.81,76.59,-0.026,-0.078,1
2026-04-26 20:47:20,28.97,76.74,0.032,0.03,1
2026-04-26 20:47:25,28.94,76.81,-0.006,0.014,1
2026-04-26 20:47:30,28.97,76.22,0.006,-0.118,1
2026-04-26 20:47:35,28.93,76.44,-0.008,0.044,1
2026-04-26 20:47:40,28.78,73.98,-0.03,-0.492,0
2026-04-26 20:47:45,28.83,73.8,0.01,-0.036,0
2026-04-26 20:47:50,28.97,73.5,0.028,-0.06,0
2026-04-26 20:47:55,28.95,73.69,-0.004,0.038,0
2026-04-26 20:48:00,28.89,73.8,-0.012,0.022,0
2026-04-26 20:48:05,28.89,74.41,0.0,0.122,0
2026-04-26 20:48:10,28.91,73.71,0.004,-0.14,0
2026-04-26 20:48:15,28.99,73.57,0.016,-0.028,0
2026-04-26 20:48:20,28.79,73.84,-0.04,0.054,0
2026-04-26 20:48:25,29.04,73.66,0.05,-0.036,0
2026-04-26 20:48:30,28.89,73.87,-0.03,0.042,0
2026-04-26 20:48:35,29.02,74.02,0.026,0.03,0
2026-04-26 20:48:40,28.94,73.42,-0.016,-0.12,0
2026-04-26 20:48:45,28.99,73.56,0.01,0.028,0
2026-04-26 20:48:50,28.85,73.7,-0.028,0.028,0
2026-04-26 20:48:55,29.05,73.32,0.04,-0.076,0
2026-04-26 20:49:00,29.09,73.74,0.008,0.084,0
2026-04-26 20:49:05,29.05,73.83,-0.008,0.018,0
2026-04-26 20:49:10,28.91,73.86,-0.028,0.006,0
2026-04-26 20:49:15,28.97,73.44,0.012,-0.084,0
2026-04-26 20:49:20,28.96,73.97,-0.002,0.106,0
2026-04-26 20:49:25,29.0,73.63,0.008,-0.068,0
2026-04-26 20:49:30,29.08,73.47,0.016,-0.032,0
2026-04-26 20:49:35,28.99,73.64,-0.018,0.034,0
2026-04-26 20:49:40,28.95,73.55,-0.008,-0.018,0
2026-04-26 20:49:45,29.03,73.59,0.016,0.008,0
2026-04-26 20:49:50,28.94,73.4,-0.018,-0.038,0
2026-04-26 20:49:55,28.87,73.86,-0.014,0.092,0
2026-04-26 20:50:00,29.15,73.67,0.056,-0.038,0
2026-04-26 20:50:05,29.14,73.65,-0.002,-0.004,0
2026-04-26 20:50:10,29.06,73.52,-0.016,-0.026,0
2026-04-26 20:50:15,28.98,73.5,-0.016,-0.004,0
2026-04-26 20:50:20,29.12,73.84,0.028,0.068,0
2026-04-26 20:50:25,29.04,73.96,-0.016,0.024,0
2026-04-26 20:50:30,28.99,73.54,-0.01,-0.084,0
2026-04-26 20:50:35,29.1,73.83,0.022,0.058,0
2026-04-26 20:50:40,29.06,73.67,-0.008,-0.032,0
2026-04-26 20:50:45,29.09,74.03,0.006,0.072,0
2026-04-26 20:50:50,29.05,73.81,-0.008,-0.044,0
2026-04-26 20:50:55,28.99,73.75,-0.012,-0.012,0
2026-04-26 20:51:00,29.07,73.51,0.016,-0.048,0
2026-04-26 20:51:05,29.03,73.75,-0.008,0.048,0
2026-04-26 20:51:10,29.0,73.83,-0.006,0.016,0
2026-04-26 20:51:15,29.0,73.86,0.0,0.006,0
2026-04-26 20:51:20,29.03,73.36,0.006,-0.1,0
2026-04-26 20:51:25,28.93,73.77,-0.02,0.082,0
2026-04-26 20:51:30,29.12,73.42,0.038,-0.07,0
2026-04-26 20:51:35,29.03,73.35,-0.018,-0.014,0
2026-04-26 20:51:40,29.1,73.62,0.014,0.054,1
2026-04-26 20:51:45,29.35,73.61,0.05,-0.002,1
2026-04-26 20:51:50,29.46,73.42,0.022,-0.038,1
2026-04-26 20:51:55,29.6,72.87,0.028,-0.11,1
2026-04-26 20:52:00,29.58,73.31,-0.004,0.088,1
2026-04-26 20:52:05,29.83,73.04,0.05,-0.054,1
2026-04-26 20:52:10,29.83,73.05,0.0,0.002,1
2026-04-26 20:52:15,30.05,73.2,0.044,0.03,1
2026-04-26 20:52:20,29.97,72.72,-0.016,-0.096,1
2026-04-26 20:52:25,30.1,72.27,0.026,-0.09,1
2026-04-26 20:52:30,30.35,72.02,0.05,-0.05,1
2026-04-26 20:52:35,30.37,72.5,0.004,0.096,1
2026-04-26 20:52:40,30.2,72.79,-0.034,0.058,1
2026-04-26 20:52:45,30.29,72.55,0.018,-0.048,1
2026-04-26 20:52:50,30.3,72.25,0.002,-0.06,1
2026-04-26 20:52:55,30.3,72.95,0.0,0.14,1
2026-04-26 20:53:00,30.36,72.3,0.012,-0.13,1
2026-04-26 20:53:05,30.24,73.06,-0.024,0.152,1
2026-04-26 20:53:10,30.34,72.58,0.02,-0.096,1
2026-04-26 20:53:15,30.26,72.88,-0.016,0.06,1
2026-04-26 20:53:20,30.41,72.51,0.03,-0.074,1
2026-04-26 20:53:25,30.39,72.82,-0.004,0.062,1
2026-04-26 20:53:30,30.31,72.56,-0.016,-0.052,1
2026-04-26 20:53:35,28.82,71.89,-0.298,-0.134,0
2026-04-26 20:53:40,28.97,72.44,0.03,0.11,0
2026-04-26 20:53:45,28.94,72.09,-0.006,-0.07,0
2026-04-26 20:53:50,28.86,72.5,-0.016,0.082,0
2026-04-26 20:53:55,28.93,72.08,0.014,-0.084,0
2026-04-26 20:54:00,28.84,72.15,-0.018,0.014,0
2026-04-26 20:54:05,28.97,72.05,0.026,-0.02,0
2026-04-26 20:54:10,28.88,72.55,-0.018,0.1,0
2026-04-26 20:54:15,29.05,72.07,0.034,-0.096,0
2026-04-26 20:54:20,28.97,72.32,-0.016,0.05,0
2026-04-26 20:54:25,28.85,72.2,-0.024,-0.024,0
2026-04-26 20:54:30,28.92,72.17,0.014,-0.006,0
2026-04-26 20:54:35,29.02,72.12,0.02,-0.01,0
2026-04-26 20:54:40,28.94,72.65,-0.016,0.106,0
2026-04-26 20:54:45,29.1,72.21,0.032,-0.088,0
2026-04-26 20:54:50,28.96,72.16,-0.028,-0.01,0
2026-04-26 20:54:55,29.04,72.25,0.016,0.018,0
2026-04-26 20:55:00,29.07,72.28,0.006,0.006,0
2026-04-26 20:55:05,28.96,72.1,-0.022,-0.036,0
2026-04-26 20:55:10,28.88,72.3,-0.016,0.04,0
2026-04-26 20:55:15,29.16,73.16,0.056,0.172,1
2026-04-26 20:55:20,29.2,73.22,0.008,0.012,1
2026-04-26 20:55:25,28.95,73.6,-0.05,0.076,1
2026-04-26 20:55:30,29.0,74.09,0.01,0.098,1
2026-04-26 20:55:35,29.12,74.48,0.024,0.078,1
2026-04-26 20:55:40,29.21,75.23,0.018,0.15,1
2026-04-26 20:55:45,29.26,74.99,0.01,-0.048,1
2026-04-26 20:55:50,29.23,75.45,-0.006,0.092,1
2026-04-26 20:55:55,29.13,75.55,-0.02,0.02,1
2026-04-26 20:56:00,29.46,76.14,0.066,0.118,1
2026-04-26 20:56:05,29.39,76.14,-0.014,0.0,1
2026-04-26 20:56:10,29.3,75.59,-0.018,-0.11,1
2026-04-26 20:56:15,29.41,76.21,0.022,0.124,1
2026-04-26 20:56:20,29.49,76.1,0.016,-0.022,1
2026-04-26 20:56:25,29.48,76.66,-0.002,0.112,1
2026-04-26 20:56:30,29.5,76.4,0.004,-0.052,1
2026-04-26 20:56:35,29.54,76.35,0.008,-0.01,1
2026-04-26 20:56:40,29.56,76.91,0.004,0.112,1
2026-04-26 20:56:45,29.52,76.59,-0.008,-0.064,1
2026-04-26 20:56:50,29.6,76.31,0.016,-0.056,1
2026-04-26 20:56:55,29.65,76.81,0.01,0.1,1
2026-04-26 20:57:00,29.67,76.46,0.004,-0.07,1
2026-04-26 20:57:05,29.56,76.7,-0.022,0.048,1
2026-04-26 20:57:10,29.57,76.57,0.002,-0.026,1
2026-04-26 20:57:15,29.49,76.64,-0.016,0.014,1
2026-04-26 20:57:20,29.51,76.85,0.004,0.042,1
2026-04-26 20:57:25,29.59,76.35,0.016,-0.1,1
2026-04-26 20:57:30,28.97,71.87,-0.124,-0.896,0
2026-04-26 20:57:35,29.11,72.47,0.028,0.12,0
2026-04-26 20:57:40,29.05,72.37,-0.012,-0.02,0
2026-04-26 20:57:45,29.17,72.72,0.024,0.07,0
2026-04-26 20:57:50,29.03,72.25,-0.028,-0.094,0
2026-04-26 20:57:55,29.16,73.01,0.026,0.152,0
2026-04-26 20:58:00,29.06,72.46,-0.02,-0.11,0
2026-04-26 20:58:05,29.18,73.01,0.024,0.11,0
2026-04-26 20:58:10,28.94,72.3,-0.048,-0.142,0
2026-04-26 20:58:15,29.08,72.71,0.028,0.082,0
2026-04-26 20:58:20,29.09,72.09,0.002,-0.124,0
2026-04-26 20:58:25,29.28,72.4,0.038,0.062,0
2026-04-26 20:58:30,29.05,72.78,-0.046,0.076,0
2026-04-26 20:58:35,29.07,72.5,0.004,-0.056,0
2026-04-26 20:58:40,28.99,72.47,-0.016,-0.006,0
2026-04-26 20:58:45,29.19,72.7,0.04,0.046,0
2026-04-26 20:58:50,28.94,72.5,-0.05,-0.04,0
2026-04-26 20:58:55,28.98,72.58,0.008,0.016,0
2026-04-26 20:59:00,29.1,72.98,0.024,0.08,0
2026-04-26 20:59:05,29.11,72.97,0.002,-0.002,0
2026-04-26 20:59:10,29.04,72.78,-0.014,-0.038,0
2026-04-26 20:59:15,29.03,72.72,-0.002,-0.012,0
2026-04-26 20:59:20,29.0,72.58,-0.006,-0.028,0
2026-04-26 20:59:25,28.95,73.13,-0.01,0.11,0
2026-04-26 20:59:30,29.1,72.74,0.03,-0.078,0
2026-04-26 20:59:35,28.99,72.81,-0.022,0.014,0
2026-04-26 20:59:40,29.02,72.83,0.006,0.004,0
2026-04-26 20:59:45,29.02,73.3,0.0,0.094,1
2026-04-26 20:59:50,29.16,72.74,0.028,-0.112,1
2026-04-26 20:59:55,29.19,72.99,0.006,0.05,1
2026-04-26 21:00:00,29.1,72.68,-0.018,-0.062,1
2026-04-26 21:00:05,29.06,72.46,-0.008,-0.044,1
2026-04-26 21:00:10,29.16,72.57,0.02,0.022,1
2026-04-26 21:00:15,28.98,72.91,-0.036,0.068,1
2026-04-26 21:00:20,29.13,72.71,0.03,-0.04,1
2026-04-26 21:00:25,29.09,72.75,-0.008,0.008,1
2026-04-26 21:00:30,29.02,72.6,-0.014,-0.03,1
2026-04-26 21:00:35,28.94,72.81,-0.016,0.042,1
2026-04-26 21:00:40,29.17,72.84,0.046,0.006,1
2026-04-26 21:00:45,29.02,73.06,-0.03,0.044,1
2026-04-26 21:00:50,29.09,72.79,0.014,-0.054,1
2026-04-26 21:00:55,29.11,72.72,0.004,-0.014,1
2026-04-26 21:01:00,29.02,72.25,-0.018,-0.094,0
2026-04-26 21:01:05,29.14,73.14,0.024,0.178,0
2026-04-26 21:01:10,29.11,72.53,-0.006,-0.122,0
2026-04-26 21:01:15,29.24,73.09,0.026,0.112,0
2026-04-26 21:01:20,29.02,72.58,-0.044,-0.102,0
2026-04-26 21:01:25,29.28,73.13,0.052,0.11,0
2026-04-26 21:01:30,29.12,72.74,-0.032,-0.078,0
2026-04-26 21:01:35,29.09,72.51,-0.006,-0.046,0
2026-04-26 21:01:40,29.2,72.81,0.022,0.06,0
2026-04-26 21:01:45,29.11,72.8,-0.018,-0.002,0
2026-04-26 21:01:50,29.19,72.78,0.016,-0.004,0
2026-04-26 21:01:55,29.06,73.13,-0.026,0.07,0
2026-04-26 21:02:00,29.19,73.05,0.026,-0.016,0
2026-04-26 21:02:05,28.97,73.71,-0.044,0.132,0
2026-04-26 21:02:10,29.14,74.15,0.034,0.088,0
2026-04-26 21:02:15,29.12,74.08,-0.004,-0.014,0
2026-04-26 21:02:20,29.16,73.52,0.008,-0.112,0
2026-04-26 21:02:25,29.13,73.96,-0.006,0.088,0
2026-04-26 21:02:30,29.09,74.21,-0.008,0.05,0
2026-04-26 21:02:35,29.04,73.69,-0.01,-0.104,0
2026-04-26 21:02:40,29.2,73.17,0.032,-0.104,0
2026-04-26 21:02:45,29.11,74.09,-0.018,0.184,0
2026-04-26 21:02:50,29.04,74.04,-0.014,-0.01,0
2026-04-26 21:02:55,29.02,73.91,-0.004,-0.026,0
2026-04-26 21:03:00,28.95,73.74,-0.014,-0.034,0
2026-04-26 21:03:05,29.09,73.62,0.028,-0.024,0
2026-04-26 21:03:10,28.96,73.94,-0.026,0.064,0
2026-04-26 21:03:15,28.97,74.04,0.002,0.02,0
2026-04-26 21:03:20,29.0,73.71,0.006,-0.066,0
2026-04-26 21:03:25,29.11,73.87,0.022,0.032,0
2026-04-26 21:03:30,29.14,73.95,0.006,0.016,0
2026-04-26 21:03:35,28.96,73.66,-0.036,-0.058,0
2026-04-26 21:03:40,29.16,73.66,0.04,0.0,0
2026-04-26 21:03:45,28.97,74.03,-0.038,0.074,0
2026-04-26 21:03:50,29.14,74.07,0.034,0.008,0
2026-04-26 21:03:55,29.19,73.71,0.01,-0.072,0
2026-04-26 21:04:00,29.08,73.9,-0.022,0.038,0
2026-04-26 21:04:05,29.02,73.48,-0.012,-0.084,0
2026-04-26 21:04:10,29.08,74.2,0.012,0.144,0
2026-04-26 21:04:15,29.19,73.41,0.022,-0.158,0
2026-04-26 21:04:20,29.1,73.87,-0.018,0.092,0
2026-04-26 21:04:25,29.01,74.11,-0.018,0.048,0
2026-04-26 21:04:30,29.11,73.96,0.02,-0.03,0
2026-04-26 21:04:35,29.15,74.06,0.008,0.02,0
2026-04-26 21:04:40,29.08,73.71,-0.014,-0.07,0
2026-04-26 21:04:45,28.99,74.05,-0.018,0.068,0
2026-04-26 21:04:50,28.98,74.06,-0.002,0.002,0
2026-04-26 21:04:55,29.05,74.29,0.014,0.046,0
2026-04-26 21:05:00,28.99,74.09,-0.012,-0.04,0
2026-04-26 21:05:05,29.06,74.21,0.014,0.024,0
2026-04-26 21:05:10,29.13,74.25,0.014,0.008,0
2026-04-26 21:05:15,29.17,73.93,0.008,-0.064,0
2026-04-26 21:05:20,29.03,74.06,-0.028,0.026,0
2026-04-26 21:05:25,29.15,73.66,0.024,-0.08,0
2026-04-26 21:05:30,29.14,74.3,-0.002,0.128,0
2026-04-26 21:05:35,29.11,74.06,-0.006,-0.048,0
2026-04-26 21:05:40,29.16,73.9,0.01,-0.032,0
2026-04-26 21:05:45,29.12,74.23,-0.008,0.066,0
2026-04-26 21:05:50,29.01,74.02,-0.022,-0.042,0
2026-04-26 21:05:55,29.07,73.46,0.012,-0.112,0
2026-04-26 21:06:00,29.23,73.48,0.032,0.004,0
2026-04-26 21:06:05,29.09,73.84,-0.028,0.072,1
2026-04-26 21:06:10,29.26,74.36,0.034,0.104,1
2026-04-26 21:06:15,29.23,75.21,-0.006,0.17,1
2026-04-26 21:06:20,29.06,74.8,-0.034,-0.082,1
2026-04-26 21:06:25,29.18,75.44,0.024,0.128,1
2026-04-26 21:06:30,29.14,75.28,-0.008,-0.032,1
2026-04-26 21:06:35,29.24,75.71,0.02,0.086,1
2026-04-26 21:06:40,29.4,75.81,0.032,0.02,1
2026-04-26 21:06:45,29.31,75.85,-0.018,0.008,1
2026-04-26 21:06:50,29.22,75.36,-0.018,-0.098,1
2026-04-26 21:06:55,29.35,76.11,0.026,0.15,1
2026-04-26 21:07:00,29.43,75.73,0.016,-0.076,1
2026-04-26 21:07:05,29.24,76.35,-0.038,0.124,1
2026-04-26 21:07:10,29.23,76.43,-0.002,0.016,1
2026-04-26 21:07:15,29.36,75.92,0.026,-0.102,1
2026-04-26 21:07:20,29.4,75.91,0.008,-0.002,1
2026-04-26 21:07:25,29.39,76.36,-0.002,0.09,1
2026-04-26 21:07:30,29.27,76.7,-0.024,0.068,1
2026-04-26 21:07:35,29.26,76.15,-0.002,-0.11,1
2026-04-26 21:07:40,29.23,76.7,-0.006,0.11,1
2026-04-26 21:07:45,29.33,76.72,0.02,0.004,1
2026-04-26 21:07:50,29.0,72.38,-0.066,-0.868,0
2026-04-26 21:07:55,28.92,72.39,-0.016,0.002,0
2026-04-26 21:08:00,28.82,71.79,-0.02,-0.12,0
2026-04-26 21:08:05,28.96,72.1,0.028,0.062,0
2026-04-26 21:08:10,28.87,72.21,-0.018,0.022,0
2026-04-26 21:08:15,28.72,72.0,-0.03,-0.042,0
2026-04-26 21:08:20,28.86,72.26,0.028,0.052,0
2026-04-26 21:08:25,28.73,72.03,-0.026,-0.046,0
2026-04-26 21:08:30,28.64,72.21,-0.018,0.036,0
2026-04-26 21:08:35,28.85,72.22,0.042,0.002,0
2026-04-26 21:08:40,28.91,72.33,0.012,0.022,0
2026-04-26 21:08:45,28.86,72.41,-0.01,0.016,0
2026-04-26 21:08:50,29.01,72.11,0.03,-0.06,0
2026-04-26 21:08:55,28.85,72.05,-0.032,-0.012,0
2026-04-26 21:09:00,28.77,72.14,-0.016,0.018,0
2026-04-26 21:09:05,28.83,72.26,0.012,0.024,0
2026-04-26 21:09:10,28.86,72.32,0.006,0.012,0
2026-04-26 21:09:15,28.86,71.52,0.0,-0.16,0
2026-04-26 21:09:20,28.79,71.94,-0.014,0.084,0
2026-04-26 21:09:25,28.85,72.12,0.012,0.036,0
2026-04-26 21:09:30,28.89,72.16,0.008,0.008,0
2026-04-26 21:09:35,28.8,72.42,-0.018,0.052,0
2026-04-26 21:09:40,28.93,72.32,0.026,-0.02,0
2026-04-26 21:09:45,28.83,72.38,-0.02,0.012,0
2026-04-26 21:09:50,28.98,72.2,0.03,-0.036,0
2026-04-26 21:09:55,28.8,72.21,-0.036,0.002,0
2026-04-26 21:10:00,28.88,72.43,0.016,0.044,0
2026-04-26 21:10:05,28.84,72.17,-0.008,-0.052,1
2026-04-26 21:10:10,28.86,72.89,0.004,0.144,1
2026-04-26 21:10:15,28.98,72.01,0.024,-0.176,1
2026-04-26 21:10:20,28.86,72.21,-0.024,0.04,1
2026-04-26 21:10:25,28.97,72.27,0.022,0.012,1
2026-04-26 21:10:30,28.87,72.11,-0.02,-0.032,1
2026-04-26 21:10:35,28.88,72.3,0.002,0.038,1
2026-04-26 21:10:40,29.01,72.16,0.026,-0.028,1
2026-04-26 21:10:45,28.93,72.27,-0.016,0.022,1
2026-04-26 21:10:50,29.03,72.29,0.02,0.004,1
2026-04-26 21:10:55,29.01,72.24,-0.004,-0.01,1
2026-04-26 21:11:00,29.01,72.46,0.0,0.044,1
2026-04-26 21:11:05,28.93,72.51,-0.016,0.01,1
2026-04-26 21:11:10,28.84,72.12,-0.018,-0.078,1
2026-04-26 21:11:15,28.92,72.49,0.016,0.074,1
2026-04-26 21:11:20,28.87,72.63,-0.01,0.028,0
2026-04-26 21:11:25,28.9,72.33,0.006,-0.06,0
2026-04-26 21:11:30,28.97,72.46,0.014,0.026,0
2026-04-26 21:11:35,29.02,72.28,0.01,-0.036,0
2026-04-26 21:11:40,28.91,72.46,-0.022,0.036,0
2026-04-26 21:11:45,29.03,72.55,0.024,0.018,0
2026-04-26 21:11:50,29.09,72.43,0.012,-0.024,0
2026-04-26 21:11:55,29.14,72.69,0.01,0.052,0
2026-04-26 21:12:00,29.04,72.2,-0.02,-0.098,0
2026-04-26 21:12:05,29.14,72.69,0.02,0.098,0
2026-04-26 21:12:10,29.11,72.64,-0.006,-0.01,0
2026-04-26 21:12:15,29.2,72.46,0.018,-0.036,0
2026-04-26 21:12:20,28.97,72.93,-0.046,0.094,0
2026-04-26 21:12:25,29.09,72.5,0.024,-0.086,0
2026-04-26 21:12:30,29.17,72.15,0.016,-0.07,0
2026-04-26 21:12:35,29.17,73.11,0.0,0.192,0
2026-04-26 21:12:40,29.46,72.41,0.058,-0.14,0
2026-04-26 21:12:45,29.62,71.99,0.032,-0.084,0
2026-04-26 21:12:50,29.52,71.83,-0.02,-0.032,0
2026-04-26 21:12:55,29.48,72.39,-0.008,0.112,0
2026-04-26 21:13:00,29.49,72.24,0.002,-0.03,0
2026-04-26 21:13:05,29.55,72.44,0.012,0.04,0
2026-04-26 21:13:10,29.55,72.08,0.0,-0.072,0
2026-04-26 21:13:15,29.53,72.21,-0.004,0.026,0
2026-04-26 21:13:20,29.56,72.16,0.006,-0.01,0
2026-04-26 21:13:25,29.64,72.43,0.016,0.054,0
2026-04-26 21:13:30,29.67,72.22,0.006,-0.042,0
2026-04-26 21:13:35,29.62,72.03,-0.01,-0.038,0
2026-04-26 21:13:40,29.59,72.07,-0.006,0.008,0
2026-04-26 21:13:45,29.5,72.15,-0.018,0.016,0
2026-04-26 21:13:50,29.54,72.22,0.008,0.014,0
2026-04-26 21:13:55,29.68,72.0,0.028,-0.044,0
2026-04-26 21:14:00,29.59,72.61,-0.018,0.122,0
2026-04-26 21:14:05,29.58,71.79,-0.002,-0.164,0
2026-04-26 21:14:10,29.58,72.42,0.0,0.126,0
2026-04-26 21:14:15,29.72,72.22,0.028,-0.04,0
2026-04-26 21:14:20,29.71,72.52,-0.002,0.06,0
2026-04-26 21:14:25,29.61,72.14,-0.02,-0.076,0
2026-04-26 21:14:30,29.54,71.72,-0.014,-0.084,0
2026-04-26 21:14:35,29.56,72.21,0.004,0.098,0
2026-04-26 21:14:40,29.51,72.43,-0.01,0.044,0
2026-04-26 21:14:45,29.53,72.32,0.004,-0.022,0
2026-04-26 21:14:50,29.51,72.37,-0.004,0.01,0
2026-04-26 21:14:55,29.63,71.78,0.024,-0.118,0
2026-04-26 21:15:00,29.56,72.45,-0.014,0.134,0
2026-04-26 21:15:05,29.76,72.55,0.04,0.02,0
2026-04-26 21:15:10,29.52,72.53,-0.048,-0.004,0
2026-04-26 21:15:15,29.69,72.16,0.034,-0.074,0
2026-04-26 21:15:20,29.58,71.94,-0.022,-0.044,0
2026-04-26 21:15:25,29.48,72.61,-0.02,0.134,0
2026-04-26 21:15:30,29.59,72.15,0.022,-0.092,0
2026-04-26 21:15:35,29.58,72.3,-0.002,0.03,0
2026-04-26 21:15:40,29.6,72.11,0.004,-0.038,0
2026-04-26 21:15:45,29.67,72.09,0.014,-0.004,0
2026-04-26 21:15:50,29.63,71.77,-0.008,-0.064,0
2026-04-26 21:15:55,29.74,71.73,0.022,-0.008,0
2026-04-26 21:16:00,29.5,72.48,-0.048,0.15,0
2026-04-26 21:16:05,29.67,72.03,0.034,-0.09,0
2026-04-26 21:16:10,29.63,72.13,-0.008,0.02,0
2026-04-26 21:16:15,29.6,72.28,-0.006,0.03,0
2026-04-26 21:16:20,29.54,72.35,-0.012,0.014,0
2026-04-26 21:16:25,29.63,72.39,0.018,0.008,0
2026-04-26 21:16:30,29.58,72.05,-0.01,-0.068,0
2026-04-26 21:16:35,29.65,72.92,0.014,0.174,1
2026-04-26 21:16:40,29.64,73.59,-0.002,0.134,1
2026-04-26 21:16:45,29.74,73.88,0.02,0.058,1
2026-04-26 21:16:50,29.63,74.79,-0.022,0.182,1
2026-04-26 21:16:55,29.65,74.95,0.004,0.032,1
2026-04-26 21:17:00,29.57,75.86,-0.016,0.182,1
2026-04-26 21:17:05,29.76,75.91,0.038,0.01,1
2026-04-26 21:17:10,29.74,76.27,-0.004,0.072,1
2026-04-26 21:17:15,29.77,76.59,0.006,0.064,1
2026-04-26 21:17:20,29.71,76.82,-0.012,0.046,1
2026-04-26 21:17:25,29.66,76.98,-0.01,0.032,1
2026-04-26 21:17:30,29.77,76.85,0.022,-0.026,1
2026-04-26 21:17:35,29.75,77.67,-0.004,0.164,1
2026-04-26 21:17:40,29.76,77.39,0.002,-0.056,1
2026-04-26 21:17:45,29.73,77.15,-0.006,-0.048,1
2026-04-26 21:17:50,29.78,77.44,0.01,0.058,1
2026-04-26 21:17:55,29.77,77.53,-0.002,0.018,1
2026-04-26 21:18:00,29.84,77.57,0.014,0.008,1
2026-04-26 21:18:05,29.73,77.9,-0.022,0.066,1
2026-04-26 21:18:10,29.9,77.89,0.034,-0.002,1
2026-04-26 21:18:15,29.79,78.03,-0.022,0.028,1
2026-04-26 21:18:20,29.82,77.53,0.006,-0.1,1
2026-04-26 21:18:25,29.85,78.15,0.006,0.124,1
2026-04-26 21:18:30,29.87,78.47,0.004,0.064,1
2026-04-26 21:18:35,29.9,78.33,0.006,-0.028,1
2026-04-26 21:18:40,29.84,78.08,-0.012,-0.05,1
2026-04-26 21:18:45,29.82,78.44,-0.004,0.072,1
2026-04-26 21:18:50,29.27,71.28,-0.11,-1.432,0
2026-04-26 21:18:55,29.33,71.46,0.012,0.036,0
2026-04-26 21:19:00,29.33,71.31,0.0,-0.03,0
2026-04-26 21:19:05,29.02,71.67,-0.062,0.072,0
2026-04-26 21:19:10,29.17,71.46,0.03,-0.042,0
2026-04-26 21:19:15,29.18,71.51,0.002,0.01,0
2026-04-26 21:19:20,29.26,71.57,0.016,0.012,0
2026-04-26 21:19:25,29.31,71.22,0.01,-0.07,0
2026-04-26 21:19:30,29.17,71.75,-0.028,0.106,0
2026-04-26 21:19:35,29.12,71.47,-0.01,-0.056,0
2026-04-26 21:19:40,29.18,71.41,0.012,-0.012,0
2026-04-26 21:19:45,29.1,71.85,-0.016,0.088,0
2026-04-26 21:19:50,29.26,71.52,0.032,-0.066,0
2026-04-26 21:19:55,29.1,71.07,-0.032,-0.09,0
2026-04-26 21:20:00,29.26,71.71,0.032,0.128,0
2026-04-26 21:20:05,29.18,71.98,-0.016,0.054,0
2026-04-26 21:20:10,29.13,71.38,-0.01,-0.12,0
2026-04-26 21:20:15,29.13,71.44,0.0,0.012,0
2026-04-26 21:20:20,29.13,72.3,0.0,0.172,0
2026-04-26 21:20:25,29.19,71.82,0.012,-0.096,0
2026-04-26 21:20:30,29.2,71.52,0.002,-0.06,0
2026-04-26 21:20:35,29.02,71.89,-0.036,0.074,0
2026-04-26 21:20:40,29.24,72.15,0.044,0.052,0
2026-04-26 21:20:45,29.29,71.36,0.01,-0.158,0
2026-04-26 21:20:50,29.31,71.92,0.004,0.112,0
2026-04-26 21:20:55,29.17,71.8,-0.028,-0.024,0
2026-04-26 21:21:00,30.6,70.49,0.286,-0.262,2
2026-04-26 21:21:05,31.85,69.96,0.25,-0.106,2
2026-04-26 21:21:10,32.99,69.47,0.228,-0.098,2
2026-04-26 21:21:15,33.67,69.06,0.136,-0.082,2
2026-04-26 21:21:20,34.11,68.94,0.088,-0.024,2
2026-04-26 21:21:25,34.33,67.89,0.044,-0.21,2
2026-04-26 21:21:30,34.62,67.74,0.058,-0.03,2
2026-04-26 21:21:35,34.57,67.85,-0.01,0.022,2
2026-04-26 21:21:40,34.66,67.54,0.018,-0.062,2
2026-04-26 21:21:45,34.81,67.15,0.03,-0.078,2
2026-04-26 21:21:50,34.82,67.06,0.002,-0.018,2
2026-04-26 21:21:55,34.88,67.16,0.012,0.02,2
2026-04-26 21:22:00,34.92,67.11,0.008,-0.01,1
2026-04-26 21:22:05,35.01,66.69,0.018,-0.084,1
2026-04-26 21:22:10,35.14,66.49,0.026,-0.04,1
2026-04-26 21:22:15,35.39,66.08,0.05,-0.082,1
2026-04-26 21:22:20,35.58,66.49,0.038,0.082,1
2026-04-26 21:22:25,35.58,65.83,0.0,-0.132,1
2026-04-26 21:22:30,35.64,66.03,0.012,0.04,1
2026-04-26 21:22:35,35.73,65.64,0.018,-0.078,1
2026-04-26 21:22:40,35.64,65.35,-0.018,-0.058,1
2026-04-26 21:22:45,35.74,65.82,0.02,0.094,1
2026-04-26 21:22:50,35.64,65.66,-0.02,-0.032,1
2026-04-26 21:22:55,35.8,65.42,0.032,-0.048,1
2026-04-26 21:23:00,35.87,66.02,0.014,0.12,1
2026-04-26 21:23:05,35.86,65.15,-0.002,-0.174,1
2026-04-26 21:23:10,35.74,65.77,-0.024,0.124,1
2026-04-26 21:23:15,28.61,69.95,-1.426,0.836,0
2026-04-26 21:23:20,28.91,69.84,0.06,-0.022,0
2026-04-26 21:23:25,28.93,70.13,0.004,0.058,0
2026-04-26 21:23:30,28.81,70.61,-0.024,0.096,0
2026-04-26 21:23:35,28.89,70.14,0.016,-0.094,0
2026-04-26 21:23:40,28.76,70.02,-0.026,-0.024,0
2026-04-26 21:23:45,28.9,70.14,0.028,0.024,0
2026-04-26 21:23:50,28.85,69.84,-0.01,-0.06,0
2026-04-26 21:23:55,28.8,69.85,-0.01,0.002,0
2026-04-26 21:24:00,28.9,69.42,0.02,-0.086,0
2026-04-26 21:24:05,28.76,69.88,-0.028,0.092,0
2026-04-26 21:24:10,28.79,69.47,0.006,-0.082,0
2026-04-26 21:24:15,29.0,70.02,0.042,0.11,0
2026-04-26 21:24:20,28.95,70.25,-0.01,0.046,0
2026-04-26 21:24:25,28.92,69.94,-0.006,-0.062,0
2026-04-26 21:24:30,29.01,69.6,0.018,-0.068,0
2026-04-26 21:24:35,28.93,70.19,-0.016,0.118,0
2026-04-26 21:24:40,28.85,70.47,-0.016,0.056,0
2026-04-26 21:24:45,28.97,69.9,0.024,-0.114,0
2026-04-26 21:24:50,29.07,69.95,0.02,0.01,0
2026-04-26 21:24:55,31.02,68.86,0.39,-0.218,2
2026-04-26 21:25:00,32.98,68.38,0.392,-0.096,2
2026-04-26 21:25:05,34.35,67.63,0.274,-0.15,2
2026-04-26 21:25:10,35.73,66.41,0.276,-0.244,2
2026-04-26 21:25:15,36.38,66.29,0.13,-0.024,2
2026-04-26 21:25:20,36.85,66.21,0.094,-0.016,2
2026-04-26 21:25:25,37.04,65.56,0.038,-0.13,2
2026-04-26 21:25:30,37.02,65.89,-0.004,0.066,2
2026-04-26 21:25:35,37.25,65.56,0.046,-0.066,2
2026-04-26 21:25:40,37.46,64.66,0.042,-0.18,1
2026-04-26 21:25:45,37.51,64.43,0.01,-0.046,1
2026-04-26 21:25:50,37.6,64.61,0.018,0.036,1
2026-04-26 21:25:55,37.79,63.96,0.038,-0.13,1
2026-04-26 21:26:00,37.98,63.94,0.038,-0.004,1
2026-04-26 21:26:05,38.16,63.57,0.036,-0.074,1
2026-04-26 21:26:10,38.22,64.09,0.012,0.104,1
2026-04-26 21:26:15,38.2,63.48,-0.004,-0.122,1
2026-04-26 21:26:20,38.28,63.36,0.016,-0.024,1
2026-04-26 21:26:25,38.31,63.31,0.006,-0.01,1
2026-04-26 21:26:30,38.1,63.55,-0.042,0.048,1
2026-04-26 21:26:35,38.09,63.51,-0.002,-0.008,1
2026-04-26 21:26:40,38.29,63.59,0.04,0.016,1
2026-04-26 21:26:45,38.04,63.2,-0.05,-0.078,1
2026-04-26 21:26:50,38.14,63.18,0.02,-0.004,1
2026-04-26 21:26:55,29.43,73.19,-1.742,2.002,0
2026-04-26 21:27:00,29.33,73.47,-0.02,0.056,0
2026-04-26 21:27:05,29.48,73.4,0.03,-0.014,0
2026-04-26 21:27:10,29.35,73.05,-0.026,-0.07,0
2026-04-26 21:27:15,29.39,72.84,0.008,-0.042,0
2026-04-26 21:27:20,29.35,73.47,-0.008,0.126,0
2026-04-26 21:27:25,29.32,73.52,-0.006,0.01,0
2026-04-26 21:27:30,29.34,73.3,0.004,-0.044,0
2026-04-26 21:27:35,29.57,73.03,0.046,-0.054,0
2026-04-26 21:27:40,29.49,73.13,-0.016,0.02,0
2026-04-26 21:27:45,29.44,73.47,-0.01,0.068,0
2026-04-26 21:27:50,29.62,72.95,0.036,-0.104,0
2026-04-26 21:27:55,29.53,72.96,-0.018,0.002,0
2026-04-26 21:28:00,29.52,73.35,-0.002,0.078,0
2026-04-26 21:28:05,29.57,73.06,0.01,-0.058,0
2026-04-26 21:28:10,29.55,73.3,-0.004,0.048,0
2026-04-26 21:28:15,29.4,73.56,-0.03,0.052,0
2026-04-26 21:28:20,29.47,73.32,0.014,-0.048,0
2026-04-26 21:28:25,29.49,73.17,0.004,-0.03,0
2026-04-26 21:28:30,29.64,73.42,0.03,0.05,0
2026-04-26 21:28:35,29.48,73.14,-0.032,-0.056,0
2026-04-26 21:28:40,29.52,73.19,0.008,0.01,0
2026-04-26 21:28:45,34.37,70.26,0.97,-0.586,2
2026-04-26 21:28:50,38.23,68.36,0.772,-0.38,2
2026-04-26 21:28:55,40.55,66.16,0.464,-0.44,2
2026-04-26 21:29:00,42.27,65.49,0.344,-0.134,2
2026-04-26 21:29:05,43.06,65.08,0.158,-0.082,2
2026-04-26 21:29:10,43.37,64.76,0.062,-0.064,2
2026-04-26 21:29:15,43.61,64.12,0.048,-0.128,2
2026-04-26 21:29:20,43.61,64.02,0.0,-0.02,2
2026-04-26 21:29:25,43.61,63.49,0.0,-0.106,2
2026-04-26 21:29:30,43.6,63.52,-0.002,0.006,2
2026-04-26 21:29:35,43.57,63.37,-0.006,-0.03,2
2026-04-26 21:29:40,43.77,63.95,0.04,0.116,2
2026-04-26 21:29:45,43.94,62.97,0.034,-0.196,1
2026-04-26 21:29:50,44.24,63.1,0.06,0.026,1
2026-04-26 21:29:55,44.5,63.21,0.052,0.022,1
2026-04-26 21:30:00,44.52,62.49,0.004,-0.144,1
2026-04-26 21:30:05,44.61,62.96,0.018,0.094,1
2026-04-26 21:30:10,44.69,62.73,0.016,-0.046,1
2026-04-26 21:30:15,44.69,62.7,0.0,-0.006,1
2026-04-26 21:30:20,44.64,62.66,-0.01,-0.008,1
2026-04-26 21:30:25,44.63,62.44,-0.002,-0.044,1
2026-04-26 21:30:30,44.79,62.08,0.032,-0.072,1
2026-04-26 21:30:35,44.72,62.62,-0.014,0.108,1
2026-04-26 21:30:40,44.84,62.92,0.024,0.06,1
2026-04-26 21:30:45,44.86,62.18,0.004,-0.148,1
2026-04-26 21:30:50,44.81,61.67,-0.01,-0.102,1
2026-04-26 21:30:55,44.64,62.55,-0.034,0.176,1
2026-04-26 21:31:00,44.73,62.49,0.018,-0.012,1
2026-04-26 21:31:05,44.79,62.28,0.012,-0.042,1
2026-04-26 21:31:10,44.67,62.51,-0.024,0.046,1
2026-04-26 21:31:15,44.78,62.32,0.022,-0.038,1
2026-04-26 21:31:20,44.81,62.69,0.006,0.074,1
2026-04-26 21:31:25,29.19,74.22,-3.124,2.306,0
2026-04-26 21:31:30,29.24,74.34,0.01,0.024,0
2026-04-26 21:31:35,29.29,74.48,0.01,0.028,0
2026-04-26 21:31:40,29.23,75.03,-0.012,0.11,0
2026-04-26 21:31:45,29.25,74.52,0.004,-0.102,0
2026-04-26 21:31:50,29.43,74.46,0.036,-0.012,0
2026-04-26 21:31:55,29.29,74.57,-0.028,0.022,0
2026-04-26 21:32:00,29.21,74.64,-0.016,0.014,0
2026-04-26 21:32:05,29.36,74.6,0.03,-0.008,0
2026-04-26 21:32:10,29.23,74.64,-0.026,0.008,0
2026-04-26 21:32:15,29.33,74.68,0.02,0.008,0
2026-04-26 21:32:20,29.27,74.97,-0.012,0.058,0
2026-04-26 21:32:25,29.28,74.52,0.002,-0.09,0
2026-04-26 21:32:30,29.41,74.57,0.026,0.01,0
2026-04-26 21:32:35,29.26,74.81,-0.03,0.048,0
2026-04-26 21:32:40,29.28,74.1,0.004,-0.142,0
2026-04-26 21:32:45,29.16,74.37,-0.024,0.054,0
2026-04-26 21:32:50,29.35,74.75,0.038,0.076,0
2026-04-26 21:32:55,29.28,74.53,-0.014,-0.044,0
2026-04-26 21:33:00,29.18,74.6,-0.02,0.014,0
2026-04-26 21:33:05,29.31,74.81,0.026,0.042,0
2026-04-26 21:33:10,29.24,74.41,-0.014,-0.08,0
2026-04-26 21:33:15,29.2,74.6,-0.008,0.038,0
2026-04-26 21:33:20,29.37,74.51,0.034,-0.018,0
2026-04-26 21:33:25,29.24,74.45,-0.026,-0.012,0
2026-04-26 21:33:30,29.27,74.71,0.006,0.052,0
2026-04-26 21:33:35,29.41,74.32,0.028,-0.078,0
2026-04-26 21:33:40,29.3,74.83,-0.022,0.102,0
2026-04-26 21:33:45,29.36,74.53,0.012,-0.06,0
2026-04-26 21:33:50,29.3,74.46,-0.012,-0.014,0
2026-04-26 21:33:55,29.17,74.4,-0.026,-0.012,0
2026-04-26 21:34:00,29.25,74.96,0.016,0.112,0
2026-04-26 21:34:05,29.27,74.71,0.004,-0.05,0
2026-04-26 21:34:10,29.25,74.5,-0.004,-0.042,0
2026-04-26 21:34:15,29.35,74.37,0.02,-0.026,0
2026-04-26 21:34:20,29.28,75.49,-0.014,0.224,0
2026-04-26 21:34:25,29.38,75.16,0.02,-0.066,0
2026-04-26 21:34:30,29.31,74.67,-0.014,-0.098,0
2026-04-26 21:34:35,29.34,74.37,0.006,-0.06,0
2026-04-26 21:34:40,29.28,74.71,-0.012,0.068,0
2026-04-26 21:34:45,29.44,75.09,0.032,0.076,0
2026-04-26 21:34:50,29.25,74.54,-0.038,-0.11,0
2026-04-26 21:34:55,29.38,75.59,0.026,0.21,1
2026-04-26 21:35:00,29.32,75.54,-0.012,-0.01,1
2026-04-26 21:35:05,29.31,76.78,-0.002,0.248,1
2026-04-26 21:35:10,29.5,77.14,0.038,0.072,1
2026-04-26 21:35:15,29.33,76.85,-0.034,-0.058,1
2026-04-26 21:35:20,29.37,77.48,0.008,0.126,1
2026-04-26 21:35:25,29.4,77.86,0.006,0.076,1
2026-04-26 21:35:30,29.6,77.78,0.04,-0.016,1
2026-04-26 21:35:35,29.71,78.17,0.022,0.078,1
2026-04-26 21:35:40,29.56,77.86,-0.03,-0.062,1
2026-04-26 21:35:45,29.5,78.34,-0.012,0.096,1
2026-04-26 21:35:50,29.6,78.83,0.02,0.098,1
2026-04-26 21:35:55,29.63,79.19,0.006,0.072,1
2026-04-26 21:36:00,29.65,79.47,0.004,0.056,1
2026-04-26 21:36:05,29.52,79.74,-0.026,0.054,1
2026-04-26 21:36:10,29.79,79.52,0.054,-0.044,1
2026-04-26 21:36:15,29.68,79.49,-0.022,-0.006,1
2026-04-26 21:36:20,29.71,79.67,0.006,0.036,1
2026-04-26 21:36:25,29.77,79.32,0.012,-0.07,1
2026-04-26 21:36:30,29.78,80.18,0.002,0.172,1
2026-04-26 21:36:35,29.87,80.04,0.018,-0.028,1
2026-04-26 21:36:40,29.89,79.46,0.004,-0.116,1
2026-04-26 21:36:45,29.94,80.02,0.01,0.112,1
2026-04-26 21:36:50,29.7,80.59,-0.048,0.114,1
2026-04-26 21:36:55,29.9,79.72,0.04,-0.174,1
2026-04-26 21:37:00,28.91,70.58,-0.198,-1.828,0
2026-04-26 21:37:05,28.93,70.47,0.004,-0.022,0
2026-04-26 21:37:10,28.88,70.5,-0.01,0.006,0
2026-04-26 21:37:15,29.08,70.32,0.04,-0.036,0
2026-04-26 21:37:20,29.03,70.17,-0.01,-0.03,0
2026-04-26 21:37:25,29.06,70.22,0.006,0.01,0
2026-04-26 21:37:30,29.05,70.65,-0.002,0.086,0
2026-04-26 21:37:35,29.02,70.32,-0.006,-0.066,0
2026-04-26 21:37:40,28.97,71.04,-0.01,0.144,0
2026-04-26 21:37:45,29.03,70.32,0.012,-0.144,0
2026-04-26 21:37:50,29.09,70.46,0.012,0.028,0
2026-04-26 21:37:55,28.89,70.09,-0.04,-0.074,0
2026-04-26 21:38:00,29.08,70.5,0.038,0.082,0
2026-04-26 21:38:05,28.93,70.07,-0.03,-0.086,0
2026-04-26 21:38:10,28.96,70.2,0.006,0.026,0
2026-04-26 21:38:15,28.95,70.69,-0.002,0.098,0
2026-04-26 21:38:20,28.94,70.41,-0.002,-0.056,0
2026-04-26 21:38:25,29.06,70.16,0.024,-0.05,0
2026-04-26 21:38:30,28.98,69.94,-0.016,-0.044,0
2026-04-26 21:38:35,28.92,70.31,-0.012,0.074,0
2026-04-26 21:38:40,29.08,70.53,0.032,0.044,0
2026-04-26 21:38:45,29.11,70.34,0.006,-0.038,0
2026-04-26 21:38:50,29.07,70.25,-0.008,-0.018,0
2026-04-26 21:38:55,28.92,70.01,-0.03,-0.048,0
2026-04-26 21:39:00,29.03,70.31,0.022,0.06,0
2026-04-26 21:39:05,29.01,70.18,-0.004,-0.026,0
2026-04-26 21:39:10,29.04,70.63,0.006,0.09,0
2026-04-26 21:39:15,28.98,70.89,-0.012,0.052,0
2026-04-26 21:39:20,29.02,70.14,0.008,-0.15,0
2026-04-26 21:39:25,28.97,70.79,-0.01,0.13,0
2026-04-26 21:39:30,28.98,70.57,0.002,-0.044,0
2026-04-26 21:39:35,29.0,70.21,0.004,-0.072,0
2026-04-26 21:39:40,28.91,70.25,-0.018,0.008,0
2026-04-26 21:39:45,29.04,70.19,0.026,-0.012,0
2026-04-26 21:39:50,29.1,70.26,0.012,0.014,0
2026-04-26 21:39:55,28.89,70.4,-0.042,0.028,0
2026-04-26 21:40:00,28.92,70.4,0.006,0.0,0
2026-04-26 21:40:05,28.99,69.91,0.014,-0.098,0
2026-04-26 21:40:10,29.13,70.21,0.028,0.06,0
2026-04-26 21:40:15,32.44,66.38,0.662,-0.766,2
2026-04-26 21:40:20,35.23,64.11,0.558,-0.454,2
2026-04-26 21:40:25,36.91,61.67,0.336,-0.488,2
2026-04-26 21:40:30,38.08,60.47,0.234,-0.24,2
2026-04-26 21:40:35,38.75,59.76,0.134,-0.142,2
2026-04-26 21:40:40,38.92,59.06,0.034,-0.14,2
2026-04-26 21:40:45,39.03,58.25,0.022,-0.162,2
2026-04-26 21:40:50,39.06,58.16,0.006,-0.018,2
2026-04-26 21:40:55,38.89,57.66,-0.034,-0.1,2
2026-04-26 21:41:00,38.97,57.64,0.016,-0.004,2
2026-04-26 21:41:05,38.98,57.36,0.002,-0.056,2
2026-04-26 21:41:10,38.95,57.62,-0.006,0.052,2
2026-04-26 21:41:15,38.81,57.67,-0.028,0.01,2
2026-04-26 21:41:20,38.67,56.68,-0.028,-0.198,2
2026-04-26 21:41:25,38.98,56.93,0.062,0.05,1
2026-04-26 21:41:30,38.95,56.61,-0.006,-0.064,1
2026-04-26 21:41:35,39.31,56.47,0.072,-0.028,1
2026-04-26 21:41:40,39.34,56.16,0.006,-0.062,1
2026-04-26 21:41:45,39.31,55.98,-0.006,-0.036,1
2026-04-26 21:41:50,39.46,55.91,0.03,-0.014,1
2026-04-26 21:41:55,39.4,55.37,-0.012,-0.108,1
2026-04-26 21:42:00,39.41,55.34,0.002,-0.006,1
2026-04-26 21:42:05,39.44,55.51,0.006,0.034,1
2026-04-26 21:42:10,39.52,55.55,0.016,0.008,1
2026-04-26 21:42:15,39.57,55.48,0.01,-0.014,1
2026-04-26 21:42:20,39.5,55.31,-0.014,-0.034,1
2026-04-26 21:42:25,39.51,55.61,0.002,0.06,1
2026-04-26 21:42:30,39.5,55.06,-0.002,-0.11,1
2026-04-26 21:42:35,39.43,55.48,-0.014,0.084,1
2026-04-26 21:42:40,39.56,55.37,0.026,-0.022,1
2026-04-26 21:42:45,39.67,55.33,0.022,-0.008,1
2026-04-26 21:42:50,39.5,55.26,-0.034,-0.014,1
2026-04-26 21:42:55,39.44,55.49,-0.012,0.046,1
2026-04-26 21:43:00,39.53,55.56,0.018,0.014,1
2026-04-26 21:43:05,29.31,71.85,-2.044,3.258,0
2026-04-26 21:43:10,29.44,72.04,0.026,0.038,0
2026-04-26 21:43:15,29.42,72.2,-0.004,0.032,0
2026-04-26 21:43:20,29.5,71.69,0.016,-0.102,0
2026-04-26 21:43:25,29.46,71.74,-0.008,0.01,0
2026-04-26 21:43:30,29.48,71.7,0.004,-0.008,0
2026-04-26 21:43:35,29.52,72.11,0.008,0.082,0
2026-04-26 21:43:40,29.47,71.77,-0.01,-0.068,0
2026-04-26 21:43:45,29.57,71.64,0.02,-0.026,0
2026-04-26 21:43:50,29.58,72.01,0.002,0.074,0
2026-04-26 21:43:55,29.6,71.87,0.004,-0.028,0
2026-04-26 21:44:00,29.37,71.75,-0.046,-0.024,0
2026-04-26 21:44:05,29.5,71.73,0.026,-0.004,0
2026-04-26 21:44:10,29.57,71.99,0.014,0.052,0
2026-04-26 21:44:15,29.4,72.03,-0.034,0.008,0
2026-04-26 21:44:20,29.44,71.87,0.008,-0.032,0
2026-04-26 21:44:25,29.4,71.92,-0.008,0.01,0
2026-04-26 21:44:30,29.62,71.82,0.044,-0.02,0
2026-04-26 21:44:35,29.52,71.4,-0.02,-0.084,0
2026-04-26 21:44:40,29.51,71.69,-0.002,0.058,0
2026-04-26 21:44:45,29.49,71.64,-0.004,-0.01,0
2026-04-26 21:44:50,29.52,71.22,0.006,-0.084,0
2026-04-26 21:44:55,29.56,71.76,0.008,0.108,0
2026-04-26 21:45:00,29.57,71.87,0.002,0.022,0
2026-04-26 21:45:05,29.6,71.97,0.006,0.02,0
2026-04-26 21:45:10,29.54,71.89,-0.012,-0.016,0
2026-04-26 21:45:15,29.48,71.85,-0.012,-0.008,0
2026-04-26 21:45:20,29.46,71.57,-0.004,-0.056,0
2026-04-26 21:45:25,29.65,71.87,0.038,0.06,0
2026-04-26 21:45:30,29.45,71.54,-0.04,-0.066,0
2026-04-26 21:45:35,29.49,71.33,0.008,-0.042,0
2026-04-26 21:45:40,29.44,72.08,-0.01,0.15,0
2026-04-26 21:45:45,29.55,72.08,0.022,0.0,0
2026-04-26 21:45:50,29.63,71.93,0.016,-0.03,0
2026-04-26 21:45:55,29.54,71.73,-0.018,-0.04,0
2026-04-26 21:46:00,29.63,71.82,0.018,0.018,0
2026-04-26 21:46:05,29.57,72.01,-0.012,0.038,0
2026-04-26 21:46:10,29.6,71.63,0.006,-0.076,0
2026-04-26 21:46:15,29.51,71.47,-0.018,-0.032,0
2026-04-26 21:46:20,29.58,71.42,0.014,-0.01,0
2026-04-26 21:46:25,29.59,71.47,0.002,0.01,0
2026-04-26 21:46:30,29.57,71.41,-0.004,-0.012,0
2026-04-26 21:46:35,29.49,71.84,-0.016,0.086,0
2026-04-26 21:46:40,29.64,71.47,0.03,-0.074,0
2026-04-26 21:46:45,29.74,71.13,0.02,-0.068,1
2026-04-26 21:46:50,30.04,71.32,0.06,0.038,1
2026-04-26 21:46:55,30.18,70.71,0.028,-0.122,1
2026-04-26 21:47:00,30.2,71.03,0.004,0.064,1
2026-04-26 21:47:05,30.52,70.63,0.064,-0.08,1
2026-04-26 21:47:10,30.67,70.62,0.03,-0.002,1
2026-04-26 21:47:15,30.82,70.26,0.03,-0.072,1
2026-04-26 21:47:20,30.96,70.22,0.028,-0.008,1
2026-04-26 21:47:25,31.0,70.93,0.008,0.142,1
2026-04-26 21:47:30,31.27,70.35,0.054,-0.116,1
2026-04-26 21:47:35,31.3,70.38,0.006,0.006,1
2026-04-26 21:47:40,31.52,69.99,0.044,-0.078,1
2026-04-26 21:47:45,31.62,69.83,0.02,-0.032,1
2026-04-26 21:47:50,31.64,70.02,0.004,0.038,1
2026-04-26 21:47:55,31.63,69.98,-0.002,-0.008,1
2026-04-26 21:48:00,31.69,69.62,0.012,-0.072,1
2026-04-26 21:48:05,31.78,70.45,0.018,0.166,1
2026-04-26 21:48:10,31.83,70.51,0.01,0.012,1
2026-04-26 21:48:15,31.69,70.17,-0.028,-0.068,1
2026-04-26 21:48:20,31.86,70.44,0.034,0.054,1
2026-04-26 21:48:25,31.85,70.6,-0.002,0.032,1
2026-04-26 21:48:30,31.87,70.61,0.004,0.002,1
2026-04-26 21:48:35,31.94,70.32,0.014,-0.058,1
2026-04-26 21:48:40,31.87,70.52,-0.014,0.04,1
2026-04-26 21:48:45,31.9,70.72,0.006,0.04,1
2026-04-26 21:48:50,31.96,70.73,0.012,0.002,1
2026-04-26 21:48:55,31.86,71.04,-0.02,0.062,1
2026-04-26 21:49:00,31.85,70.26,-0.002,-0.156,1
2026-04-26 21:49:05,31.97,70.87,0.024,0.122,1
2026-04-26 21:49:10,31.85,71.26,-0.024,0.078,1
2026-04-26 21:49:15,32.04,71.0,0.038,-0.052,1
2026-04-26 21:49:20,31.84,70.74,-0.04,-0.052,1
2026-04-26 21:49:25,31.97,70.92,0.026,0.036,1
2026-04-26 21:49:30,31.99,71.0,0.004,0.016,1
2026-04-26 21:49:35,31.89,70.61,-0.02,-0.078,1
2026-04-26 21:49:40,29.01,72.17,-0.576,0.312,0
2026-04-26 21:49:45,29.35,71.7,0.068,-0.094,0
2026-04-26 21:49:50,29.17,71.64,-0.036,-0.012,0
2026-04-26 21:49:55,29.2,71.88,0.006,0.048,0
2026-04-26 21:50:00,29.12,71.71,-0.016,-0.034,0
2026-04-26 21:50:05,29.12,71.87,0.0,0.032,0
2026-04-26 21:50:10,29.2,71.89,0.016,0.004,0
2026-04-26 21:50:15,29.07,71.84,-0.026,-0.01,0
2026-04-26 21:50:20,29.15,72.07,0.016,0.046,0
2026-04-26 21:50:25,29.11,71.7,-0.008,-0.074,0
2026-04-26 21:50:30,29.14,71.78,0.006,0.016,0
2026-04-26 21:50:35,29.07,71.5,-0.014,-0.056,0
2026-04-26 21:50:40,29.21,72.08,0.028,0.116,0
2026-04-26 21:50:45,29.15,71.64,-0.012,-0.088,0
2026-04-26 21:50:50,29.19,71.67,0.008,0.006,0
2026-04-26 21:50:55,29.13,71.56,-0.012,-0.022,0
2026-04-26 21:51:00,29.29,71.84,0.032,0.056,0
2026-04-26 21:51:05,29.18,71.31,-0.022,-0.106,0
2026-04-26 21:51:10,29.24,72.12,0.012,0.162,0
2026-04-26 21:51:15,29.19,72.11,-0.01,-0.002,0
2026-04-26 21:51:20,29.15,71.57,-0.008,-0.108,0
2026-04-26 21:51:25,29.21,71.7,0.012,0.026,0
2026-04-26 21:51:30,29.2,71.58,-0.002,-0.024,0
2026-04-26 21:51:35,29.24,71.76,0.008,0.036,0
2026-04-26 21:51:40,29.08,72.14,-0.032,0.076,0
2026-04-26 21:51:45,29.14,71.98,0.012,-0.032,0
2026-04-26 21:51:50,29.22,71.49,0.016,-0.098,0
2026-04-26 21:51:55,29.12,71.48,-0.02,-0.002,0
2026-04-26 21:52:00,29.24,71.58,0.024,0.02,0
2026-04-26 21:52:05,29.16,71.33,-0.016,-0.05,0
2026-04-26 21:52:10,29.19,72.22,0.006,0.178,0
2026-04-26 21:52:15,29.17,71.74,-0.004,-0.096,0
2026-04-26 21:52:20,29.08,71.76,-0.018,0.004,0
2026-04-26 21:52:25,29.04,71.81,-0.008,0.01,0
2026-04-26 21:52:30,29.14,71.43,0.02,-0.076,0
2026-04-26 21:52:35,29.25,71.5,0.022,0.014,0
2026-04-26 21:52:40,29.25,72.09,0.0,0.118,1
2026-04-26 21:52:45,29.26,72.99,0.002,0.18,1
2026-04-26 21:52:50,29.23,72.92,-0.006,-0.014,1
2026-04-26 21:52:55,29.41,73.38,0.036,0.092,1
2026-04-26 21:53:00,29.33,73.51,-0.016,0.026,1
2026-04-26 21:53:05,29.47,73.61,0.028,0.02,1
2026-04-26 21:53:10,29.39,74.04,-0.016,0.086,1
2026-04-26 21:53:15,29.51,73.75,0.024,-0.058,1
2026-04-26 21:53:20,29.43,73.74,-0.016,-0.002,1
2026-04-26 21:53:25,29.34,73.99,-0.018,0.05,1
2026-04-26 21:53:30,29.4,74.22,0.012,0.046,1
2026-04-26 21:53:35,29.58,73.98,0.036,-0.048,1
2026-04-26 21:53:40,29.51,74.32,-0.014,0.068,1
2026-04-26 21:53:45,29.56,74.08,0.01,-0.048,1
2026-04-26 21:53:50,29.4,73.81,-0.032,-0.054,1
2026-04-26 21:53:55,29.57,74.12,0.034,0.062,1
2026-04-26 21:54:00,29.49,74.12,-0.016,0.0,1
2026-04-26 21:54:05,29.54,74.4,0.01,0.056,1
2026-04-26 21:54:10,29.65,74.56,0.022,0.032,1
2026-04-26 21:54:15,29.59,74.12,-0.012,-0.088,1
2026-04-26 21:54:20,29.56,74.24,-0.006,0.024,1
2026-04-26 21:54:25,29.61,74.18,0.01,-0.012,1
2026-04-26 21:54:30,29.66,74.31,0.01,0.026,1
2026-04-26 21:54:35,29.42,74.47,-0.048,0.032,1
2026-04-26 21:54:40,29.6,74.36,0.036,-0.022,1
2026-04-26 21:54:45,28.51,74.92,-0.218,0.112,0
2026-04-26 21:54:50,28.53,75.14,0.004,0.044,0
2026-04-26 21:54:55,28.75,75.21,0.044,0.014,0
2026-04-26 21:55:00,28.77,75.01,0.004,-0.04,0
2026-04-26 21:55:05,28.75,75.44,-0.004,0.086,0
2026-04-26 21:55:10,28.75,75.2,0.0,-0.048,0
2026-04-26 21:55:15,28.76,75.25,0.002,0.01,0
2026-04-26 21:55:20,28.74,74.91,-0.004,-0.068,0
2026-04-26 21:55:25,28.71,75.15,-0.006,0.048,0
2026-04-26 21:55:30,28.65,75.31,-0.012,0.032,0
2026-04-26 21:55:35,28.82,75.33,0.034,0.004,0
2026-04-26 21:55:40,28.8,75.36,-0.004,0.006,0
2026-04-26 21:55:45,28.76,75.62,-0.008,0.052,0
2026-04-26 21:55:50,28.67,75.01,-0.018,-0.122,0
2026-04-26 21:55:55,28.71,75.11,0.008,0.02,0
2026-04-26 21:56:00,28.58,75.34,-0.026,0.046,0
2026-04-26 21:56:05,28.72,75.14,0.028,-0.04,0
2026-04-26 21:56:10,28.79,75.6,0.014,0.092,0
2026-04-26 21:56:15,28.63,75.5,-0.032,-0.02,0
2026-04-26 21:56:20,28.87,75.06,0.048,-0.088,0
2026-04-26 21:56:25,28.74,75.03,-0.026,-0.006,0
2026-04-26 21:56:30,28.79,74.92,0.01,-0.022,0
2026-04-26 21:56:35,28.77,75.29,-0.004,0.074,0
2026-04-26 21:56:40,28.76,74.71,-0.002,-0.116,0
2026-04-26 21:56:45,28.66,75.31,-0.02,0.12,0
2026-04-26 21:56:50,28.71,74.9,0.01,-0.082,0
2026-04-26 21:56:55,28.59,75.35,-0.024,0.09,0
2026-04-26 21:57:00,28.94,75.26,0.07,-0.018,0
2026-04-26 21:57:05,28.66,75.49,-0.056,0.046,0
2026-04-26 21:57:10,28.91,75.07,0.05,-0.084,0
2026-04-26 21:57:15,28.73,75.02,-0.036,-0.01,0
2026-04-26 21:57:20,28.79,75.03,0.012,0.002,0
2026-04-26 21:57:25,28.71,75.32,-0.016,0.058,0
2026-04-26 21:57:30,28.78,75.12,0.014,-0.04,0
2026-04-26 21:57:35,28.59,75.34,-0.038,0.044,0
2026-04-26 21:57:40,28.82,75.31,0.046,-0.006,0
2026-04-26 21:57:45,28.9,74.67,0.016,-0.128,0
2026-04-26 21:57:50,28.69,74.93,-0.042,0.052,0
2026-04-26 21:57:55,28.76,75.5,0.014,0.114,0
2026-04-26 21:58:00,28.85,75.29,0.018,-0.042,0
2026-04-26 21:58:05,28.68,75.32,-0.034,0.006,0
2026-04-26 21:58:10,28.65,74.93,-0.006,-0.078,0
2026-04-26 21:58:15,28.84,75.36,0.038,0.086,1
2026-04-26 21:58:20,28.84,75.32,0.0,-0.008,1
2026-04-26 21:58:25,28.83,75.4,-0.002,0.016,1
2026-04-26 21:58:30,28.68,75.37,-0.03,-0.006,1
2026-04-26 21:58:35,28.88,75.17,0.04,-0.04,1
2026-04-26 21:58:40,28.66,75.07,-0.044,-0.02,1
2026-04-26 21:58:45,28.85,75.45,0.038,0.076,1
2026-04-26 21:58:50,28.75,75.49,-0.02,0.008,1
2026-04-26 21:58:55,28.72,75.06,-0.006,-0.086,1
2026-04-26 21:59:00,28.89,75.62,0.034,0.112,1
2026-04-26 21:59:05,28.81,75.28,-0.016,-0.068,1
2026-04-26 21:59:10,28.85,74.93,0.008,-0.07,1
2026-04-26 21:59:15,28.95,75.19,0.02,0.052,0
2026-04-26 21:59:20,28.84,75.48,-0.022,0.058,0
2026-04-26 21:59:25,28.83,75.75,-0.002,0.054,0
2026-04-26 21:59:30,28.78,75.48,-0.01,-0.054,0
2026-04-26 21:59:35,29.0,75.31,0.044,-0.034,0
2026-04-26 21:59:40,29.01,75.4,0.002,0.018,0
2026-04-26 21:59:45,28.82,75.78,-0.038,0.076,0
2026-04-26 21:59:50,28.84,75.76,0.004,-0.004,0
2026-04-26 21:59:55,28.86,75.61,0.004,-0.03,0
2026-04-26 22:00:00,28.95,75.41,0.018,-0.04,0
2026-04-26 22:00:05,28.91,75.97,-0.008,0.112,0
2026-04-26 22:00:10,28.93,76.1,0.004,0.026,0
2026-04-26 22:00:15,28.95,75.93,0.004,-0.034,0
2026-04-26 22:00:20,29.03,75.75,0.016,-0.036,0
2026-04-26 22:00:25,29.12,74.87,0.018,-0.176,0
2026-04-26 22:00:30,29.3,74.99,0.036,0.024,0
2026-04-26 22:00:35,29.17,74.54,-0.026,-0.09,0
2026-04-26 22:00:40,29.25,74.49,0.016,-0.01,0
2026-04-26 22:00:45,29.2,74.32,-0.01,-0.034,0
2026-04-26 22:00:50,29.25,74.37,0.01,0.01,0
2026-04-26 22:00:55,29.26,74.86,0.002,0.098,0
2026-04-26 22:01:00,29.33,74.73,0.014,-0.026,0
2026-04-26 22:01:05,29.3,74.5,-0.006,-0.046,0
2026-04-26 22:01:10,29.31,74.62,0.002,0.024,0
2026-04-26 22:01:15,29.36,74.5,0.01,-0.024,0
2026-04-26 22:01:20,29.22,74.44,-0.028,-0.012,0
2026-04-26 22:01:25,29.2,73.79,-0.004,-0.13,0
2026-04-26 22:01:30,29.18,74.46,-0.004,0.134,0
2026-04-26 22:01:35,29.23,74.44,0.01,-0.004,0
2026-04-26 22:01:40,29.25,74.75,0.004,0.062,0
2026-04-26 22:01:45,29.22,74.29,-0.006,-0.092,0
2026-04-26 22:01:50,29.27,74.51,0.01,0.044,0
2026-04-26 22:01:55,29.31,74.46,0.008,-0.01,0
2026-04-26 22:02:00,29.2,74.35,-0.022,-0.022,0
2026-04-26 22:02:05,29.32,74.2,0.024,-0.03,0
2026-04-26 22:02:10,29.34,73.9,0.004,-0.06,0
2026-04-26 22:02:15,29.3,74.5,-0.008,0.12,0
2026-04-26 22:02:20,29.39,74.17,0.018,-0.066,0
2026-04-26 22:02:25,29.38,74.34,-0.002,0.034,0
2026-04-26 22:02:30,29.19,74.28,-0.038,-0.012,0
2026-04-26 22:02:35,29.42,74.82,0.046,0.108,1
2026-04-26 22:02:40,29.28,75.0,-0.028,0.036,1
2026-04-26 22:02:45,29.54,75.39,0.052,0.078,1
2026-04-26 22:02:50,29.44,75.83,-0.02,0.088,1
2026-04-26 22:02:55,29.35,75.55,-0.018,-0.056,1
2026-04-26 22:03:00,29.53,76.2,0.036,0.13,1
2026-04-26 22:03:05,29.41,76.51,-0.024,0.062,1
2026-04-26 22:03:10,29.46,76.54,0.01,0.006,1
2026-04-26 22:03:15,29.59,76.63,0.026,0.018,1
2026-04-26 22:03:20,29.5,76.64,-0.018,0.002,1
2026-04-26 22:03:25,29.46,77.31,-0.008,0.134,1
2026-04-26 22:03:30,29.46,77.02,0.0,-0.058,1
2026-04-26 22:03:35,29.44,76.94,-0.004,-0.016,1
2026-04-26 22:03:40,29.58,76.9,0.028,-0.008,1
2026-04-26 22:03:45,29.67,77.87,0.018,0.194,1
2026-04-26 22:03:50,29.67,77.66,0.0,-0.042,1
2026-04-26 22:03:55,29.7,77.84,0.006,0.036,1
2026-04-26 22:04:00,29.6,77.78,-0.02,-0.012,1
2026-04-26 22:04:05,29.66,77.99,0.012,0.042,1
2026-04-26 22:04:10,29.71,77.5,0.01,-0.098,1
2026-04-26 22:04:15,29.72,78.06,0.002,0.112,1
2026-04-26 22:04:20,29.67,77.89,-0.01,-0.034,1
2026-04-26 22:04:25,29.76,77.84,0.018,-0.01,1
2026-04-26 22:04:30,29.82,77.78,0.012,-0.012,1
2026-04-26 22:04:35,29.86,78.09,0.008,0.062,1
2026-04-26 22:04:40,29.6,78.07,-0.052,-0.004,1
2026-04-26 22:04:45,28.89,70.65,-0.142,-1.484,0
2026-04-26 22:04:50,29.08,71.31,0.038,0.132,0
2026-04-26 22:04:55,29.01,71.12,-0.014,-0.038,0
2026-04-26 22:05:00,29.13,70.36,0.024,-0.152,0
2026-04-26 22:05:05,29.13,71.06,0.0,0.14,0
2026-04-26 22:05:10,29.13,71.25,0.0,0.038,0
2026-04-26 22:05:15,29.26,70.99,0.026,-0.052,0
2026-04-26 22:05:20,29.03,70.86,-0.046,-0.026,0
2026-04-26 22:05:25,29.04,70.74,0.002,-0.024,0
2026-04-26 22:05:30,29.08,70.87,0.008,0.026,0
2026-04-26 22:05:35,29.08,70.74,0.0,-0.026,0
2026-04-26 22:05:40,29.15,70.45,0.014,-0.058,0
2026-04-26 22:05:45,29.1,70.6,-0.01,0.03,0
2026-04-26 22:05:50,29.18,70.88,0.016,0.056,0
2026-04-26 22:05:55,29.16,71.15,-0.004,0.054,0
2026-04-26 22:06:00,29.0,70.43,-0.032,-0.144,0
2026-04-26 22:06:05,29.11,71.04,0.022,0.122,0
2026-04-26 22:06:10,29.09,70.6,-0.004,-0.088,0
2026-04-26 22:06:15,29.12,70.49,0.006,-0.022,0
2026-04-26 22:06:20,29.12,70.87,0.0,0.076,0
2026-04-26 22:06:25,29.21,70.91,0.018,0.008,0
2026-04-26 22:06:30,29.05,70.68,-0.032,-0.046,0
2026-04-26 22:06:35,29.29,70.64,0.048,-0.008,0
2026-04-26 22:06:40,29.07,70.81,-0.044,0.034,0
2026-04-26 22:06:45,29.26,70.5,0.038,-0.062,0
2026-04-26 22:06:50,29.21,70.96,-0.01,0.092,0
2026-04-26 22:06:55,29.25,71.18,0.008,0.044,0
2026-04-26 22:07:00,29.21,70.82,-0.008,-0.072,0
2026-04-26 22:07:05,29.24,70.26,0.006,-0.112,0
2026-04-26 22:07:10,29.17,70.84,-0.014,0.116,0
2026-04-26 22:07:15,29.16,70.94,-0.002,0.02,0
2026-04-26 22:07:20,29.25,70.62,0.018,-0.064,0
2026-04-26 22:07:25,29.12,70.92,-0.026,0.06,0
2026-04-26 22:07:30,29.23,70.45,0.022,-0.094,0
2026-04-26 22:07:35,29.02,70.62,-0.042,0.034,0
2026-04-26 22:07:40,29.08,70.54,0.012,-0.016,0
2026-04-26 22:07:45,29.04,70.81,-0.008,0.054,0
2026-04-26 22:07:50,29.13,70.38,0.018,-0.086,0
2026-04-26 22:07:55,29.04,70.56,-0.018,0.036,0
2026-04-26 22:08:00,29.15,70.62,0.022,0.012,0
2026-04-26 22:08:05,29.09,70.89,-0.012,0.054,0
2026-04-26 22:08:10,29.31,70.56,0.044,-0.066,0
2026-04-26 22:08:15,29.16,70.36,-0.03,-0.04,0
2026-04-26 22:08:20,29.08,70.46,-0.016,0.02,0
2026-04-26 22:08:25,29.01,70.91,-0.014,0.09,0
2026-04-26 22:08:30,29.09,70.65,0.016,-0.052,0
2026-04-26 22:08:35,29.07,70.5,-0.004,-0.03,0
2026-04-26 22:08:40,29.16,70.36,0.018,-0.028,0
2026-04-26 22:08:45,29.2,70.41,0.008,0.01,0
2026-04-26 22:08:50,29.2,70.12,0.0,-0.058,0
2026-04-26 22:08:55,29.15,70.51,-0.01,0.078,1
2026-04-26 22:09:00,29.12,70.69,-0.006,0.036,1
2026-04-26 22:09:05,29.05,70.74,-0.014,0.01,1
2026-04-26 22:09:10,29.19,70.24,0.028,-0.1,1
2026-04-26 22:09:15,29.24,70.39,0.01,0.03,1
2026-04-26 22:09:20,29.26,70.62,0.004,0.046,1
2026-04-26 22:09:25,29.09,70.74,-0.034,0.024,1
2026-04-26 22:09:30,29.14,70.51,0.01,-0.046,1
2026-04-26 22:09:35,29.19,70.39,0.01,-0.024,1
2026-04-26 22:09:40,29.16,70.78,-0.006,0.078,1
2026-04-26 22:09:45,29.26,70.74,0.02,-0.008,1
2026-04-26 22:09:50,29.22,70.4,-0.008,-0.068,1
2026-04-26 22:09:55,29.23,70.56,0.002,0.032,1
2026-04-26 22:10:00,29.11,70.9,-0.024,0.068,1
2026-04-26 22:10:05,29.14,70.54,0.006,-0.072,1
2026-04-26 22:10:10,29.18,70.62,0.008,0.016,0
2026-04-26 22:10:15,29.16,70.61,-0.004,-0.002,0
2026-04-26 22:10:20,29.2,70.97,0.008,0.072,0
2026-04-26 22:10:25,29.14,70.75,-0.012,-0.044,0
2026-04-26 22:10:30,29.25,70.69,0.022,-0.012,0
2026-04-26 22:10:35,29.29,70.55,0.008,-0.028,0
2026-04-26 22:10:40,29.33,71.08,0.008,0.106,0
2026-04-26 22:10:45,29.15,70.98,-0.036,-0.02,0
2026-04-26 22:10:50,29.18,71.05,0.006,0.014,0
2026-04-26 22:10:55,29.28,70.92,0.02,-0.026,0
2026-04-26 22:11:00,28.58,70.87,-0.14,-0.01,0
2026-04-26 22:11:05,28.53,71.11,-0.01,0.048,0
2026-04-26 22:11:10,28.69,70.93,0.032,-0.036,0
2026-04-26 22:11:15,28.62,71.05,-0.014,0.024,0
2026-04-26 22:11:20,28.41,71.04,-0.042,-0.002,0
2026-04-26 22:11:25,28.62,70.88,0.042,-0.032,0
2026-04-26 22:11:30,28.59,70.75,-0.006,-0.026,0
2026-04-26 22:11:35,28.73,70.92,0.028,0.034,0
2026-04-26 22:11:40,28.55,70.89,-0.036,-0.006,0
2026-04-26 22:11:45,28.52,71.09,-0.006,0.04,0
2026-04-26 22:11:50,28.54,71.16,0.004,0.014,0
2026-04-26 22:11:55,28.58,71.15,0.008,-0.002,0
2026-04-26 22:12:00,28.45,70.92,-0.026,-0.046,0
2026-04-26 22:12:05,28.75,71.16,0.06,0.048,0
2026-04-26 22:12:10,28.62,71.07,-0.026,-0.018,0
2026-04-26 22:12:15,28.7,70.8,0.016,-0.054,0
2026-04-26 22:12:20,28.46,70.85,-0.048,0.01,0
2026-04-26 22:12:25,28.63,71.16,0.034,0.062,0
2026-04-26 22:12:30,28.5,70.7,-0.026,-0.092,0
2026-04-26 22:12:35,28.62,70.93,0.024,0.046,0
2026-04-26 22:12:40,28.52,70.85,-0.02,-0.016,0
2026-04-26 22:12:45,28.63,70.88,0.022,0.006,0
2026-04-26 22:12:50,28.57,71.23,-0.012,0.07,0
2026-04-26 22:12:55,28.49,71.45,-0.016,0.044,0
2026-04-26 22:13:00,28.62,70.86,0.026,-0.118,0
2026-04-26 22:13:05,28.56,71.12,-0.012,0.052,0
2026-04-26 22:13:10,28.54,71.27,-0.004,0.03,0
2026-04-26 22:13:15,28.6,70.84,0.012,-0.086,0
2026-04-26 22:13:20,28.71,70.87,0.022,0.006,0
2026-04-26 22:13:25,28.65,70.85,-0.012,-0.004,0
2026-04-26 22:13:30,28.57,71.17,-0.016,0.064,0
2026-04-26 22:13:35,28.68,70.66,0.022,-0.102,0
2026-04-26 22:13:40,28.55,71.22,-0.026,0.112,0
2026-04-26 22:13:45,28.53,71.16,-0.004,-0.012,0
2026-04-26 22:13:50,28.47,71.27,-0.012,0.022,0
2026-04-26 22:13:55,28.59,71.33,0.024,0.012,0
2026-04-26 22:14:00,30.64,69.13,0.41,-0.44,2
2026-04-26 22:14:05,32.45,67.9,0.362,-0.246,2
2026-04-26 22:14:10,33.93,66.04,0.296,-0.372,2
2026-04-26 22:14:15,34.85,65.12,0.184,-0.184,2
2026-04-26 22:14:20,35.53,64.67,0.136,-0.09,2
2026-04-26 22:14:25,36.21,64.02,0.136,-0.13,2
2026-04-26 22:14:30,36.33,63.48,0.024,-0.108,2
2026-04-26 22:14:35,36.59,63.47,0.052,-0.002,1
2026-04-26 22:14:40,36.69,63.33,0.02,-0.028,1
2026-04-26 22:14:45,36.92,62.76,0.046,-0.114,1
2026-04-26 22:14:50,37.09,62.82,0.034,0.012,1
2026-04-26 22:14:55,37.14,62.7,0.01,-0.024,1
2026-04-26 22:15:00,37.33,62.68,0.038,-0.004,1
2026-04-26 22:15:05,37.4,62.87,0.014,0.038,1
2026-04-26 22:15:10,37.36,62.37,-0.008,-0.1,1
2026-04-26 22:15:15,37.6,62.16,0.048,-0.042,1
2026-04-26 22:15:20,37.54,62.44,-0.012,0.056,1
2026-04-26 22:15:25,37.6,62.37,0.012,-0.014,1
2026-04-26 22:15:30,37.49,61.71,-0.022,-0.132,1
2026-04-26 22:15:35,37.51,62.3,0.004,0.118,1
2026-04-26 22:15:40,28.69,73.22,-1.764,2.184,0
2026-04-26 22:15:45,28.61,72.9,-0.016,-0.064,0
2026-04-26 22:15:50,28.63,73.3,0.004,0.08,0
2026-04-26 22:15:55,28.8,73.44,0.034,0.028,0
2026-04-26 22:16:00,28.82,73.1,0.004,-0.068,0
2026-04-26 22:16:05,28.75,73.13,-0.014,0.006,0
2026-04-26 22:16:10,28.69,72.9,-0.012,-0.046,0
2026-04-26 22:16:15,28.75,73.09,0.012,0.038,0
2026-04-26 22:16:20,28.81,73.03,0.012,-0.012,0
2026-04-26 22:16:25,28.92,72.73,0.022,-0.06,0
2026-04-26 22:16:30,28.75,73.19,-0.034,0.092,0
2026-04-26 22:16:35,28.72,72.89,-0.006,-0.06,0
2026-04-26 22:16:40,28.68,73.01,-0.008,0.024,0
2026-04-26 22:16:45,28.81,72.59,0.026,-0.084,0
2026-04-26 22:16:50,28.88,73.06,0.014,0.094,0
2026-04-26 22:16:55,28.8,73.04,-0.016,-0.004,0
2026-04-26 22:17:00,28.86,72.45,0.012,-0.118,0
2026-04-26 22:17:05,28.81,73.13,-0.01,0.136,0
2026-04-26 22:17:10,28.78,72.93,-0.006,-0.04,0
2026-04-26 22:17:15,28.87,73.33,0.018,0.08,0
2026-04-26 22:17:20,28.83,73.14,-0.008,-0.038,0
2026-04-26 22:17:25,28.85,72.8,0.004,-0.068,0
2026-04-26 22:17:30,28.86,72.43,0.002,-0.074,0
2026-04-26 22:17:35,28.69,72.61,-0.034,0.036,0
2026-04-26 22:17:40,28.75,72.56,0.012,-0.01,0
2026-04-26 22:17:45,28.77,72.57,0.004,0.002,0
2026-04-26 22:17:50,28.78,72.53,0.002,-0.008,0
2026-04-26 22:17:55,28.87,73.2,0.018,0.134,0
2026-04-26 22:18:00,28.93,72.34,0.012,-0.172,0
2026-04-26 22:18:05,28.8,72.69,-0.026,0.07,0
2026-04-26 22:18:10,28.85,72.79,0.01,0.02,0
2026-04-26 22:18:15,28.71,73.17,-0.028,0.076,0
2026-04-26 22:18:20,28.8,72.67,0.018,-0.1,0
2026-04-26 22:18:25,28.77,72.78,-0.006,0.022,0
2026-04-26 22:18:30,28.9,73.15,0.026,0.074,0
2026-04-26 22:18:35,28.78,72.59,-0.024,-0.112,0
2026-04-26 22:18:40,28.92,73.19,0.028,0.12,0
2026-04-26 22:18:45,28.91,73.1,-0.002,-0.018,0
2026-04-26 22:18:50,28.97,72.79,0.012,-0.062,0
2026-04-26 22:18:55,28.99,72.94,0.004,0.03,0
2026-04-26 22:19:00,28.96,72.99,-0.006,0.01,0
2026-04-26 22:19:05,28.88,72.86,-0.016,-0.026,0
2026-04-26 22:19:10,28.77,72.91,-0.022,0.01,0
2026-04-26 22:19:15,28.82,72.73,0.01,-0.036,0
2026-04-26 22:19:20,28.8,72.64,-0.004,-0.018,0
2026-04-26 22:19:25,28.73,73.22,-0.014,0.116,0
2026-04-26 22:19:30,28.76,72.77,0.006,-0.09,0
2026-04-26 22:19:35,28.95,72.76,0.038,-0.002,0
2026-04-26 22:19:40,28.88,72.72,-0.014,-0.008,0
2026-04-26 22:19:45,28.74,72.64,-0.028,-0.016,1
2026-04-26 22:19:50,28.84,72.68,0.02,0.008,1
2026-04-26 22:19:55,28.9,72.75,0.012,0.014,1
2026-04-26 22:20:00,28.7,72.73,-0.04,-0.004,1
2026-04-26 22:20:05,28.93,72.53,0.046,-0.04,1
2026-04-26 22:20:10,28.91,72.6,-0.004,0.014,1
2026-04-26 22:20:15,28.82,72.86,-0.018,0.052,1
2026-04-26 22:20:20,28.81,72.57,-0.002,-0.058,1
2026-04-26 22:20:25,28.86,72.75,0.01,0.036,1
2026-04-26 22:20:30,28.81,72.65,-0.01,-0.02,1
2026-04-26 22:20:35,28.77,73.17,-0.008,0.104,1
2026-04-26 22:20:40,28.88,73.02,0.022,-0.03,1
2026-04-26 22:20:45,28.76,72.86,-0.024,-0.032,1
2026-04-26 22:20:50,28.85,73.07,0.018,0.042,1
2026-04-26 22:20:55,28.82,72.87,-0.006,-0.04,1
2026-04-26 22:21:00,28.95,72.68,0.026,-0.038,0
2026-04-26 22:21:05,28.91,73.01,-0.008,0.066,0
2026-04-26 22:21:10,28.74,72.88,-0.034,-0.026,0
2026-04-26 22:21:15,28.94,73.32,0.04,0.088,0
2026-04-26 22:21:20,28.85,72.92,-0.018,-0.08,0
2026-04-26 22:21:25,28.86,72.68,0.002,-0.048,0
2026-04-26 22:21:30,29.03,73.26,0.034,0.116,0
2026-04-26 22:21:35,28.94,73.2,-0.018,-0.012,0
2026-04-26 22:21:40,28.94,73.58,0.0,0.076,0
2026-04-26 22:21:45,28.82,73.17,-0.024,-0.082,0
2026-04-26 22:21:50,28.85,73.36,0.006,0.038,0
2026-04-26 22:21:55,28.97,73.03,0.024,-0.066,0
2026-04-26 22:22:00,28.91,73.54,-0.012,0.102,0
2026-04-26 22:22:05,28.87,73.29,-0.008,-0.05,0
2026-04-26 22:22:10,28.95,73.34,0.016,0.01,0
2026-04-26 22:22:15,29.13,73.12,0.036,-0.044,0
2026-04-26 22:22:20,28.64,71.65,-0.098,-0.294,0
2026-04-26 22:22:25,28.5,71.38,-0.028,-0.054,0
2026-04-26 22:22:30,28.51,71.64,0.002,0.052,0
2026-04-26 22:22:35,28.6,71.92,0.018,0.056,0
2026-04-26 22:22:40,28.71,72.44,0.022,0.104,0
2026-04-26 22:22:45,28.65,71.96,-0.012,-0.096,0
2026-04-26 22:22:50,28.61,71.96,-0.008,0.0,0
2026-04-26 22:22:55,28.58,71.94,-0.006,-0.004,0
2026-04-26 22:23:00,28.51,71.85,-0.014,-0.018,0
2026-04-26 22:23:05,28.54,71.77,0.006,-0.016,0
2026-04-26 22:23:10,28.55,71.78,0.002,0.002,0
2026-04-26 22:23:15,28.7,71.76,0.03,-0.004,0
2026-04-26 22:23:20,28.61,71.83,-0.018,0.014,0
2026-04-26 22:23:25,28.6,71.46,-0.002,-0.074,0
2026-04-26 22:23:30,28.53,71.93,-0.014,0.094,0
2026-04-26 22:23:35,28.59,72.05,0.012,0.024,0
2026-04-26 22:23:40,28.62,72.46,0.006,0.082,0
2026-04-26 22:23:45,28.6,71.68,-0.004,-0.156,0
2026-04-26 22:23:50,28.49,72.0,-0.022,0.064,0
2026-04-26 22:23:55,28.63,71.76,0.028,-0.048,0
2026-04-26 22:24:00,28.64,72.23,0.002,0.094,0
2026-04-26 22:24:05,28.62,72.08,-0.004,-0.03,0
2026-04-26 22:24:10,28.62,71.9,0.0,-0.036,0
2026-04-26 22:24:15,28.67,71.96,0.01,0.012,0
2026-04-26 22:24:20,28.58,71.69,-0.018,-0.054,0
2026-04-26 22:24:25,28.57,71.86,-0.002,0.034,0
2026-04-26 22:24:30,28.64,72.28,0.014,0.084,0
2026-04-26 22:24:35,32.13,67.86,0.698,-0.884,2
2026-04-26 22:24:40,34.67,66.05,0.508,-0.362,2
2026-04-26 22:24:45,36.47,64.23,0.36,-0.364,2
2026-04-26 22:24:50,37.56,62.63,0.218,-0.32,2
2026-04-26 22:24:55,38.22,62.21,0.132,-0.084,2
2026-04-26 22:25:00,38.31,61.4,0.018,-0.162,2
2026-04-26 22:25:05,38.33,61.08,0.004,-0.064,2
2026-04-26 22:25:10,38.44,60.78,0.022,-0.06,2
2026-04-26 22:25:15,38.51,60.89,0.014,0.022,1
2026-04-26 22:25:20,38.67,60.1,0.032,-0.158,1
2026-04-26 22:25:25,38.95,59.93,0.056,-0.034,1
2026-04-26 22:25:30,38.96,60.61,0.002,0.136,1
2026-04-26 22:25:35,39.02,60.19,0.012,-0.084,1
2026-04-26 22:25:40,39.05,59.49,0.006,-0.14,1
2026-04-26 22:25:45,39.1,60.34,0.01,0.17,1
2026-04-26 22:25:50,39.09,60.17,-0.002,-0.034,1
2026-04-26 22:25:55,38.98,59.96,-0.022,-0.042,1
2026-04-26 22:26:00,38.88,59.81,-0.02,-0.03,1
2026-04-26 22:26:05,38.98,59.85,0.02,0.008,1
2026-04-26 22:26:10,39.12,59.67,0.028,-0.036,1
2026-04-26 22:26:15,38.97,59.65,-0.03,-0.004,1
2026-04-26 22:26:20,38.99,59.56,0.004,-0.018,1
2026-04-26 22:26:25,39.19,59.65,0.04,0.018,1
2026-04-26 22:26:30,38.89,59.49,-0.06,-0.032,1
2026-04-26 22:26:35,39.01,59.7,0.024,0.042,1
2026-04-26 22:26:40,29.15,71.62,-1.972,2.384,0
2026-04-26 22:26:45,29.07,71.48,-0.016,-0.028,0
2026-04-26 22:26:50,29.15,71.58,0.016,0.02,0
2026-04-26 22:26:55,29.18,71.36,0.006,-0.044,0
2026-04-26 22:27:00,29.09,71.22,-0.018,-0.028,0
2026-04-26 22:27:05,29.09,70.95,0.0,-0.054,0
2026-04-26 22:27:10,29.08,71.08,-0.002,0.026,0
2026-04-26 22:27:15,29.2,71.89,0.024,0.162,0
2026-04-26 22:27:20,29.2,71.86,0.0,-0.006,0
2026-04-26 22:27:25,29.15,71.72,-0.01,-0.028,0
2026-04-26 22:27:30,29.1,71.18,-0.01,-0.108,0
2026-04-26 22:27:35,29.18,71.66,0.016,0.096,0
2026-04-26 22:27:40,28.97,71.15,-0.042,-0.102,0
2026-04-26 22:27:45,29.04,71.35,0.014,0.04,0
2026-04-26 22:27:50,29.17,71.13,0.026,-0.044,0
2026-04-26 22:27:55,29.04,71.5,-0.026,0.074,0
2026-04-26 22:28:00,29.06,71.72,0.004,0.044,0
2026-04-26 22:28:05,29.21,71.49,0.03,-0.046,0
2026-04-26 22:28:10,29.09,71.52,-0.024,0.006,0
2026-04-26 22:28:15,29.14,71.47,0.01,-0.01,0
2026-04-26 22:28:20,29.19,70.99,0.01,-0.096,0
2026-04-26 22:28:25,29.04,71.63,-0.03,0.128,0
2026-04-26 22:28:30,29.06,71.98,0.004,0.07,0
2026-04-26 22:28:35,29.18,71.12,0.024,-0.172,0
2026-04-26 22:28:40,29.09,71.56,-0.018,0.088,0
2026-04-26 22:28:45,29.05,71.11,-0.008,-0.09,0
2026-04-26 22:28:50,29.12,72.01,0.014,0.18,0
2026-04-26 22:28:55,29.15,71.05,0.006,-0.192,0
2026-04-26 22:29:00,29.08,71.47,-0.014,0.084,0
2026-04-26 22:29:05,29.26,71.28,0.036,-0.038,0
2026-04-26 22:29:10,29.21,71.31,-0.01,0.006,0
2026-04-26 22:29:15,29.1,71.46,-0.022,0.03,0
2026-04-26 22:29:20,29.16,71.33,0.012,-0.026,0
2026-04-26 22:29:25,29.09,71.48,-0.014,0.03,0
2026-04-26 22:29:30,29.02,71.49,-0.014,0.002,0
2026-04-26 22:29:35,29.11,71.59,0.018,0.02,0
2026-04-26 22:29:40,29.23,70.94,0.024,-0.13,0
2026-04-26 22:29:45,29.06,71.56,-0.034,0.124,0
2026-04-26 22:29:50,29.23,71.44,0.034,-0.024,0
2026-04-26 22:29:55,29.15,71.5,-0.016,0.012,0
2026-04-26 22:30:00,29.13,71.74,-0.004,0.048,0
2026-04-26 22:30:05,29.13,71.54,0.0,-0.04,0
2026-04-26 22:30:10,29.06,71.3,-0.014,-0.048,0
2026-04-26 22:30:15,29.22,71.64,0.032,0.068,0
2026-04-26 22:30:20,29.4,71.27,0.036,-0.074,1
2026-04-26 22:30:25,29.7,70.6,0.06,-0.134,1
2026-04-26 22:30:30,30.0,70.79,0.06,0.038,1
2026-04-26 22:30:35,30.09,70.06,0.018,-0.146,1
2026-04-26 22:30:40,30.43,69.85,0.068,-0.042,1
2026-04-26 22:30:45,30.27,70.08,-0.032,0.046,1
2026-04-26 22:30:50,30.59,69.31,0.064,-0.154,1
2026-04-26 22:30:55,30.46,70.06,-0.026,0.15,1
2026-04-26 22:31:00,30.45,70.32,-0.002,0.052,1
2026-04-26 22:31:05,30.65,69.97,0.04,-0.07,1
2026-04-26 22:31:10,30.55,70.18,-0.02,0.042,1
2026-04-26 22:31:15,30.63,69.83,0.016,-0.07,1
2026-04-26 22:31:20,30.51,70.45,-0.024,0.124,1
2026-04-26 22:31:25,30.79,70.1,0.056,-0.07,1
2026-04-26 22:31:30,30.74,69.72,-0.01,-0.076,1
2026-04-26 22:31:35,30.67,69.69,-0.014,-0.006,1
2026-04-26 22:31:40,29.18,72.6,-0.298,0.582,0
2026-04-26 22:31:45,29.19,72.13,0.002,-0.094,0
2026-04-26 22:31:50,29.24,72.52,0.01,0.078,0
2026-04-26 22:31:55,29.2,72.14,-0.008,-0.076,0
2026-04-26 22:32:00,29.31,72.21,0.022,0.014,0
2026-04-26 22:32:05,29.32,72.18,0.002,-0.006,0
2026-04-26 22:32:10,29.26,72.29,-0.012,0.022,0
2026-04-26 22:32:15,29.23,72.48,-0.006,0.038,0
2026-04-26 22:32:20,29.22,71.92,-0.002,-0.112,0
2026-04-26 22:32:25,29.29,72.15,0.014,0.046,0
2026-04-26 22:32:30,29.43,71.93,0.028,-0.044,0
2026-04-26 22:32:35,29.43,71.96,0.0,0.006,0
2026-04-26 22:32:40,29.32,72.34,-0.022,0.076,0
2026-04-26 22:32:45,29.27,72.16,-0.01,-0.036,0
2026-04-26 22:32:50,29.27,72.2,0.0,0.008,0
2026-04-26 22:32:55,29.38,72.4,0.022,0.04,0
2026-04-26 22:33:00,29.37,71.89,-0.002,-0.102,0
2026-04-26 22:33:05,29.36,71.49,-0.002,-0.08,0
2026-04-26 22:33:10,29.34,72.6,-0.004,0.222,0
2026-04-26 22:33:15,29.41,72.37,0.014,-0.046,0
2026-04-26 22:33:20,29.37,71.99,-0.008,-0.076,0
2026-04-26 22:33:25,29.41,72.4,0.008,0.082,0
2026-04-26 22:33:30,29.55,72.27,0.028,-0.026,0
2026-04-26 22:33:35,29.59,72.15,0.008,-0.024,1
2026-04-26 22:33:40,29.74,71.08,0.03,-0.214,1
2026-04-26 22:33:45,29.77,71.47,0.006,0.078,1
2026-04-26 22:33:50,29.94,70.9,0.034,-0.114,1
2026-04-26 22:33:55,30.22,70.72,0.056,-0.036,1
2026-04-26 22:34:00,30.38,70.52,0.032,-0.04,1
2026-04-26 22:34:05,30.42,70.18,0.008,-0.068,1
2026-04-26 22:34:10,30.65,70.34,0.046,0.032,1
2026-04-26 22:34:15,30.53,70.2,-0.024,-0.028,1
2026-04-26 22:34:20,30.71,69.71,0.036,-0.098,1
2026-04-26 22:34:25,30.77,70.11,0.012,0.08,1
2026-04-26 22:34:30,30.85,69.73,0.016,-0.076,1
2026-04-26 22:34:35,30.85,70.15,0.0,0.084,1
2026-04-26 22:34:40,30.91,70.85,0.012,0.14,1
2026-04-26 22:34:45,30.89,70.6,-0.004,-0.05,1
2026-04-26 22:34:50,30.92,70.25,0.006,-0.07,1
2026-04-26 22:34:55,30.93,70.89,0.002,0.128,1
2026-04-26 22:35:00,30.86,70.04,-0.014,-0.17,1
2026-04-26 22:35:05,30.99,70.45,0.026,0.082,1
2026-04-26 22:35:10,30.89,70.22,-0.02,-0.046,1
2026-04-26 22:35:15,30.96,70.57,0.014,0.07,1
2026-04-26 22:35:20,31.12,70.09,0.032,-0.096,1
2026-04-26 22:35:25,31.0,70.8,-0.024,0.142,1
2026-04-26 22:35:30,31.03,70.4,0.006,-0.08,1
2026-04-26 22:35:35,31.07,70.9,0.008,0.1,1
2026-04-26 22:35:40,28.78,71.1,-0.458,0.04,0
2026-04-26 22:35:45,28.68,71.16,-0.02,0.012,0
2026-04-26 22:35:50,28.61,71.43,-0.014,0.054,0
2026-04-26 22:35:55,28.82,71.4,0.042,-0.006,0
2026-04-26 22:36:00,28.56,71.78,-0.052,0.076,0
2026-04-26 22:36:05,28.69,71.43,0.026,-0.07,0
2026-04-26 22:36:10,28.59,71.58,-0.02,0.03,0
2026-04-26 22:36:15,28.73,71.16,0.028,-0.084,0
2026-04-26 22:36:20,28.66,71.23,-0.014,0.014,0
2026-04-26 22:36:25,28.63,71.99,-0.006,0.152,0
2026-04-26 22:36:30,28.62,71.48,-0.002,-0.102,0
2026-04-26 22:36:35,28.55,71.34,-0.014,-0.028,0
2026-04-26 22:36:40,28.61,71.76,0.012,0.084,0
2026-04-26 22:36:45,28.59,71.55,-0.004,-0.042,0
2026-04-26 22:36:50,28.77,71.55,0.036,0.0,0
2026-04-26 22:36:55,28.69,71.46,-0.016,-0.018,0
2026-04-26 22:37:00,28.8,71.28,0.022,-0.036,0
2026-04-26 22:37:05,28.6,71.77,-0.04,0.098,0
2026-04-26 22:37:10,28.53,71.56,-0.014,-0.042,0
2026-04-26 22:37:15,28.63,71.24,0.02,-0.064,0
2026-04-26 22:37:20,28.65,71.89,0.004,0.13,0
2026-04-26 22:37:25,28.64,71.54,-0.002,-0.07,0
2026-04-26 22:37:30,28.54,71.43,-0.02,-0.022,0
2026-04-26 22:37:35,28.68,71.51,0.028,0.016,0
2026-04-26 22:37:40,28.64,71.67,-0.008,0.032,0
2026-04-26 22:37:45,28.61,71.26,-0.006,-0.082,0
2026-04-26 22:37:50,28.64,71.65,0.006,0.078,0
2026-04-26 22:37:55,28.54,71.45,-0.02,-0.04,0
2026-04-26 22:38:00,28.63,71.36,0.018,-0.018,0
2026-04-26 22:38:05,28.58,71.86,-0.01,0.1,1
2026-04-26 22:38:10,28.71,72.59,0.026,0.146,1
2026-04-26 22:38:15,28.74,72.84,0.006,0.05,1
2026-04-26 22:38:20,28.72,73.77,-0.004,0.186,1
2026-04-26 22:38:25,28.74,73.83,0.004,0.012,1
2026-04-26 22:38:30,28.72,74.08,-0.004,0.05,1
2026-04-26 22:38:35,28.87,74.52,0.03,0.088,1
2026-04-26 22:38:40,28.84,74.58,-0.006,0.012,1
2026-04-26 22:38:45,28.84,74.96,0.0,0.076,1
2026-04-26 22:38:50,28.9,75.35,0.012,0.078,1
2026-04-26 22:38:55,28.7,75.54,-0.04,0.038,1
2026-04-26 22:39:00,28.77,75.69,0.014,0.03,1
2026-04-26 22:39:05,28.83,75.48,0.012,-0.042,1
2026-04-26 22:39:10,28.9,75.44,0.014,-0.008,1
2026-04-26 22:39:15,28.89,75.69,-0.002,0.05,1
2026-04-26 22:39:20,28.89,75.89,0.0,0.04,1
2026-04-26 22:39:25,28.89,75.74,0.0,-0.03,1
2026-04-26 22:39:30,28.85,75.64,-0.008,-0.02,1
2026-04-26 22:39:35,28.96,76.04,0.022,0.08,1
2026-04-26 22:39:40,29.07,76.0,0.022,-0.008,1
2026-04-26 22:39:45,28.96,76.13,-0.022,0.026,1
2026-04-26 22:39:50,28.84,76.01,-0.024,-0.024,1
2026-04-26 22:39:55,28.94,76.04,0.02,0.006,1
2026-04-26 22:40:00,28.96,76.45,0.004,0.082,1
2026-04-26 22:40:05,28.91,76.09,-0.01,-0.072,1
2026-04-26 22:40:10,29.15,71.29,0.048,-0.96,0
2026-04-26 22:40:15,29.23,71.19,0.016,-0.02,0
2026-04-26 22:40:20,29.09,71.44,-0.028,0.05,0
2026-04-26 22:40:25,29.23,71.09,0.028,-0.07,0
2026-04-26 22:40:30,29.13,71.17,-0.02,0.016,0
2026-04-26 22:40:35,29.09,71.21,-0.008,0.008,0
2026-04-26 22:40:40,29.36,71.12,0.054,-0.018,0
2026-04-26 22:40:45,29.29,71.22,-0.014,0.02,0
2026-04-26 22:40:50,29.2,71.24,-0.018,0.004,0
2026-04-26 22:40:55,29.37,71.18,0.034,-0.012,0
2026-04-26 22:41:00,29.28,71.12,-0.018,-0.012,0
2026-04-26 22:41:05,29.22,71.49,-0.012,0.074,0
2026-04-26 22:41:10,29.38,71.36,0.032,-0.026,0
2026-04-26 22:41:15,29.25,71.68,-0.026,0.064,0
2026-04-26 22:41:20,29.21,71.13,-0.008,-0.11,0
2026-04-26 22:41:25,29.24,71.02,0.006,-0.022,0
2026-04-26 22:41:30,29.18,71.33,-0.012,0.062,0
2026-04-26 22:41:35,29.41,71.57,0.046,0.048,0
2026-04-26 22:41:40,29.14,71.51,-0.054,-0.012,0
2026-04-26 22:41:45,29.29,71.59,0.03,0.016,0
2026-04-26 22:41:50,29.62,70.76,0.066,-0.166,1
2026-04-26 22:41:55,29.94,70.69,0.064,-0.014,1
2026-04-26 22:42:00,30.23,70.42,0.058,-0.054,1
2026-04-26 22:42:05,30.52,70.42,0.058,0.0,1
2026-04-26 22:42:10,30.57,70.31,0.01,-0.022,1
2026-04-26 22:42:15,30.87,70.14,0.06,-0.034,1
2026-04-26 22:42:20,30.98,69.87,0.022,-0.054,1
2026-04-26 22:42:25,31.18,70.11,0.04,0.048,1
2026-04-26 22:42:30,31.42,70.03,0.048,-0.016,1
2026-04-26 22:42:35,31.56,69.52,0.028,-0.102,1
2026-04-26 22:42:40,31.8,69.34,0.048,-0.036,1
2026-04-26 22:42:45,31.87,69.75,0.014,0.082,1
2026-04-26 22:42:50,31.9,69.16,0.006,-0.118,1
2026-04-26 22:42:55,32.15,69.12,0.05,-0.008,1
2026-04-26 22:43:00,32.0,69.61,-0.03,0.098,1
2026-04-26 22:43:05,32.15,69.36,0.03,-0.05,1
2026-04-26 22:43:10,32.08,69.47,-0.014,0.022,1
2026-04-26 22:43:15,32.06,69.25,-0.004,-0.044,1
2026-04-26 22:43:20,32.06,69.56,0.0,0.062,1
2026-04-26 22:43:25,32.02,69.64,-0.008,0.016,1
2026-04-26 22:43:30,32.17,69.37,0.03,-0.054,1
2026-04-26 22:43:35,32.04,69.29,-0.026,-0.016,1
2026-04-26 22:43:40,32.1,69.82,0.012,0.106,1
2026-04-26 22:43:45,32.22,69.29,0.024,-0.106,1
2026-04-26 22:43:50,31.96,69.17,-0.052,-0.024,1
2026-04-26 22:43:55,32.24,69.62,0.056,0.09,1
2026-04-26 22:44:00,32.22,69.62,-0.004,0.0,1
2026-04-26 22:44:05,28.8,72.58,-0.684,0.592,0
2026-04-26 22:44:10,28.69,72.3,-0.022,-0.056,0
2026-04-26 22:44:15,28.84,72.34,0.03,0.008,0
2026-04-26 22:44:20,28.67,71.79,-0.034,-0.11,0
2026-04-26 22:44:25,28.76,71.94,0.018,0.03,0
2026-04-26 22:44:30,29.01,72.33,0.05,0.078,0
2026-04-26 22:44:35,28.85,71.88,-0.032,-0.09,0
2026-04-26 22:44:40,28.8,72.16,-0.01,0.056,0
2026-04-26 22:44:45,28.89,72.05,0.018,-0.022,0
2026-04-26 22:44:50,29.12,72.05,0.046,0.0,0
2026-04-26 22:44:55,28.83,71.71,-0.058,-0.068,0
2026-04-26 22:45:00,29.0,71.95,0.034,0.048,0
2026-04-26 22:45:05,28.96,71.93,-0.008,-0.004,0
2026-04-26 22:45:10,28.87,72.06,-0.018,0.026,0
2026-04-26 22:45:15,28.9,72.08,0.006,0.004,0
2026-04-26 22:45:20,28.8,72.16,-0.02,0.016,0
2026-04-26 22:45:25,28.84,72.22,0.008,0.012,0
2026-04-26 22:45:30,28.82,72.0,-0.004,-0.044,0
2026-04-26 22:45:35,28.76,71.61,-0.012,-0.078,0
2026-04-26 22:45:40,28.9,71.58,0.028,-0.006,0
2026-04-26 22:45:45,28.91,71.82,0.002,0.048,0
2026-04-26 22:45:50,29.09,71.69,0.036,-0.026,1
2026-04-26 22:45:55,29.29,71.08,0.04,-0.122,1
2026-04-26 22:46:00,29.48,70.52,0.038,-0.112,1
2026-04-26 22:46:05,29.48,70.91,0.0,0.078,1
2026-04-26 22:46:10,29.7,70.29,0.044,-0.124,1
2026-04-26 22:46:15,29.94,69.57,0.048,-0.144,1
2026-04-26 22:46:20,29.91,69.2,-0.006,-0.074,1
2026-04-26 22:46:25,30.13,69.61,0.044,0.082,1
2026-04-26 22:46:30,30.1,69.37,-0.006,-0.048,1
2026-04-26 22:46:35,30.3,69.18,0.04,-0.038,1
2026-04-26 22:46:40,30.23,68.8,-0.014,-0.076,1
2026-04-26 22:46:45,30.15,69.49,-0.016,0.138,1
2026-04-26 22:46:50,30.25,69.82,0.02,0.066,1
2026-04-26 22:46:55,30.24,69.4,-0.002,-0.084,1
2026-04-26 22:47:00,30.16,69.84,-0.016,0.088,1
2026-04-26 22:47:05,30.19,69.57,0.006,-0.054,1
2026-04-26 22:47:10,30.29,69.54,0.02,-0.006,1
2026-04-26 22:47:15,30.18,69.47,-0.022,-0.014,1
2026-04-26 22:47:20,30.29,69.7,0.022,0.046,1
2026-04-26 22:47:25,30.22,69.84,-0.014,0.028,1
2026-04-26 22:47:30,30.29,69.54,0.014,-0.06,1
2026-04-26 22:47:35,28.96,71.34,-0.266,0.36,0
2026-04-26 22:47:40,29.07,71.36,0.022,0.004,0
2026-04-26 22:47:45,29.05,71.0,-0.004,-0.072,0
2026-04-26 22:47:50,29.08,71.16,0.006,0.032,0
2026-04-26 22:47:55,29.09,70.36,0.002,-0.16,0
2026-04-26 22:48:00,29.21,71.2,0.024,0.168,0
2026-04-26 22:48:05,29.2,70.74,-0.002,-0.092,0
2026-04-26 22:48:10,29.11,70.85,-0.018,0.022,0
2026-04-26 22:48:15,29.12,71.28,0.002,0.086,0
2026-04-26 22:48:20,29.12,70.89,0.0,-0.078,0
2026-04-26 22:48:25,29.09,70.9,-0.006,0.002,0
2026-04-26 22:48:30,29.1,70.77,0.002,-0.026,0
2026-04-26 22:48:35,29.21,70.88,0.022,0.022,0
2026-04-26 22:48:40,29.07,71.2,-0.028,0.064,0
2026-04-26 22:48:45,29.15,71.08,0.016,-0.024,0
2026-04-26 22:48:50,29.25,71.14,0.02,0.012,0
2026-04-26 22:48:55,29.14,71.21,-0.022,0.014,0
2026-04-26 22:49:00,29.11,71.09,-0.006,-0.024,0
2026-04-26 22:49:05,29.15,70.99,0.008,-0.02,0
2026-04-26 22:49:10,29.1,70.68,-0.01,-0.062,0
2026-04-26 22:49:15,29.06,71.07,-0.008,0.078,0
2026-04-26 22:49:20,29.23,70.54,0.034,-0.106,0
2026-04-26 22:49:25,29.2,70.71,-0.006,0.034,0
2026-04-26 22:49:30,29.18,71.33,-0.004,0.124,0
2026-04-26 22:49:35,29.0,71.11,-0.036,-0.044,0
2026-04-26 22:49:40,29.11,71.15,0.022,0.008,0
2026-04-26 22:49:45,29.3,70.61,0.038,-0.108,0
2026-04-26 22:49:50,29.23,70.78,-0.014,0.034,0
2026-04-26 22:49:55,29.23,71.26,0.0,0.096,0
2026-04-26 22:50:00,29.29,70.81,0.012,-0.09,0
2026-04-26 22:50:05,29.07,71.11,-0.044,0.06,0
2026-04-26 22:50:10,29.16,71.22,0.018,0.022,0
2026-04-26 22:50:15,29.16,70.96,0.0,-0.052,0
2026-04-26 22:50:20,29.23,71.05,0.014,0.018,0
2026-04-26 22:50:25,29.19,70.92,-0.008,-0.026,0
2026-04-26 22:50:30,29.12,71.12,-0.014,0.04,0
2026-04-26 22:50:35,29.21,70.86,0.018,-0.052,0
2026-04-26 22:50:40,29.11,71.2,-0.02,0.068,0
2026-04-26 22:50:45,29.24,71.14,0.026,-0.012,0
2026-04-26 22:50:50,29.14,71.37,-0.02,0.046,0
2026-04-26 22:50:55,29.25,71.12,0.022,-0.05,0
2026-04-26 22:51:00,29.12,70.9,-0.026,-0.044,0
2026-04-26 22:51:05,29.13,70.95,0.002,0.01,0
2026-04-26 22:51:10,29.26,71.36,0.026,0.082,0
2026-04-26 22:51:15,33.93,67.48,0.934,-0.776,2
2026-04-26 22:51:20,37.22,65.71,0.658,-0.354,2
2026-04-26 22:51:25,39.7,64.73,0.496,-0.196,2
2026-04-26 22:51:30,40.93,63.45,0.246,-0.256,2
2026-04-26 22:51:35,41.9,62.86,0.194,-0.118,2
2026-04-26 22:51:40,42.28,62.36,0.076,-0.1,2
2026-04-26 22:51:45,42.56,61.83,0.056,-0.106,2
2026-04-26 22:51:50,42.58,61.59,0.004,-0.048,2
2026-04-26 22:51:55,42.57,61.81,-0.002,0.044,2
2026-04-26 22:52:00,42.59,61.62,0.004,-0.038,2
2026-04-26 22:52:05,42.85,61.34,0.052,-0.056,1
2026-04-26 22:52:10,42.84,61.1,-0.002,-0.048,1
2026-04-26 22:52:15,43.11,61.15,0.054,0.01,1
2026-04-26 22:52:20,43.21,60.89,0.02,-0.052,1
2026-04-26 22:52:25,43.13,60.66,-0.016,-0.046,1
2026-04-26 22:52:30,43.2,60.24,0.014,-0.084,1
2026-04-26 22:52:35,43.35,60.94,0.03,0.14,1
2026-04-26 22:52:40,43.28,60.79,-0.014,-0.03,1
2026-04-26 22:52:45,43.35,60.34,0.014,-0.09,1
2026-04-26 22:52:50,43.16,60.4,-0.038,0.012,1
2026-04-26 22:52:55,43.41,60.4,0.05,0.0,1
2026-04-26 22:53:00,43.43,60.16,0.004,-0.048,1
2026-04-26 22:53:05,43.19,60.09,-0.048,-0.014,1
2026-04-26 22:53:10,43.26,60.57,0.014,0.096,1
2026-04-26 22:53:15,43.39,60.02,0.026,-0.11,1
2026-04-26 22:53:20,28.66,73.2,-2.946,2.636,0
2026-04-26 22:53:25,28.78,72.8,0.024,-0.08,0
2026-04-26 22:53:30,28.83,72.78,0.01,-0.004,0
2026-04-26 22:53:35,28.82,73.25,-0.002,0.094,0
2026-04-26 22:53:40,28.75,73.28,-0.014,0.006,0
2026-04-26 22:53:45,28.93,73.73,0.036,0.09,0
2026-04-26 22:53:50,28.85,73.15,-0.016,-0.116,0
2026-04-26 22:53:55,28.8,72.91,-0.01,-0.048,0
2026-04-26 22:54:00,28.88,73.2,0.016,0.058,0
2026-04-26 22:54:05,28.81,73.53,-0.014,0.066,0
2026-04-26 22:54:10,28.96,73.29,0.03,-0.048,0
2026-04-26 22:54:15,29.03,73.01,0.014,-0.056,0
2026-04-26 22:54:20,28.74,73.06,-0.058,0.01,0
2026-04-26 22:54:25,28.9,73.04,0.032,-0.004,0
2026-04-26 22:54:30,28.83,72.86,-0.014,-0.036,0
2026-04-26 22:54:35,28.89,73.0,0.012,0.028,0
2026-04-26 22:54:40,28.97,73.36,0.016,0.072,0
2026-04-26 22:54:45,28.84,72.99,-0.026,-0.074,0
2026-04-26 22:54:50,28.82,73.63,-0.004,0.128,0
2026-04-26 22:54:55,28.81,73.67,-0.002,0.008,0
2026-04-26 22:55:00,28.85,73.45,0.008,-0.044,0
2026-04-26 22:55:05,28.84,73.6,-0.002,0.03,0
2026-04-26 22:55:10,28.87,73.05,0.006,-0.11,0
2026-04-26 22:55:15,28.94,73.43,0.014,0.076,0
2026-04-26 22:55:20,28.85,73.43,-0.018,0.0,0
2026-04-26 22:55:25,28.76,73.3,-0.018,-0.026,0
2026-04-26 22:55:30,28.74,73.28,-0.004,-0.004,0
2026-04-26 22:55:35,29.04,73.38,0.06,0.02,0
2026-04-26 22:55:40,28.86,73.17,-0.036,-0.042,0
2026-04-26 22:55:45,28.96,72.76,0.02,-0.082,0
2026-04-26 22:55:50,29.04,73.7,0.016,0.188,0
2026-04-26 22:55:55,28.83,73.16,-0.042,-0.108,0
2026-04-26 22:56:00,29.04,73.01,0.042,-0.03,0
2026-04-26 22:56:05,28.94,73.24,-0.02,0.046,0
2026-04-26 22:56:10,28.86,73.4,-0.016,0.032,0
2026-04-26 22:56:15,28.84,73.19,-0.004,-0.042,0
2026-04-26 22:56:20,28.9,73.41,0.012,0.044,0
2026-04-26 22:56:25,28.96,73.44,0.012,0.006,0
2026-04-26 22:56:30,29.02,73.39,0.012,-0.01,0
2026-04-26 22:56:35,29.02,73.5,0.0,0.022,0
2026-04-26 22:56:40,28.7,73.56,-0.064,0.012,0
2026-04-26 22:56:45,28.93,73.33,0.046,-0.046,0
2026-04-26 22:56:50,29.0,73.63,0.014,0.06,0
2026-04-26 22:56:55,28.87,73.41,-0.026,-0.044,0
2026-04-26 22:57:00,28.92,73.93,0.01,0.104,0
2026-04-26 22:57:05,29.06,74.01,0.028,0.016,0
2026-04-26 22:57:10,28.91,73.71,-0.03,-0.06,0
2026-04-26 22:57:15,29.04,73.75,0.026,0.008,0
2026-04-26 22:57:20,30.56,72.6,0.304,-0.23,2
2026-04-26 22:57:25,32.26,71.72,0.34,-0.176,2
2026-04-26 22:57:30,33.66,71.34,0.28,-0.076,2
2026-04-26 22:57:35,34.67,71.01,0.202,-0.066,2
2026-04-26 22:57:40,35.29,70.56,0.124,-0.09,2
2026-04-26 22:57:45,35.51,70.6,0.044,0.008,2
2026-04-26 22:57:50,35.89,69.57,0.076,-0.206,2
2026-04-26 22:57:55,35.93,69.63,0.008,0.012,2
2026-04-26 22:58:00,36.02,69.96,0.018,0.066,2
2026-04-26 22:58:05,35.97,69.92,-0.01,-0.008,2
2026-04-26 22:58:10,35.91,69.05,-0.012,-0.174,2
2026-04-26 22:58:15,35.91,69.43,0.0,0.076,2
2026-04-26 22:58:20,36.04,68.98,0.026,-0.09,2
2026-04-26 22:58:25,35.92,68.88,-0.024,-0.02,2
2026-04-26 22:58:30,36.17,68.6,0.05,-0.056,1
2026-04-26 22:58:35,36.21,68.27,0.008,-0.066,1
2026-04-26 22:58:40,36.39,68.14,0.036,-0.026,1
2026-04-26 22:58:45,36.46,68.06,0.014,-0.016,1
2026-04-26 22:58:50,36.79,67.59,0.066,-0.094,1
2026-04-26 22:58:55,36.81,67.92,0.004,0.066,1
2026-04-26 22:59:00,36.87,67.52,0.012,-0.08,1
2026-04-26 22:59:05,36.8,67.73,-0.014,0.042,1
2026-04-26 22:59:10,36.85,67.22,0.01,-0.102,1
2026-04-26 22:59:15,36.93,67.69,0.016,0.094,1
2026-04-26 22:59:20,36.83,67.16,-0.02,-0.106,1
2026-04-26 22:59:25,36.99,67.15,0.032,-0.002,1
2026-04-26 22:59:30,29.43,71.45,-1.512,0.86,0
2026-04-26 22:59:35,29.44,71.3,0.002,-0.03,0
2026-04-26 22:59:40,29.6,71.47,0.032,0.034,0
2026-04-26 22:59:45,29.51,71.23,-0.018,-0.048,0
2026-04-26 22:59:50,29.48,71.15,-0.006,-0.016,0
2026-04-26 22:59:55,29.48,71.5,0.0,0.07,0
2026-04-26 23:00:00,29.54,71.35,0.012,-0.03,0
2026-04-26 23:00:05,29.45,71.93,-0.018,0.116,0
2026-04-26 23:00:10,29.49,71.32,0.008,-0.122,0
2026-04-26 23:00:15,29.57,71.56,0.016,0.048,0
2026-04-26 23:00:20,29.45,71.07,-0.024,-0.098,0
2026-04-26 23:00:25,29.55,71.26,0.02,0.038,0
2026-04-26 23:00:30,29.69,71.13,0.028,-0.026,0
2026-04-26 23:00:35,29.51,71.84,-0.036,0.142,0
2026-04-26 23:00:40,29.48,71.07,-0.006,-0.154,0
2026-04-26 23:00:45,29.65,71.04,0.034,-0.006,0
2026-04-26 23:00:50,29.52,71.21,-0.026,0.034,0
2026-04-26 23:00:55,29.64,71.23,0.024,0.004,0
2026-04-26 23:01:00,29.53,71.64,-0.022,0.082,0
2026-04-26 23:01:05,29.49,71.67,-0.008,0.006,0
2026-04-26 23:01:10,29.63,70.89,0.028,-0.156,0
2026-04-26 23:01:15,29.5,71.6,-0.026,0.142,0
2026-04-26 23:01:20,29.66,71.38,0.032,-0.044,0
2026-04-26 23:01:25,29.55,71.6,-0.022,0.044,0
2026-04-26 23:01:30,29.52,71.19,-0.006,-0.082,0
2026-04-26 23:01:35,34.23,68.19,0.942,-0.6,2
2026-04-26 23:01:40,37.61,65.73,0.676,-0.492,2
2026-04-26 23:01:45,39.96,63.64,0.47,-0.418,2
2026-04-26 23:01:50,41.17,62.47,0.242,-0.234,2
2026-04-26 23:01:55,42.23,61.9,0.212,-0.114,2
2026-04-26 23:02:00,42.51,60.9,0.056,-0.2,2
2026-04-26 23:02:05,42.65,60.98,0.028,0.016,2
2026-04-26 23:02:10,42.78,60.66,0.026,-0.064,2
2026-04-26 23:02:15,42.76,60.02,-0.004,-0.128,1
2026-04-26 23:02:20,42.99,59.87,0.046,-0.03,1
2026-04-26 23:02:25,43.24,59.38,0.05,-0.098,1
2026-04-26 23:02:30,43.26,58.92,0.004,-0.092,1
2026-04-26 23:02:35,43.12,59.0,-0.028,0.016,1
2026-04-26 23:02:40,43.28,58.81,0.032,-0.038,1
2026-04-26 23:02:45,43.28,59.0,0.0,0.038,1
2026-04-26 23:02:50,43.35,59.05,0.014,0.01,1
2026-04-26 23:02:55,43.38,59.21,0.006,0.032,1
2026-04-26 23:03:00,43.32,59.11,-0.012,-0.02,1
2026-04-26 23:03:05,43.46,58.95,0.028,-0.032,1
2026-04-26 23:03:10,43.39,58.68,-0.014,-0.054,1
2026-04-26 23:03:15,43.42,58.61,0.006,-0.014,1
2026-04-26 23:03:20,43.28,58.71,-0.028,0.02,1
2026-04-26 23:03:25,43.29,58.9,0.002,0.038,1
2026-04-26 23:03:30,28.52,71.04,-2.954,2.428,0
2026-04-26 23:03:35,28.41,70.87,-0.022,-0.034,0
2026-04-26 23:03:40,28.64,70.99,0.046,0.024,0
2026-04-26 23:03:45,28.59,71.09,-0.01,0.02,0
2026-04-26 23:03:50,28.52,71.17,-0.014,0.016,0
2026-04-26 23:03:55,28.62,70.74,0.02,-0.086,0
2026-04-26 23:04:00,28.67,70.48,0.01,-0.052,0
2026-04-26 23:04:05,28.46,70.94,-0.042,0.092,0
2026-04-26 23:04:10,28.63,70.93,0.034,-0.002,0
2026-04-26 23:04:15,28.54,70.82,-0.018,-0.022,0
2026-04-26 23:04:20,28.63,71.0,0.018,0.036,0
2026-04-26 23:04:25,28.48,70.67,-0.03,-0.066,0
2026-04-26 23:04:30,28.61,70.81,0.026,0.028,0
2026-04-26 23:04:35,28.42,71.06,-0.038,0.05,0
2026-04-26 23:04:40,28.55,70.36,0.026,-0.14,0
2026-04-26 23:04:45,28.73,71.1,0.036,0.148,0
2026-04-26 23:04:50,28.64,71.3,-0.018,0.04,0
2026-04-26 23:04:55,28.59,70.37,-0.01,-0.186,0
2026-04-26 23:05:00,28.7,70.87,0.022,0.1,0
2026-04-26 23:05:05,28.55,70.99,-0.03,0.024,0
2026-04-26 23:05:10,28.52,70.99,-0.006,0.0,0
2026-04-26 23:05:15,28.48,70.74,-0.008,-0.05,0
2026-04-26 23:05:20,28.62,71.19,0.028,0.09,0
2026-04-26 23:05:25,28.58,71.05,-0.008,-0.028,0
2026-04-26 23:05:30,28.5,70.6,-0.016,-0.09,0
2026-04-26 23:05:35,28.66,70.64,0.032,0.008,0
2026-04-26 23:05:40,28.73,70.61,0.014,-0.006,0
2026-04-26 23:05:45,28.56,71.33,-0.034,0.144,0
2026-04-26 23:05:50,28.45,70.97,-0.022,-0.072,0
2026-04-26 23:05:55,28.48,70.97,0.006,0.0,0
2026-04-26 23:06:00,28.62,70.39,0.028,-0.116,0
2026-04-26 23:06:05,28.56,71.08,-0.012,0.138,0
2026-04-26 23:06:10,28.49,70.53,-0.014,-0.11,0
2026-04-26 23:06:15,28.46,70.99,-0.006,0.092,0
2026-04-26 23:06:20,28.57,71.04,0.022,0.01,0
2026-04-26 23:06:25,28.67,70.72,0.02,-0.064,0
2026-04-26 23:06:30,28.67,71.38,0.0,0.132,0
2026-04-26 23:06:35,28.62,71.0,-0.01,-0.076,0
2026-04-26 23:06:40,28.53,70.97,-0.018,-0.006,0
2026-04-26 23:06:45,31.32,67.27,0.558,-0.74,2
2026-04-26 23:06:50,33.42,64.44,0.42,-0.566,2
2026-04-26 23:06:55,34.81,62.14,0.278,-0.46,2
2026-04-26 23:07:00,35.51,61.12,0.14,-0.204,2
2026-04-26 23:07:05,36.12,59.78,0.122,-0.268,2
2026-04-26 23:07:10,36.28,59.64,0.032,-0.028,2
2026-04-26 23:07:15,36.31,58.83,0.006,-0.162,2
2026-04-26 23:07:20,36.3,58.76,-0.002,-0.014,2
2026-04-26 23:07:25,36.49,58.57,0.038,-0.038,2
2026-04-26 23:07:30,36.36,58.42,-0.026,-0.03,2
2026-04-26 23:07:35,36.28,58.23,-0.016,-0.038,2
2026-04-26 23:07:40,36.3,57.95,0.004,-0.056,2
2026-04-26 23:07:45,36.5,57.95,0.04,0.0,1
2026-04-26 23:07:50,36.77,57.55,0.054,-0.08,1
2026-04-26 23:07:55,36.8,57.09,0.006,-0.092,1
2026-04-26 23:08:00,37.09,57.09,0.058,0.0,1
2026-04-26 23:08:05,37.04,56.82,-0.01,-0.054,1
2026-04-26 23:08:10,37.24,56.75,0.04,-0.014,1
2026-04-26 23:08:15,37.21,56.69,-0.006,-0.012,1
2026-04-26 23:08:20,37.36,56.69,0.03,0.0,1
2026-04-26 23:08:25,37.38,56.69,0.004,0.0,1
2026-04-26 23:08:30,37.19,56.9,-0.038,0.042,1
2026-04-26 23:08:35,37.19,56.72,0.0,-0.036,1
2026-04-26 23:08:40,37.27,56.13,0.016,-0.118,1
2026-04-26 23:08:45,28.8,74.01,-1.694,3.576,0
2026-04-26 23:08:50,28.8,74.45,0.0,0.088,0
2026-04-26 23:08:55,28.73,74.44,-0.014,-0.002,0
2026-04-26 23:09:00,28.76,74.16,0.006,-0.056,0
2026-04-26 23:09:05,28.86,74.21,0.02,0.01,0
2026-04-26 23:09:10,28.87,74.43,0.002,0.044,0
2026-04-26 23:09:15,28.81,74.36,-0.012,-0.014,0
2026-04-26 23:09:20,28.73,74.17,-0.016,-0.038,0
2026-04-26 23:09:25,28.83,74.1,0.02,-0.014,0
2026-04-26 23:09:30,28.7,74.15,-0.026,0.01,0
2026-04-26 23:09:35,28.73,73.88,0.006,-0.054,0
2026-04-26 23:09:40,28.78,73.96,0.01,0.016,0
2026-04-26 23:09:45,28.91,74.12,0.026,0.032,0
2026-04-26 23:09:50,28.74,74.71,-0.034,0.118,0
2026-04-26 23:09:55,28.93,74.17,0.038,-0.108,0
2026-04-26 23:10:00,28.88,73.83,-0.01,-0.068,0
2026-04-26 23:10:05,28.76,74.5,-0.024,0.134,0
2026-04-26 23:10:10,28.8,74.28,0.008,-0.044,0
2026-04-26 23:10:15,28.74,74.16,-0.012,-0.024,0
2026-04-26 23:10:20,28.78,74.57,0.008,0.082,0
2026-04-26 23:10:25,28.87,74.17,0.018,-0.08,0
2026-04-26 23:10:30,28.75,73.99,-0.024,-0.036,0
2026-04-26 23:10:35,28.9,74.21,0.03,0.044,0
2026-04-26 23:10:40,28.73,74.1,-0.034,-0.022,0
2026-04-26 23:10:45,28.72,73.93,-0.002,-0.034,0
2026-04-26 23:10:50,28.73,74.13,0.002,0.04,0
2026-04-26 23:10:55,28.8,73.98,0.014,-0.03,0
2026-04-26 23:11:00,28.86,74.16,0.012,0.036,0
2026-04-26 23:11:05,28.68,74.49,-0.036,0.066,0
2026-04-26 23:11:10,28.81,74.47,0.026,-0.004,0
2026-04-26 23:11:15,28.71,74.34,-0.02,-0.026,0
2026-04-26 23:11:20,28.79,74.16,0.016,-0.036,0
2026-04-26 23:11:25,28.87,73.72,0.016,-0.088,0
2026-04-26 23:11:30,28.86,74.47,-0.002,0.15,0
2026-04-26 23:11:35,28.72,74.52,-0.028,0.01,0
2026-04-26 23:11:40,28.93,74.59,0.042,0.014,0
2026-04-26 23:11:45,28.76,74.52,-0.034,-0.014,0
2026-04-26 23:11:50,28.85,73.98,0.018,-0.108,0
2026-04-26 23:11:55,28.67,73.77,-0.036,-0.042,0
2026-04-26 23:12:00,28.75,73.8,0.016,0.006,0
2026-04-26 23:12:05,30.3,72.86,0.31,-0.188,2
2026-04-26 23:12:10,31.4,72.76,0.22,-0.02,2
2026-04-26 23:12:15,32.53,71.7,0.226,-0.212,2
2026-04-26 23:12:20,32.99,71.59,0.092,-0.022,2
2026-04-26 23:12:25,33.66,70.84,0.134,-0.15,2
2026-04-26 23:12:30,33.96,70.07,0.06,-0.154,2
2026-04-26 23:12:35,34.27,70.09,0.062,0.004,2
2026-04-26 23:12:40,34.39,69.87,0.024,-0.044,2
2026-04-26 23:12:45,34.42,70.22,0.006,0.07,2
2026-04-26 23:12:50,34.44,69.68,0.004,-0.108,2
2026-04-26 23:12:55,34.53,69.34,0.018,-0.068,2
2026-04-26 23:13:00,34.63,69.39,0.02,0.01,1
2026-04-26 23:13:05,34.79,68.49,0.032,-0.18,1
2026-04-26 23:13:10,35.12,68.53,0.066,0.008,1
2026-04-26 23:13:15,35.28,68.25,0.032,-0.056,1
2026-04-26 23:13:20,35.25,67.97,-0.006,-0.056,1
2026-04-26 23:13:25,35.59,67.97,0.068,0.0,1
2026-04-26 23:13:30,35.57,67.42,-0.004,-0.11,1
2026-04-26 23:13:35,35.67,67.59,0.02,0.034,1
2026-04-26 23:13:40,35.7,67.46,0.006,-0.026,1
2026-04-26 23:13:45,35.67,67.02,-0.006,-0.088,1
2026-04-26 23:13:50,35.57,67.82,-0.02,0.16,1
2026-04-26 23:13:55,35.78,66.74,0.042,-0.216,1
2026-04-26 23:14:00,35.8,67.24,0.004,0.1,1
2026-04-26 23:14:05,35.73,67.21,-0.014,-0.006,1
2026-04-26 23:14:10,29.14,73.09,-1.318,1.176,0
2026-04-26 23:14:15,29.25,72.75,0.022,-0.068,0
2026-04-26 23:14:20,29.29,73.45,0.008,0.14,0
2026-04-26 23:14:25,29.22,73.23,-0.014,-0.044,0
2026-04-26 23:14:30,29.34,73.44,0.024,0.042,0
2026-04-26 23:14:35,29.41,73.41,0.014,-0.006,0
2026-04-26 23:14:40,29.32,73.35,-0.018,-0.012,0
2026-04-26 23:14:45,29.43,73.42,0.022,0.014,0
2026-04-26 23:14:50,29.27,73.24,-0.032,-0.036,0
2026-04-26 23:14:55,29.55,73.34,0.056,0.02,0
2026-04-26 23:15:00,29.41,73.46,-0.028,0.024,0
2026-04-26 23:15:05,29.5,73.04,0.018,-0.084,0
2026-04-26 23:15:10,29.34,73.07,-0.032,0.006,0
2026-04-26 23:15:15,29.45,73.14,0.022,0.014,0
2026-04-26 23:15:20,29.34,72.97,-0.022,-0.034,0
2026-04-26 23:15:25,29.44,72.97,0.02,0.0,0
2026-04-26 23:15:30,29.44,73.2,0.0,0.046,0
2026-04-26 23:15:35,29.44,73.24,0.0,0.008,0
2026-04-26 23:15:40,29.6,73.31,0.032,0.014,0
2026-04-26 23:15:45,29.41,73.25,-0.038,-0.012,0
2026-04-26 23:15:50,29.37,72.98,-0.008,-0.054,0
2026-04-26 23:15:55,29.51,73.2,0.028,0.044,0
2026-04-26 23:16:00,29.42,73.33,-0.018,0.026,0
2026-04-26 23:16:05,29.52,73.7,0.02,0.074,0
2026-04-26 23:16:10,29.3,72.92,-0.044,-0.156,0
2026-04-26 23:16:15,29.36,73.12,0.012,0.04,0
2026-04-26 23:16:20,29.48,73.28,0.024,0.032,0
2026-04-26 23:16:25,29.33,73.05,-0.03,-0.046,0
2026-04-26 23:16:30,29.47,72.91,0.028,-0.028,0
2026-04-26 23:16:35,29.36,73.25,-0.022,0.068,0
2026-04-26 23:16:40,29.32,73.71,-0.008,0.092,0
2026-04-26 23:16:45,29.47,72.86,0.03,-0.17,0
2026-04-26 23:16:50,29.38,73.0,-0.018,0.028,0
2026-04-26 23:16:55,29.4,73.27,0.004,0.054,0
2026-04-26 23:17:00,29.47,73.16,0.014,-0.022,0
2026-04-26 23:17:05,29.44,73.13,-0.006,-0.006,0
2026-04-26 23:17:10,29.41,73.1,-0.006,-0.006,0
2026-04-26 23:17:15,29.49,73.56,0.016,0.092,0
2026-04-26 23:17:20,29.45,73.56,-0.008,0.0,0
2026-04-26 23:17:25,29.44,73.73,-0.002,0.034,0
2026-04-26 23:17:30,29.4,73.43,-0.008,-0.06,0
2026-04-26 23:17:35,29.39,73.02,-0.002,-0.082,0
2026-04-26 23:17:40,31.5,71.58,0.422,-0.288,2
2026-04-26 23:17:45,33.21,69.76,0.342,-0.364,2
2026-04-26 23:17:50,34.58,68.88,0.274,-0.176,2
2026-04-26 23:17:55,35.5,67.82,0.184,-0.212,2
2026-04-26 23:18:00,36.28,67.27,0.156,-0.11,2
2026-04-26 23:18:05,36.69,66.61,0.082,-0.132,2
2026-04-26 23:18:10,36.94,65.94,0.05,-0.134,2
2026-04-26 23:18:15,37.12,65.67,0.036,-0.054,2
2026-04-26 23:18:20,37.27,65.63,0.03,-0.008,2
2026-04-26 23:18:25,37.19,65.3,-0.016,-0.066,2
2026-04-26 23:18:30,37.32,65.03,0.026,-0.054,2
2026-04-26 23:18:35,37.17,64.64,-0.03,-0.078,2
2026-04-26 23:18:40,37.13,65.2,-0.008,0.112,2
2026-04-26 23:18:45,37.31,64.78,0.036,-0.084,1
2026-04-26 23:18:50,37.68,63.93,0.074,-0.17,1
2026-04-26 23:18:55,37.77,63.55,0.018,-0.076,1
2026-04-26 23:19:00,37.87,63.66,0.02,0.022,1
2026-04-26 23:19:05,37.87,63.2,0.0,-0.092,1
2026-04-26 23:19:10,38.04,63.46,0.034,0.052,1
2026-04-26 23:19:15,38.27,63.42,0.046,-0.008,1
2026-04-26 23:19:20,38.3,63.34,0.006,-0.016,1
2026-04-26 23:19:25,38.24,63.02,-0.012,-0.064,1
2026-04-26 23:19:30,38.14,62.47,-0.02,-0.11,1
2026-04-26 23:19:35,38.37,62.54,0.046,0.014,1
2026-04-26 23:19:40,38.29,62.63,-0.016,0.018,1
2026-04-26 23:19:45,38.22,62.53,-0.014,-0.02,1
2026-04-26 23:19:50,38.32,62.46,0.02,-0.014,1
2026-04-26 23:19:55,29.14,70.41,-1.836,1.59,0
2026-04-26 23:20:00,29.17,70.5,0.006,0.018,0
2026-04-26 23:20:05,29.14,70.66,-0.006,0.032,0
2026-04-26 23:20:10,29.17,69.83,0.006,-0.166,0
2026-04-26 23:20:15,29.28,69.96,0.022,0.026,0
2026-04-26 23:20:20,29.15,69.99,-0.026,0.006,0
2026-04-26 23:20:25,29.22,70.33,0.014,0.068,0
2026-04-26 23:20:30,29.31,70.08,0.018,-0.05,0
2026-04-26 23:20:35,29.16,69.85,-0.03,-0.046,0
2026-04-26 23:20:40,29.21,70.25,0.01,0.08,0
2026-04-26 23:20:45,29.35,69.83,0.028,-0.084,0
2026-04-26 23:20:50,29.35,70.06,0.0,0.046,0
2026-04-26 23:20:55,29.25,70.46,-0.02,0.08,0
2026-04-26 23:21:00,29.34,70.23,0.018,-0.046,0
2026-04-26 23:21:05,29.21,70.21,-0.026,-0.004,0
2026-04-26 23:21:10,29.33,69.95,0.024,-0.052,0
2026-04-26 23:21:15,29.31,70.69,-0.004,0.148,0
2026-04-26 23:21:20,29.37,70.25,0.012,-0.088,0
2026-04-26 23:21:25,29.42,70.38,0.01,0.026,0
2026-04-26 23:21:30,29.24,70.13,-0.036,-0.05,0
2026-04-26 23:21:35,29.35,70.17,0.022,0.008,0
2026-04-26 23:21:40,29.25,69.76,-0.02,-0.082,0
2026-04-26 23:21:45,29.41,69.76,0.032,0.0,0
2026-04-26 23:21:50,29.38,69.95,-0.006,0.038,0
2026-04-26 23:21:55,29.33,70.07,-0.01,0.024,0
2026-04-26 23:22:00,29.18,70.43,-0.03,0.072,0
2026-04-26 23:22:05,29.36,70.32,0.036,-0.022,0
2026-04-26 23:22:10,29.22,69.92,-0.028,-0.08,0
2026-04-26 23:22:15,29.34,70.21,0.024,0.058,0
2026-04-26 23:22:20,31.36,68.09,0.404,-0.424,2
2026-04-26 23:22:25,33.19,66.37,0.366,-0.344,2
2026-04-26 23:22:30,34.61,65.51,0.284,-0.172,2
2026-04-26 23:22:35,35.64,65.18,0.206,-0.066,2
2026-04-26 23:22:40,36.37,64.18,0.146,-0.2,2
2026-04-26 23:22:45,36.83,63.8,0.092,-0.076,2
2026-04-26 23:22:50,37.13,63.24,0.06,-0.112,2
2026-04-26 23:22:55,37.14,62.78,0.002,-0.092,2
2026-04-26 23:23:00,37.25,62.5,0.022,-0.056,2
2026-04-26 23:23:05,37.48,62.02,0.046,-0.096,2
2026-04-26 23:23:10,37.32,61.82,-0.032,-0.04,2
2026-04-26 23:23:15,37.26,61.97,-0.012,0.03,2
2026-04-26 23:23:20,37.28,62.2,0.004,0.046,2
2026-04-26 23:23:25,37.36,61.65,0.016,-0.11,2
2026-04-26 23:23:30,37.38,61.73,0.004,0.016,2
2026-04-26 23:23:35,37.57,61.31,0.038,-0.084,1
2026-04-26 23:23:40,37.65,61.13,0.016,-0.036,1
2026-04-26 23:23:45,37.79,61.0,0.028,-0.026,1
2026-04-26 23:23:50,37.98,60.61,0.038,-0.078,1
2026-04-26 23:23:55,38.01,60.04,0.006,-0.114,1
2026-04-26 23:24:00,38.06,60.33,0.01,0.058,1
2026-04-26 23:24:05,38.22,60.22,0.032,-0.022,1
2026-04-26 23:24:10,38.24,59.68,0.004,-0.108,1
2026-04-26 23:24:15,38.47,59.72,0.046,0.008,1
2026-04-26 23:24:20,38.24,59.77,-0.046,0.01,1
2026-04-26 23:24:25,38.38,59.59,0.028,-0.036,1
2026-04-26 23:24:30,38.41,59.42,0.006,-0.034,1
2026-04-26 23:24:35,38.31,59.14,-0.02,-0.056,1
2026-04-26 23:24:40,38.35,59.42,0.008,0.056,1
2026-04-26 23:24:45,38.29,59.4,-0.012,-0.004,1
2026-04-26 23:24:50,28.51,72.81,-1.956,2.682,0
2026-04-26 23:24:55,28.54,73.05,0.006,0.048,0
2026-04-26 23:25:00,28.65,73.49,0.022,0.088,0
2026-04-26 23:25:05,28.54,73.32,-0.022,-0.034,0
2026-04-26 23:25:10,28.57,73.58,0.006,0.052,0
2026-04-26 23:25:15,28.65,73.26,0.016,-0.064,0
2026-04-26 23:25:20,28.67,73.24,0.004,-0.004,0
2026-04-26 23:25:25,28.61,73.14,-0.012,-0.02,0
2026-04-26 23:25:30,28.49,73.52,-0.024,0.076,0
2026-04-26 23:25:35,28.45,73.35,-0.008,-0.034,0
2026-04-26 23:25:40,28.43,73.16,-0.004,-0.038,0
2026-04-26 23:25:45,28.52,73.31,0.018,0.03,0
2026-04-26 23:25:50,28.55,73.63,0.006,0.064,0
2026-04-26 23:25:55,28.46,73.59,-0.018,-0.008,0
2026-04-26 23:26:00,28.62,73.98,0.032,0.078,0
2026-04-26 23:26:05,28.59,74.18,-0.006,0.04,0
2026-04-26 23:26:10,28.44,73.83,-0.03,-0.07,0
2026-04-26 23:26:15,28.43,74.19,-0.002,0.072,0
2026-04-26 23:26:20,28.66,73.41,0.046,-0.156,0
2026-04-26 23:26:25,28.57,74.29,-0.018,0.176,0
2026-04-26 23:26:30,28.68,73.4,0.022,-0.178,0
2026-04-26 23:26:35,28.5,73.1,-0.036,-0.06,0
2026-04-26 23:26:40,28.55,73.55,0.01,0.09,0
2026-04-26 23:26:45,28.52,73.86,-0.006,0.062,0
2026-04-26 23:26:50,28.58,73.44,0.012,-0.084,0
2026-04-26 23:26:55,28.47,73.78,-0.022,0.068,0
2026-04-26 23:27:00,28.42,73.69,-0.01,-0.018,0
2026-04-26 23:27:05,28.67,74.12,0.05,0.086,0
2026-04-26 23:27:10,28.59,73.7,-0.016,-0.084,1
2026-04-26 23:27:15,28.59,74.74,0.0,0.208,1
2026-04-26 23:27:20,28.61,74.49,0.004,-0.05,1
2026-04-26 23:27:25,28.55,74.43,-0.012,-0.012,1
2026-04-26 23:27:30,28.62,74.7,0.014,0.054,1
2026-04-26 23:27:35,28.66,75.19,0.008,0.098,1
2026-04-26 23:27:40,28.65,74.73,-0.002,-0.092,1
2026-04-26 23:27:45,28.74,75.17,0.018,0.088,1
2026-04-26 23:27:50,28.83,75.56,0.018,0.078,1
2026-04-26 23:27:55,28.73,75.64,-0.02,0.016,1
2026-04-26 23:28:00,28.73,75.71,0.0,0.014,1
2026-04-26 23:28:05,28.89,75.2,0.032,-0.102,1
2026-04-26 23:28:10,28.83,75.49,-0.012,0.058,1
2026-04-26 23:28:15,28.97,75.31,0.028,-0.036,1
2026-04-26 23:28:20,28.87,75.95,-0.02,0.128,1
2026-04-26 23:28:25,28.87,76.09,0.0,0.028,1
2026-04-26 23:28:30,28.97,76.05,0.02,-0.008,1
2026-04-26 23:28:35,28.95,76.19,-0.004,0.028,1
2026-04-26 23:28:40,29.03,76.16,0.016,-0.006,1
2026-04-26 23:28:45,29.05,76.07,0.004,-0.018,1
2026-04-26 23:28:50,29.06,76.08,0.002,0.002,1
2026-04-26 23:28:55,29.03,76.34,-0.006,0.052,1
2026-04-26 23:29:00,29.04,76.07,0.002,-0.054,1
2026-04-26 23:29:05,28.87,75.98,-0.034,-0.018,1
2026-04-26 23:29:10,29.05,76.37,0.036,0.078,1
2026-04-26 23:29:15,29.01,76.07,-0.008,-0.06,1
2026-04-26 23:29:20,28.9,76.56,-0.022,0.098,1
2026-04-26 23:29:25,28.95,71.97,0.01,-0.918,0
2026-04-26 23:29:30,28.89,71.86,-0.012,-0.022,0
2026-04-26 23:29:35,28.99,71.82,0.02,-0.008,0
2026-04-26 23:29:40,29.07,72.01,0.016,0.038,0
2026-04-26 23:29:45,29.05,72.24,-0.004,0.046,0
2026-04-26 23:29:50,28.92,71.86,-0.026,-0.076,0
2026-04-26 23:29:55,28.92,71.43,0.0,-0.086,0
2026-04-26 23:30:00,29.07,71.52,0.03,0.018,0
2026-04-26 23:30:05,29.01,71.43,-0.012,-0.018,0
2026-04-26 23:30:10,29.16,71.59,0.03,0.032,0
2026-04-26 23:30:15,28.93,71.25,-0.046,-0.068,0
2026-04-26 23:30:20,29.08,70.91,0.03,-0.068,0
2026-04-26 23:30:25,28.98,71.52,-0.02,0.122,0
2026-04-26 23:30:30,29.0,71.59,0.004,0.014,0
2026-04-26 23:30:35,29.09,71.55,0.018,-0.008,0
2026-04-26 23:30:40,29.04,71.05,-0.01,-0.1,0
2026-04-26 23:30:45,29.13,71.08,0.018,0.006,0
2026-04-26 23:30:50,29.14,71.59,0.002,0.102,0
2026-04-26 23:30:55,29.06,71.66,-0.016,0.014,0
2026-04-26 23:31:00,29.1,71.56,0.008,-0.02,0
2026-04-26 23:31:05,29.11,71.12,0.002,-0.088,0
2026-04-26 23:31:10,29.15,71.48,0.008,0.072,0
2026-04-26 23:31:15,28.99,71.44,-0.032,-0.008,0
2026-04-26 23:31:20,29.03,71.17,0.008,-0.054,0
2026-04-26 23:31:25,29.04,71.55,0.002,0.076,0
2026-04-26 23:31:30,29.13,71.46,0.018,-0.018,0
2026-04-26 23:31:35,29.05,71.41,-0.016,-0.01,0
2026-04-26 23:31:40,29.17,70.81,0.024,-0.12,0
2026-04-26 23:31:45,29.02,70.88,-0.03,0.014,0
2026-04-26 23:31:50,29.12,71.17,0.02,0.058,0
2026-04-26 23:31:55,29.12,71.05,0.0,-0.024,0
2026-04-26 23:32:00,29.1,71.28,-0.004,0.046,0
2026-04-26 23:32:05,28.97,71.66,-0.026,0.076,0
2026-04-26 23:32:10,29.09,71.57,0.024,-0.018,0
2026-04-26 23:32:15,29.12,71.24,0.006,-0.066,0
2026-04-26 23:32:20,29.05,71.7,-0.014,0.092,1
2026-04-26 23:32:25,29.16,71.79,0.022,0.018,1
2026-04-26 23:32:30,29.25,71.98,0.018,0.038,1
2026-04-26 23:32:35,29.29,72.33,0.008,0.07,1
2026-04-26 23:32:40,29.21,72.39,-0.016,0.012,1
2026-04-26 23:32:45,29.15,73.0,-0.012,0.122,1
2026-04-26 23:32:50,29.33,73.31,0.036,0.062,1
2026-04-26 23:32:55,29.31,73.24,-0.004,-0.014,1
2026-04-26 23:33:00,29.31,73.29,0.0,0.01,1
2026-04-26 23:33:05,29.37,73.64,0.012,0.07,1
2026-04-26 23:33:10,29.47,73.28,0.02,-0.072,1
2026-04-26 23:33:15,29.47,73.74,0.0,0.092,1
2026-04-26 23:33:20,29.36,74.5,-0.022,0.152,1
2026-04-26 23:33:25,29.5,74.64,0.028,0.028,1
2026-04-26 23:33:30,29.41,74.55,-0.018,-0.018,1
2026-04-26 23:33:35,29.51,74.75,0.02,0.04,1
2026-04-26 23:33:40,29.47,74.8,-0.008,0.01,1
2026-04-26 23:33:45,29.55,74.78,0.016,-0.004,1
2026-04-26 23:33:50,29.55,74.59,0.0,-0.038,1
2026-04-26 23:33:55,29.54,74.94,-0.002,0.07,1
2026-04-26 23:34:00,29.43,75.03,-0.022,0.018,1
2026-04-26 23:34:05,29.49,74.75,0.012,-0.056,1
2026-04-26 23:34:10,29.61,74.53,0.024,-0.044,1
2026-04-26 23:34:15,29.69,74.49,0.016,-0.008,1
2026-04-26 23:34:20,29.63,74.81,-0.012,0.064,1
2026-04-26 23:34:25,29.44,70.64,-0.038,-0.834,0
2026-04-26 23:34:30,29.53,70.32,0.018,-0.064,0
2026-04-26 23:34:35,29.5,70.64,-0.006,0.064,0
2026-04-26 23:34:40,29.5,70.6,0.0,-0.008,0
2026-04-26 23:34:45,29.41,70.49,-0.018,-0.022,0
2026-04-26 23:34:50,29.39,70.43,-0.004,-0.012,0
2026-04-26 23:34:55,29.53,70.7,0.028,0.054,0
2026-04-26 23:35:00,29.55,70.97,0.004,0.054,0
2026-04-26 23:35:05,29.42,70.79,-0.026,-0.036,0
2026-04-26 23:35:10,29.58,70.56,0.032,-0.046,0
2026-04-26 23:35:15,29.52,70.39,-0.012,-0.034,0
2026-04-26 23:35:20,29.4,70.39,-0.024,0.0,0
2026-04-26 23:35:25,29.43,70.91,0.006,0.104,0
2026-04-26 23:35:30,29.55,70.32,0.024,-0.118,0
2026-04-26 23:35:35,29.51,70.51,-0.008,0.038,0
2026-04-26 23:35:40,29.42,70.88,-0.018,0.074,0
2026-04-26 23:35:45,29.56,70.64,0.028,-0.048,0
2026-04-26 23:35:50,29.68,70.25,0.024,-0.078,0
2026-04-26 23:35:55,29.6,70.45,-0.016,0.04,0
2026-04-26 23:36:00,29.42,70.66,-0.036,0.042,0
2026-04-26 23:36:05,29.45,70.8,0.006,0.028,0
2026-04-26 23:36:10,29.52,70.92,0.014,0.024,0
2026-04-26 23:36:15,29.46,69.96,-0.012,-0.192,0
2026-04-26 23:36:20,29.54,70.61,0.016,0.13,0
2026-04-26 23:36:25,29.46,70.51,-0.016,-0.02,0
2026-04-26 23:36:30,29.39,70.51,-0.014,0.0,0
2026-04-26 23:36:35,31.14,68.42,0.35,-0.418,2
2026-04-26 23:36:40,32.66,67.14,0.304,-0.256,2
2026-04-26 23:36:45,33.78,66.28,0.224,-0.172,2
2026-04-26 23:36:50,34.76,65.53,0.196,-0.15,2
2026-04-26 23:36:55,35.34,64.35,0.116,-0.236,2
2026-04-26 23:37:00,35.73,64.21,0.078,-0.028,2
2026-04-26 23:37:05,35.99,63.4,0.052,-0.162,2
2026-04-26 23:37:10,36.09,63.07,0.02,-0.066,2
2026-04-26 23:37:15,36.17,63.12,0.016,0.01,2
2026-04-26 23:37:20,36.02,62.57,-0.03,-0.11,2
2026-04-26 23:37:25,36.17,62.02,0.03,-0.11,2
2026-04-26 23:37:30,36.15,62.4,-0.004,0.076,2
2026-04-26 23:37:35,36.11,62.05,-0.008,-0.07,2
2026-04-26 23:37:40,36.42,62.07,0.062,0.004,1
2026-04-26 23:37:45,36.44,61.6,0.004,-0.094,1
2026-04-26 23:37:50,36.67,61.49,0.046,-0.022,1
2026-04-26 23:37:55,36.76,61.37,0.018,-0.024,1
2026-04-26 23:38:00,36.92,60.83,0.032,-0.108,1
2026-04-26 23:38:05,37.1,60.86,0.036,0.006,1
2026-04-26 23:38:10,37.12,60.7,0.004,-0.032,1
2026-04-26 23:38:15,37.27,60.39,0.03,-0.062,1
2026-04-26 23:38:20,37.23,60.92,-0.008,0.106,1
2026-04-26 23:38:25,37.22,60.78,-0.002,-0.028,1
2026-04-26 23:38:30,37.19,60.41,-0.006,-0.074,1
2026-04-26 23:38:35,29.38,73.44,-1.562,2.606,0
2026-04-26 23:38:40,29.42,73.77,0.008,0.066,0
2026-04-26 23:38:45,29.42,73.61,0.0,-0.032,0
2026-04-26 23:38:50,29.26,73.52,-0.032,-0.018,0
2026-04-26 23:38:55,29.42,73.5,0.032,-0.004,0
2026-04-26 23:39:00,29.32,73.29,-0.02,-0.042,0
2026-04-26 23:39:05,29.28,73.87,-0.008,0.116,0
2026-04-26 23:39:10,29.21,73.6,-0.014,-0.054,0
2026-04-26 23:39:15,29.45,73.04,0.048,-0.112,0
2026-04-26 23:39:20,29.5,73.57,0.01,0.106,0
2026-04-26 23:39:25,29.45,73.87,-0.01,0.06,0
2026-04-26 23:39:30,29.26,73.34,-0.038,-0.106,0
2026-04-26 23:39:35,29.43,73.85,0.034,0.102,0
2026-04-26 23:39:40,29.27,73.19,-0.032,-0.132,0
2026-04-26 23:39:45,29.37,73.59,0.02,0.08,0
2026-04-26 23:39:50,29.45,73.14,0.016,-0.09,0
2026-04-26 23:39:55,29.5,73.19,0.01,0.01,0
2026-04-26 23:40:00,29.3,73.22,-0.04,0.006,0
2026-04-26 23:40:05,29.52,73.85,0.044,0.126,0
2026-04-26 23:40:10,29.31,73.7,-0.042,-0.03,0
2026-04-26 23:40:15,29.35,73.41,0.008,-0.058,0
2026-04-26 23:40:20,29.38,73.14,0.006,-0.054,0
2026-04-26 23:40:25,29.36,73.57,-0.004,0.086,0
2026-04-26 23:40:30,29.37,73.2,0.002,-0.074,0
2026-04-26 23:40:35,29.43,73.87,0.012,0.134,0
2026-04-26 23:40:40,29.43,73.89,0.0,0.004,0
2026-04-26 23:40:45,29.21,73.6,-0.044,-0.058,0
2026-04-26 23:40:50,29.25,73.23,0.008,-0.074,0
2026-04-26 23:40:55,29.44,73.66,0.038,0.086,0
2026-04-26 23:41:00,29.3,73.04,-0.028,-0.124,0
2026-04-26 23:41:05,29.37,73.65,0.014,0.122,0
2026-04-26 23:41:10,29.3,73.65,-0.014,0.0,0
2026-04-26 23:41:15,29.26,73.21,-0.008,-0.088,0
2026-04-26 23:41:20,29.58,73.64,0.064,0.086,0
2026-04-26 23:41:25,29.4,73.5,-0.036,-0.028,0
2026-04-26 23:41:30,29.37,73.16,-0.006,-0.068,0
2026-04-26 23:41:35,29.45,73.77,0.016,0.122,1
2026-04-26 23:41:40,29.51,73.81,0.012,0.008,1
2026-04-26 23:41:45,29.38,73.34,-0.026,-0.094,1
2026-04-26 23:41:50,29.43,73.13,0.01,-0.042,1
2026-04-26 23:41:55,29.22,73.14,-0.042,0.002,1
2026-04-26 23:42:00,29.43,73.74,0.042,0.12,1
2026-04-26 23:42:05,29.38,73.72,-0.01,-0.004,1
2026-04-26 23:42:10,29.41,73.6,0.006,-0.024,1
2026-04-26 23:42:15,29.53,73.56,0.024,-0.008,1
2026-04-26 23:42:20,29.46,73.32,-0.014,-0.048,1
2026-04-26 23:42:25,29.36,73.57,-0.02,0.05,1
2026-04-26 23:42:30,29.36,73.57,0.0,0.0,1
2026-04-26 23:42:35,29.39,73.34,0.006,-0.046,1
2026-04-26 23:42:40,29.42,73.45,0.006,0.022,1
2026-04-26 23:42:45,29.33,73.55,-0.018,0.02,1
2026-04-26 23:42:50,29.33,73.29,0.0,-0.052,0
2026-04-26 23:42:55,29.53,73.5,0.04,0.042,0
2026-04-26 23:43:00,29.43,73.69,-0.02,0.038,0
2026-04-26 23:43:05,29.4,73.48,-0.006,-0.042,0
2026-04-26 23:43:10,29.41,73.54,0.002,0.012,0
2026-04-26 23:43:15,29.54,73.59,0.026,0.01,0
2026-04-26 23:43:20,29.37,73.49,-0.034,-0.02,0
2026-04-26 23:43:25,29.48,73.58,0.022,0.018,0
2026-04-26 23:43:30,29.58,73.47,0.02,-0.022,0
2026-04-26 23:43:35,29.42,73.47,-0.032,0.0,0
2026-04-26 23:43:40,29.48,73.98,0.012,0.102,0
2026-04-26 23:43:45,29.46,73.58,-0.004,-0.08,0
2026-04-26 23:43:50,29.55,73.76,0.018,0.036,0
2026-04-26 23:43:55,29.36,73.62,-0.038,-0.028,0
2026-04-26 23:44:00,29.38,74.09,0.004,0.094,0
2026-04-26 23:44:05,29.47,73.66,0.018,-0.086,0
2026-04-26 23:44:10,29.46,73.64,-0.002,-0.004,0
2026-04-26 23:44:15,29.49,73.67,0.006,0.006,0
2026-04-26 23:44:20,28.57,72.26,-0.184,-0.282,0
2026-04-26 23:44:25,28.65,72.64,0.016,0.076,0
2026-04-26 23:44:30,28.7,72.01,0.01,-0.126,0
2026-04-26 23:44:35,28.8,72.14,0.02,0.026,0
2026-04-26 23:44:40,28.71,72.23,-0.018,0.018,0
2026-04-26 23:44:45,28.76,72.32,0.01,0.018,0
2026-04-26 23:44:50,28.84,72.53,0.016,0.042,0
2026-04-26 23:44:55,28.75,72.57,-0.018,0.008,0
2026-04-26 23:45:00,28.75,72.35,0.0,-0.044,0
2026-04-26 23:45:05,28.8,72.63,0.01,0.056,0
2026-04-26 23:45:10,28.81,71.99,0.002,-0.128,0
2026-04-26 23:45:15,28.71,72.72,-0.02,0.146,0
2026-04-26 23:45:20,28.94,72.19,0.046,-0.106,0
2026-04-26 23:45:25,28.96,72.15,0.004,-0.008,0
2026-04-26 23:45:30,28.79,72.29,-0.034,0.028,0
2026-04-26 23:45:35,28.81,72.77,0.004,0.096,0
2026-04-26 23:45:40,28.91,72.12,0.02,-0.13,0
2026-04-26 23:45:45,28.89,72.35,-0.004,0.046,0
2026-04-26 23:45:50,28.98,72.6,0.018,0.05,0
2026-04-26 23:45:55,28.76,72.55,-0.044,-0.01,0
2026-04-26 23:46:00,28.81,72.45,0.01,-0.02,0
2026-04-26 23:46:05,28.98,71.98,0.034,-0.094,0
2026-04-26 23:46:10,31.96,69.8,0.596,-0.436,2
2026-04-26 23:46:15,34.59,68.16,0.526,-0.328,2
2026-04-26 23:46:20,36.06,66.7,0.294,-0.292,2
2026-04-26 23:46:25,36.85,65.92,0.158,-0.156,2
2026-04-26 23:46:30,37.51,65.04,0.132,-0.176,2
2026-04-26 23:46:35,37.86,64.89,0.07,-0.03,2
2026-04-26 23:46:40,38.08,63.91,0.044,-0.196,2
2026-04-26 23:46:45,38.32,64.32,0.048,0.082,2
2026-04-26 23:46:50,38.09,63.89,-0.046,-0.086,2
2026-04-26 23:46:55,38.38,63.8,0.058,-0.018,2
2026-04-26 23:47:00,38.32,63.9,-0.012,0.02,2
2026-04-26 23:47:05,38.35,63.3,0.006,-0.12,2
2026-04-26 23:47:10,38.37,63.8,0.004,0.1,2
2026-04-26 23:47:15,38.62,63.51,0.05,-0.058,1
2026-04-26 23:47:20,38.73,63.36,0.022,-0.03,1
2026-04-26 23:47:25,39.01,63.48,0.056,0.024,1
2026-04-26 23:47:30,39.14,63.16,0.026,-0.064,1
2026-04-26 23:47:35,39.08,63.16,-0.012,0.0,1
2026-04-26 23:47:40,39.15,63.1,0.014,-0.012,1
2026-04-26 23:47:45,39.23,62.99,0.016,-0.022,1
2026-04-26 23:47:50,39.11,62.77,-0.024,-0.044,1
2026-04-26 23:47:55,39.09,62.37,-0.004,-0.08,1
2026-04-26 23:48:00,39.08,63.06,-0.002,0.138,1
2026-04-26 23:48:05,39.18,62.63,0.02,-0.086,1
2026-04-26 23:48:10,39.24,62.73,0.012,0.02,1
2026-04-26 23:48:15,39.07,62.59,-0.034,-0.028,1
2026-04-26 23:48:20,28.66,74.0,-2.082,2.282,0
2026-04-26 23:48:25,28.62,74.36,-0.008,0.072,0
2026-04-26 23:48:30,28.73,74.09,0.022,-0.054,0
2026-04-26 23:48:35,28.79,74.31,0.012,0.044,0
2026-04-26 23:48:40,28.65,73.81,-0.028,-0.1,0
2026-04-26 23:48:45,28.85,74.42,0.04,0.122,0
2026-04-26 23:48:50,28.65,74.48,-0.04,0.012,0
2026-04-26 23:48:55,28.64,73.91,-0.002,-0.114,0
2026-04-26 23:49:00,28.63,74.58,-0.002,0.134,0
2026-04-26 23:49:05,28.85,74.2,0.044,-0.076,0
2026-04-26 23:49:10,28.9,74.33,0.01,0.026,0
2026-04-26 23:49:15,28.65,74.22,-0.05,-0.022,0
2026-04-26 23:49:20,28.77,74.16,0.024,-0.012,0
2026-04-26 23:49:25,28.73,74.41,-0.008,0.05,0
2026-04-26 23:49:30,28.86,74.08,0.026,-0.066,0
2026-04-26 23:49:35,28.74,73.96,-0.024,-0.024,0
2026-04-26 23:49:40,28.79,74.27,0.01,0.062,0
2026-04-26 23:49:45,28.79,73.8,0.0,-0.094,0
2026-04-26 23:49:50,28.8,74.15,0.002,0.07,0
2026-04-26 23:49:55,28.72,74.19,-0.016,0.008,0
2026-04-26 23:50:00,28.88,74.58,0.032,0.078,0
2026-04-26 23:50:05,28.79,74.76,-0.018,0.036,0
2026-04-26 23:50:10,28.87,74.23,0.016,-0.106,0
2026-04-26 23:50:15,28.8,74.1,-0.014,-0.026,0
2026-04-26 23:50:20,28.7,74.17,-0.02,0.014,0
2026-04-26 23:50:25,29.1,74.05,0.08,-0.024,1
2026-04-26 23:50:30,29.42,73.69,0.064,-0.072,1
2026-04-26 23:50:35,29.54,73.2,0.024,-0.098,1
2026-04-26 23:50:40,29.9,73.21,0.072,0.002,1
2026-04-26 23:50:45,29.99,73.14,0.018,-0.014,1
2026-04-26 23:50:50,30.21,72.46,0.044,-0.136,1
2026-04-26 23:50:55,30.57,72.73,0.072,0.054,1
2026-04-26 23:51:00,30.5,72.18,-0.014,-0.11,1
2026-04-26 23:51:05,30.62,72.27,0.024,0.018,1
2026-04-26 23:51:10,30.72,71.68,0.02,-0.118,1
2026-04-26 23:51:15,30.81,71.95,0.018,0.054,1
2026-04-26 23:51:20,30.91,71.68,0.02,-0.054,1
2026-04-26 23:51:25,31.07,71.66,0.032,-0.004,1
2026-04-26 23:51:30,30.97,72.04,-0.02,0.076,1
2026-04-26 23:51:35,31.1,72.1,0.026,0.012,1
2026-04-26 23:51:40,31.13,72.37,0.006,0.054,1
2026-04-26 23:51:45,30.99,71.71,-0.028,-0.132,1
2026-04-26 23:51:50,30.94,72.44,-0.01,0.146,1
2026-04-26 23:51:55,30.95,71.95,0.002,-0.098,1
2026-04-26 23:52:00,31.17,72.17,0.044,0.044,1
2026-04-26 23:52:05,30.91,72.39,-0.052,0.044,1
2026-04-26 23:52:10,31.02,72.9,0.022,0.102,1
2026-04-26 23:52:15,31.07,72.4,0.01,-0.1,1
2026-04-26 23:52:20,30.99,72.16,-0.016,-0.048,1
2026-04-26 23:52:25,30.94,72.01,-0.01,-0.03,1
2026-04-26 23:52:30,31.09,72.15,0.03,0.028,1
2026-04-26 23:52:35,31.01,72.7,-0.016,0.11,1
2026-04-26 23:52:40,29.3,72.05,-0.342,-0.13,0
2026-04-26 23:52:45,29.35,71.55,0.01,-0.1,0
2026-04-26 23:52:50,29.41,71.45,0.012,-0.02,0
2026-04-26 23:52:55,29.49,71.96,0.016,0.102,0
2026-04-26 23:53:00,29.42,72.21,-0.014,0.05,0
2026-04-26 23:53:05,29.36,72.17,-0.012,-0.008,0
2026-04-26 23:53:10,29.5,71.6,0.028,-0.114,0
2026-04-26 23:53:15,29.52,71.77,0.004,0.034,0
2026-04-26 23:53:20,29.48,72.14,-0.008,0.074,0
2026-04-26 23:53:25,29.45,71.8,-0.006,-0.068,0
2026-04-26 23:53:30,29.45,71.63,0.0,-0.034,0
2026-04-26 23:53:35,29.52,71.9,0.014,0.054,0
2026-04-26 23:53:40,29.5,72.11,-0.004,0.042,0
2026-04-26 23:53:45,29.46,72.01,-0.008,-0.02,0
2026-04-26 23:53:50,29.38,72.06,-0.016,0.01,0
2026-04-26 23:53:55,29.36,71.86,-0.004,-0.04,0
2026-04-26 23:54:00,29.36,71.98,0.0,0.024,0
2026-04-26 23:54:05,29.31,72.29,-0.01,0.062,0
2026-04-26 23:54:10,29.33,72.16,0.004,-0.026,0
2026-04-26 23:54:15,29.48,72.3,0.03,0.028,0
2026-04-26 23:54:20,29.45,72.34,-0.006,0.008,0
2026-04-26 23:54:25,29.55,72.58,0.02,0.048,0
2026-04-26 23:54:30,29.48,71.97,-0.014,-0.122,0
2026-04-26 23:54:35,29.4,72.55,-0.016,0.116,0
2026-04-26 23:54:40,29.42,72.13,0.004,-0.084,0
2026-04-26 23:54:45,29.42,72.24,0.0,0.022,0
2026-04-26 23:54:50,29.35,72.13,-0.014,-0.022,0
2026-04-26 23:54:55,29.43,72.77,0.016,0.128,0
2026-04-26 23:55:00,29.56,71.78,0.026,-0.198,0
2026-04-26 23:55:05,29.49,72.31,-0.014,0.106,0
2026-04-26 23:55:10,29.5,72.49,0.002,0.036,0
2026-04-26 23:55:15,29.5,72.6,0.0,0.022,0
2026-04-26 23:55:20,31.66,70.34,0.432,-0.452,2
2026-04-26 23:55:25,33.49,69.38,0.366,-0.192,2
2026-04-26 23:55:30,35.12,68.01,0.326,-0.274,2
2026-04-26 23:55:35,36.32,67.44,0.24,-0.114,2
2026-04-26 23:55:40,36.98,66.38,0.132,-0.212,2
2026-04-26 23:55:45,37.31,65.33,0.066,-0.21,2
2026-04-26 23:55:50,37.56,65.36,0.05,0.006,2
2026-04-26 23:55:55,37.5,64.75,-0.012,-0.122,2
2026-04-26 23:56:00,37.64,64.4,0.028,-0.07,2
2026-04-26 23:56:05,37.53,64.47,-0.022,0.014,2
2026-04-26 23:56:10,37.55,63.84,0.004,-0.126,2
2026-04-26 23:56:15,37.61,63.66,0.012,-0.036,2
2026-04-26 23:56:20,37.78,63.32,0.034,-0.068,1
2026-04-26 23:56:25,37.95,62.62,0.034,-0.14,1
2026-04-26 23:56:30,38.15,63.14,0.04,0.104,1
2026-04-26 23:56:35,38.38,62.37,0.046,-0.154,1
2026-04-26 23:56:40,38.56,61.86,0.036,-0.102,1
2026-04-26 23:56:45,38.7,61.87,0.028,0.002,1
2026-04-26 23:56:50,38.79,61.76,0.018,-0.022,1
2026-04-26 23:56:55,38.74,61.53,-0.01,-0.046,1
2026-04-26 23:57:00,38.73,61.46,-0.002,-0.014,1
2026-04-26 23:57:05,38.84,61.52,0.022,0.012,1
2026-04-26 23:57:10,38.79,61.22,-0.01,-0.06,1
2026-04-26 23:57:15,38.95,61.19,0.032,-0.006,1
2026-04-26 23:57:20,38.81,61.29,-0.028,0.02,1
2026-04-26 23:57:25,38.83,61.42,0.004,0.026,1
2026-04-26 23:57:30,38.89,60.99,0.012,-0.086,1
2026-04-26 23:57:35,28.54,70.2,-2.07,1.842,0
2026-04-26 23:57:40,28.55,70.49,0.002,0.058,0
2026-04-26 23:57:45,28.72,70.1,0.034,-0.078,0
2026-04-26 23:57:50,28.72,70.24,0.0,0.028,0
2026-04-26 23:57:55,28.7,70.41,-0.004,0.034,0
2026-04-26 23:58:00,28.74,70.2,0.008,-0.042,0
2026-04-26 23:58:05,28.74,70.81,0.0,0.122,0
2026-04-26 23:58:10,28.79,70.45,0.01,-0.072,0
2026-04-26 23:58:15,28.91,70.18,0.024,-0.054,0
2026-04-26 23:58:20,28.79,70.12,-0.024,-0.012,0
2026-04-26 23:58:25,28.68,70.29,-0.022,0.034,0
2026-04-26 23:58:30,28.89,70.38,0.042,0.018,0
2026-04-26 23:58:35,28.7,69.71,-0.038,-0.134,0
2026-04-26 23:58:40,28.78,70.18,0.016,0.094,0
2026-04-26 23:58:45,28.69,69.92,-0.018,-0.052,0
2026-04-26 23:58:50,28.64,70.03,-0.01,0.022,0
2026-04-26 23:58:55,28.76,69.92,0.024,-0.022,0
2026-04-26 23:59:00,28.74,70.02,-0.004,0.02,0
2026-04-26 23:59:05,28.7,70.47,-0.008,0.09,0
2026-04-26 23:59:10,28.81,70.41,0.022,-0.012,0
2026-04-26 23:59:15,28.8,70.23,-0.002,-0.036,0
2026-04-26 23:59:20,28.91,70.18,0.022,-0.01,0
2026-04-26 23:59:25,28.82,70.36,-0.018,0.036,0
2026-04-26 23:59:30,28.74,70.43,-0.016,0.014,0
2026-04-26 23:59:35,28.83,70.08,0.018,-0.07,0
2026-04-26 23:59:40,28.69,70.17,-0.028,0.018,0
2026-04-26 23:59:45,28.94,70.08,0.05,-0.018,0
2026-04-26 23:59:50,28.75,69.75,-0.038,-0.066,0
2026-04-26 23:59:55,28.74,70.3,-0.002,0.11,0
2026-04-27 00:00:00,28.7,69.7,-0.008,-0.12,0
2026-04-27 00:00:05,28.73,70.5,0.006,0.16,0
2026-04-27 00:00:10,28.88,70.01,0.03,-0.098,0
2026-04-27 00:00:15,28.66,70.36,-0.044,0.07,0
2026-04-27 00:00:20,28.76,70.08,0.02,-0.056,0
2026-04-27 00:00:25,28.69,70.25,-0.014,0.034,0
2026-04-27 00:00:30,28.93,69.8,0.048,-0.09,0
2026-04-27 00:00:35,28.8,70.16,-0.026,0.072,0
2026-04-27 00:00:40,28.75,69.56,-0.01,-0.12,1
2026-04-27 00:00:45,28.8,70.31,0.01,0.15,1
2026-04-27 00:00:50,28.68,69.86,-0.024,-0.09,1
2026-04-27 00:00:55,28.87,70.61,0.038,0.15,1
2026-04-27 00:01:00,28.82,70.03,-0.01,-0.116,1
2026-04-27 00:01:05,28.74,70.19,-0.016,0.032,1
2026-04-27 00:01:10,28.82,70.71,0.016,0.104,1
2026-04-27 00:01:15,28.8,70.25,-0.004,-0.092,1
2026-04-27 00:01:20,28.82,70.21,0.004,-0.008,1
2026-04-27 00:01:25,28.76,70.37,-0.012,0.032,1
2026-04-27 00:01:30,28.76,70.59,0.0,0.044,1
2026-04-27 00:01:35,28.68,70.05,-0.016,-0.108,1
2026-04-27 00:01:40,28.67,70.41,-0.002,0.072,1
2026-04-27 00:01:45,28.76,70.17,0.018,-0.048,0
2026-04-27 00:01:50,28.79,69.82,0.006,-0.07,0
2026-04-27 00:01:55,29.03,70.57,0.048,0.15,0
2026-04-27 00:02:00,28.84,69.98,-0.038,-0.118,0
2026-04-27 00:02:05,29.02,70.38,0.036,0.08,0
2026-04-27 00:02:10,28.92,70.24,-0.02,-0.028,0
2026-04-27 00:02:15,28.94,69.93,0.004,-0.062,0
2026-04-27 00:02:20,28.87,69.98,-0.014,0.01,0
2026-04-27 00:02:25,28.8,70.84,-0.014,0.172,0
2026-04-27 00:02:30,28.9,70.77,0.02,-0.014,0
2026-04-27 00:02:35,28.95,70.79,0.01,0.004,0
2026-04-27 00:02:40,28.95,70.45,0.0,-0.068,0
2026-04-27 00:02:45,28.96,70.58,0.002,0.026,0
2026-04-27 00:02:50,28.89,70.52,-0.014,-0.012,0
2026-04-27 00:02:55,28.99,70.29,0.02,-0.046,0
2026-04-27 00:03:00,28.98,70.57,-0.002,0.056,0
2026-04-27 00:03:05,28.97,71.7,-0.002,0.226,0
2026-04-27 00:03:10,29.12,71.53,0.03,-0.034,0
2026-04-27 00:03:15,29.03,71.64,-0.018,0.022,0
2026-04-27 00:03:20,29.16,71.58,0.026,-0.012,0
2026-04-27 00:03:25,29.11,71.21,-0.01,-0.074,0
2026-04-27 00:03:30,29.1,71.55,-0.002,0.068,0
2026-04-27 00:03:35,29.21,71.67,0.022,0.024,0
2026-04-27 00:03:40,29.12,70.89,-0.018,-0.156,0
2026-04-27 00:03:45,29.22,71.1,0.02,0.042,0
2026-04-27 00:03:50,29.32,71.83,0.02,0.146,0
2026-04-27 00:03:55,29.31,71.41,-0.002,-0.084,0
2026-04-27 00:04:00,29.18,71.3,-0.026,-0.022,0
2026-04-27 00:04:05,29.24,71.15,0.012,-0.03,0
2026-04-27 00:04:10,29.08,70.78,-0.032,-0.074,0
2026-04-27 00:04:15,29.26,71.37,0.036,0.118,0
2026-04-27 00:04:20,29.1,71.04,-0.032,-0.066,0
2026-04-27 00:04:25,29.19,71.56,0.018,0.104,0
2026-04-27 00:04:30,29.34,71.56,0.03,0.0,0
2026-04-27 00:04:35,29.19,70.99,-0.03,-0.114,0
2026-04-27 00:04:40,29.2,70.93,0.002,-0.012,0
2026-04-27 00:04:45,29.05,71.08,-0.03,0.03,0
2026-04-27 00:04:50,29.23,71.7,0.036,0.124,0
2026-04-27 00:04:55,29.28,71.36,0.01,-0.068,0
2026-04-27 00:05:00,29.18,71.13,-0.02,-0.046,0
2026-04-27 00:05:05,29.11,71.31,-0.014,0.036,0
2026-04-27 00:05:10,29.31,71.27,0.04,-0.008,0
2026-04-27 00:05:15,29.22,71.11,-0.018,-0.032,0
2026-04-27 00:05:20,29.2,70.94,-0.004,-0.034,0
2026-04-27 00:05:25,29.21,71.62,0.002,0.136,0
2026-04-27 00:05:30,29.15,71.32,-0.012,-0.06,0
2026-04-27 00:05:35,29.24,71.1,0.018,-0.044,0
2026-04-27 00:05:40,29.15,71.19,-0.018,0.018,0
2026-04-27 00:05:45,29.19,71.24,0.008,0.01,0
2026-04-27 00:05:50,29.26,71.23,0.014,-0.002,0
2026-04-27 00:05:55,29.31,71.26,0.01,0.006,0
2026-04-27 00:06:00,29.17,71.06,-0.028,-0.04,0
2026-04-27 00:06:05,29.38,71.38,0.042,0.064,0
2026-04-27 00:06:10,29.24,71.36,-0.028,-0.004,0
2026-04-27 00:06:15,29.28,71.29,0.008,-0.014,0
2026-04-27 00:06:20,29.14,71.45,-0.028,0.032,0
2026-04-27 00:06:25,29.18,71.18,0.008,-0.054,0
2026-04-27 00:06:30,29.07,71.15,-0.022,-0.006,0
2026-04-27 00:06:35,29.24,71.15,0.034,0.0,0
2026-04-27 00:06:40,29.27,71.17,0.006,0.004,0
2026-04-27 00:06:45,29.18,71.36,-0.018,0.038,0
2026-04-27 00:06:50,29.51,70.71,0.066,-0.13,1
2026-04-27 00:06:55,29.91,71.11,0.08,0.08,1
2026-04-27 00:07:00,30.02,69.77,0.022,-0.268,1
2026-04-27 00:07:05,30.44,70.14,0.084,0.074,1
2026-04-27 00:07:10,30.49,69.81,0.01,-0.066,1
2026-04-27 00:07:15,30.73,69.82,0.048,0.002,1
2026-04-27 00:07:20,30.77,69.77,0.008,-0.01,1
2026-04-27 00:07:25,30.55,69.86,-0.044,0.018,1
2026-04-27 00:07:30,30.83,69.92,0.056,0.012,1
2026-04-27 00:07:35,30.83,70.09,0.0,0.034,1
2026-04-27 00:07:40,30.79,70.16,-0.008,0.014,1
2026-04-27 00:07:45,30.84,70.29,0.01,0.026,1
2026-04-27 00:07:50,30.71,70.53,-0.026,0.048,1
2026-04-27 00:07:55,30.85,70.05,0.028,-0.096,1
2026-04-27 00:08:00,30.7,70.7,-0.03,0.13,1
2026-04-27 00:08:05,30.97,70.31,0.054,-0.078,1
2026-04-27 00:08:10,30.89,70.58,-0.016,0.054,1
2026-04-27 00:08:15,30.76,70.12,-0.026,-0.092,1
2026-04-27 00:08:20,30.71,70.26,-0.01,0.028,1
2026-04-27 00:08:25,30.8,70.29,0.018,0.006,1
2026-04-27 00:08:30,30.87,70.55,0.014,0.052,1
2026-04-27 00:08:35,30.79,70.45,-0.016,-0.02,1
2026-04-27 00:08:40,30.87,70.63,0.016,0.036,1
2026-04-27 00:08:45,30.72,70.4,-0.03,-0.046,1
2026-04-27 00:08:50,30.78,70.69,0.012,0.058,1
2026-04-27 00:08:55,29.2,73.99,-0.316,0.66,0
2026-04-27 00:09:00,29.39,74.24,0.038,0.05,0
2026-04-27 00:09:05,29.38,74.67,-0.002,0.086,0
2026-04-27 00:09:10,29.22,74.1,-0.032,-0.114,0
2026-04-27 00:09:15,29.33,74.24,0.022,0.028,0
2026-04-27 00:09:20,29.37,74.39,0.008,0.03,0
2026-04-27 00:09:25,29.28,74.96,-0.018,0.114,0
2026-04-27 00:09:30,29.35,74.46,0.014,-0.1,0
2026-04-27 00:09:35,29.41,74.6,0.012,0.028,0
2026-04-27 00:09:40,29.45,74.74,0.008,0.028,0
2026-04-27 00:09:45,29.19,74.25,-0.052,-0.098,0
2026-04-27 00:09:50,29.41,74.86,0.044,0.122,0
2026-04-27 00:09:55,29.45,74.88,0.008,0.004,0
2026-04-27 00:10:00,29.41,74.53,-0.008,-0.07,0
2026-04-27 00:10:05,29.32,74.08,-0.018,-0.09,0
2026-04-27 00:10:10,29.3,74.86,-0.004,0.156,0
2026-04-27 00:10:15,29.22,74.48,-0.016,-0.076,0
2026-04-27 00:10:20,29.42,74.53,0.04,0.01,0
2026-04-27 00:10:25,29.38,74.57,-0.008,0.008,0
2026-04-27 00:10:30,29.34,74.91,-0.008,0.068,0
2026-04-27 00:10:35,29.49,74.5,0.03,-0.082,1
2026-04-27 00:10:40,29.35,74.46,-0.028,-0.008,1
2026-04-27 00:10:45,29.5,74.52,0.03,0.012,1
2026-04-27 00:10:50,29.28,74.67,-0.044,0.03,1
2026-04-27 00:10:55,29.35,74.58,0.014,-0.018,1
2026-04-27 00:11:00,29.46,74.45,0.022,-0.026,1
2026-04-27 00:11:05,29.44,74.59,-0.004,0.028,1
2026-04-27 00:11:10,29.43,74.47,-0.002,-0.024,1
2026-04-27 00:11:15,29.33,74.52,-0.02,0.01,1
2026-04-27 00:11:20,29.28,74.81,-0.01,0.058,1
2026-04-27 00:11:25,29.35,74.98,0.014,0.034,1
2026-04-27 00:11:30,29.33,74.17,-0.004,-0.162,1
2026-04-27 00:11:35,29.46,74.43,0.026,0.052,0
2026-04-27 00:11:40,29.31,74.61,-0.03,0.036,0
2026-04-27 00:11:45,29.54,74.22,0.046,-0.078,0
2026-04-27 00:11:50,29.38,75.17,-0.032,0.19,0
2026-04-27 00:11:55,29.37,74.73,-0.002,-0.088,0
2026-04-27 00:12:00,29.6,75.01,0.046,0.056,0
2026-04-27 00:12:05,29.44,74.99,-0.032,-0.004,0
2026-04-27 00:12:10,29.56,74.98,0.024,-0.002,0
2026-04-27 00:12:15,29.45,75.1,-0.022,0.024,0
2026-04-27 00:12:20,29.49,75.01,0.008,-0.018,0
2026-04-27 00:12:25,29.37,75.19,-0.024,0.036,0
2026-04-27 00:12:30,29.61,75.33,0.048,0.028,0
2026-04-27 00:12:35,29.63,75.46,0.004,0.026,0
2026-04-27 00:12:40,29.43,75.08,-0.04,-0.076,0
2026-04-27 00:12:45,29.49,75.19,0.012,0.022,0
2026-04-27 00:12:50,29.66,74.95,0.034,-0.048,0
2026-04-27 00:12:55,29.57,75.25,-0.018,0.06,0
2026-04-27 00:13:00,29.62,74.87,0.01,-0.076,0
2026-04-27 00:13:05,29.34,71.29,-0.056,-0.716,0
2026-04-27 00:13:10,29.3,71.27,-0.008,-0.004,0
2026-04-27 00:13:15,29.11,71.19,-0.038,-0.016,0
2026-04-27 00:13:20,29.23,70.85,0.024,-0.068,0
2026-04-27 00:13:25,29.3,71.23,0.014,0.076,0
2026-04-27 00:13:30,29.18,70.81,-0.024,-0.084,0
2026-04-27 00:13:35,29.38,70.7,0.04,-0.022,0
2026-04-27 00:13:40,29.08,71.52,-0.06,0.164,0
2026-04-27 00:13:45,29.13,71.13,0.01,-0.078,0
2026-04-27 00:13:50,29.13,70.96,0.0,-0.034,0
2026-04-27 00:13:55,29.27,70.96,0.028,0.0,0
2026-04-27 00:14:00,29.11,71.28,-0.032,0.064,0
2026-04-27 00:14:05,29.18,71.31,0.014,0.006,0
2026-04-27 00:14:10,29.34,71.29,0.032,-0.004,0
2026-04-27 00:14:15,29.08,71.54,-0.052,0.05,0
2026-04-27 00:14:20,29.23,71.64,0.03,0.02,0
2026-04-27 00:14:25,29.37,71.22,0.028,-0.084,0
2026-04-27 00:14:30,29.15,70.75,-0.044,-0.094,0
2026-04-27 00:14:35,29.31,71.05,0.032,0.06,0
2026-04-27 00:14:40,29.25,71.06,-0.012,0.002,0
2026-04-27 00:14:45,29.35,71.21,0.02,0.03,0
2026-04-27 00:14:50,29.34,70.94,-0.002,-0.054,0
2026-04-27 00:14:55,29.25,71.54,-0.018,0.12,0
2026-04-27 00:15:00,29.28,71.14,0.006,-0.08,0
2026-04-27 00:15:05,29.22,71.46,-0.012,0.064,0
2026-04-27 00:15:10,29.29,71.31,0.014,-0.03,0
2026-04-27 00:15:15,29.26,71.46,-0.006,0.03,0
2026-04-27 00:15:20,29.37,71.23,0.022,-0.046,0
2026-04-27 00:15:25,29.32,71.06,-0.01,-0.034,0
2026-04-27 00:15:30,29.23,71.42,-0.018,0.072,0
2026-04-27 00:15:35,29.16,71.57,-0.014,0.03,0
2026-04-27 00:15:40,29.23,71.56,0.014,-0.002,0
2026-04-27 00:15:45,29.07,71.45,-0.032,-0.022,0
2026-04-27 00:15:50,29.22,71.63,0.03,0.036,0
2026-04-27 00:15:55,29.23,70.83,0.002,-0.16,0
2026-04-27 00:16:00,29.18,71.16,-0.01,0.066,0
2026-04-27 00:16:05,29.35,71.17,0.034,0.002,0
2026-04-27 00:16:10,29.22,71.02,-0.026,-0.03,0
2026-04-27 00:16:15,29.27,71.01,0.01,-0.002,0
2026-04-27 00:16:20,29.29,71.26,0.004,0.05,0
2026-04-27 00:16:25,29.19,71.04,-0.02,-0.044,0
2026-04-27 00:16:30,29.2,71.13,0.002,0.018,0
2026-04-27 00:16:35,29.18,71.82,-0.004,0.138,1
2026-04-27 00:16:40,29.21,72.68,0.006,0.172,1
2026-04-27 00:16:45,29.23,72.83,0.004,0.03,1
2026-04-27 00:16:50,29.35,73.43,0.024,0.12,1
2026-04-27 00:16:55,29.26,74.1,-0.018,0.134,1
2026-04-27 00:17:00,29.3,74.36,0.008,0.052,1
2026-04-27 00:17:05,29.49,74.82,0.038,0.092,1
2026-04-27 00:17:10,29.47,74.66,-0.004,-0.032,1
2026-04-27 00:17:15,29.53,74.87,0.012,0.042,1
2026-04-27 00:17:20,29.42,76.11,-0.022,0.248,1
2026-04-27 00:17:25,29.45,75.8,0.006,-0.062,1
2026-04-27 00:17:30,29.54,75.62,0.018,-0.036,1
2026-04-27 00:17:35,29.61,75.77,0.014,0.03,1
2026-04-27 00:17:40,29.64,75.72,0.006,-0.01,1
2026-04-27 00:17:45,29.62,75.93,-0.004,0.042,1
2026-04-27 00:17:50,29.72,75.84,0.02,-0.018,1
2026-04-27 00:17:55,29.62,76.25,-0.02,0.082,1
2026-04-27 00:18:00,29.61,76.09,-0.002,-0.032,1
2026-04-27 00:18:05,29.85,75.96,0.048,-0.026,1
2026-04-27 00:18:10,29.76,76.02,-0.018,0.012,1
2026-04-27 00:18:15,29.82,76.41,0.012,0.078,1
2026-04-27 00:18:20,29.78,75.94,-0.008,-0.094,1
2026-04-27 00:18:25,29.74,76.27,-0.008,0.066,1
2026-04-27 00:18:30,29.85,76.69,0.022,0.084,1
2026-04-27 00:18:35,29.83,76.63,-0.004,-0.012,1
2026-04-27 00:18:40,29.87,76.39,0.008,-0.048,1
2026-04-27 00:18:45,29.75,76.19,-0.024,-0.04,1
2026-04-27 00:18:50,29.9,76.08,0.03,-0.022,1
2026-04-27 00:18:55,29.79,76.15,-0.022,0.014,1
2026-04-27 00:19:00,29.87,76.22,0.016,0.014,1
2026-04-27 00:19:05,29.81,76.59,-0.012,0.074,1
2026-04-27 00:19:10,29.72,76.37,-0.018,-0.044,1
2026-04-27 00:19:15,29.02,70.94,-0.14,-1.086,0
2026-04-27 00:19:20,29.0,70.3,-0.004,-0.128,0
2026-04-27 00:19:25,29.04,70.66,0.008,0.072,0
2026-04-27 00:19:30,29.22,70.74,0.036,0.016,0
2026-04-27 00:19:35,29.13,70.76,-0.018,0.004,0
2026-04-27 00:19:40,29.0,70.48,-0.026,-0.056,0
2026-04-27 00:19:45,29.17,70.27,0.034,-0.042,0
2026-04-27 00:19:50,29.2,70.62,0.006,0.07,0
2026-04-27 00:19:55,29.2,70.92,0.0,0.06,0
2026-04-27 00:20:00,29.18,70.67,-0.004,-0.05,0
2026-04-27 00:20:05,29.27,70.63,0.018,-0.008,0
2026-04-27 00:20:10,29.18,70.19,-0.018,-0.088,0
2026-04-27 00:20:15,29.13,70.49,-0.01,0.06,0
2026-04-27 00:20:20,29.12,70.81,-0.002,0.064,0
2026-04-27 00:20:25,29.08,70.78,-0.008,-0.006,0
2026-04-27 00:20:30,29.2,70.53,0.024,-0.05,0
2026-04-27 00:20:35,29.25,70.76,0.01,0.046,0
2026-04-27 00:20:40,29.25,70.61,0.0,-0.03,0
2026-04-27 00:20:45,29.1,70.88,-0.03,0.054,0
2026-04-27 00:20:50,29.21,70.94,0.022,0.012,0
2026-04-27 00:20:55,29.14,70.62,-0.014,-0.064,0
2026-04-27 00:21:00,29.23,70.07,0.018,-0.11,0
2026-04-27 00:21:05,29.28,70.62,0.01,0.11,0
2026-04-27 00:21:10,32.61,67.72,0.666,-0.58,2
2026-04-27 00:21:15,35.29,65.53,0.536,-0.438,2
2026-04-27 00:21:20,36.86,63.6,0.314,-0.386,2
2026-04-27 00:21:25,38.09,62.63,0.246,-0.194,2
2026-04-27 00:21:30,38.6,61.82,0.102,-0.162,2
2026-04-27 00:21:35,38.76,61.01,0.032,-0.162,2
2026-04-27 00:21:40,38.94,60.88,0.036,-0.026,2
2026-04-27 00:21:45,38.96,61.25,0.004,0.074,2
2026-04-27 00:21:50,39.1,60.26,0.028,-0.198,2
2026-04-27 00:21:55,39.05,60.57,-0.01,0.062,2
2026-04-27 00:22:00,39.09,60.31,0.008,-0.052,2
2026-04-27 00:22:05,39.21,60.07,0.024,-0.048,2
2026-04-27 00:22:10,39.01,60.41,-0.04,0.068,2
2026-04-27 00:22:15,39.06,59.89,0.01,-0.104,2
2026-04-27 00:22:20,39.17,60.15,0.022,0.052,1
2026-04-27 00:22:25,39.26,59.87,0.018,-0.056,1
2026-04-27 00:22:30,39.33,59.78,0.014,-0.018,1
2026-04-27 00:22:35,39.46,59.35,0.026,-0.086,1
2026-04-27 00:22:40,39.55,59.57,0.018,0.044,1
2026-04-27 00:22:45,39.66,59.23,0.022,-0.068,1
2026-04-27 00:22:50,39.77,59.24,0.022,0.002,1
2026-04-27 00:22:55,39.49,59.01,-0.056,-0.046,1
2026-04-27 00:23:00,39.68,58.63,0.038,-0.076,1
2026-04-27 00:23:05,39.68,58.89,0.0,0.052,1
2026-04-27 00:23:10,39.64,59.28,-0.008,0.078,1
2026-04-27 00:23:15,39.66,58.65,0.004,-0.126,1
2026-04-27 00:23:20,39.61,58.54,-0.01,-0.022,1
2026-04-27 00:23:25,39.66,58.58,0.01,0.008,1
2026-04-27 00:23:30,39.76,58.61,0.02,0.006,1
2026-04-27 00:23:35,39.62,58.21,-0.028,-0.08,1
2026-04-27 00:23:40,29.23,73.88,-2.078,3.134,0
2026-04-27 00:23:45,28.94,74.41,-0.058,0.106,0
2026-04-27 00:23:50,29.13,73.6,0.038,-0.162,0
2026-04-27 00:23:55,29.11,73.82,-0.004,0.044,0
2026-04-27 00:24:00,28.97,74.4,-0.028,0.116,0
2026-04-27 00:24:05,29.11,74.17,0.028,-0.046,0
2026-04-27 00:24:10,29.18,74.52,0.014,0.07,0
2026-04-27 00:24:15,29.04,74.54,-0.028,0.004,0
2026-04-27 00:24:20,29.07,74.04,0.006,-0.1,0
2026-04-27 00:24:25,29.06,73.71,-0.002,-0.066,0
2026-04-27 00:24:30,29.15,74.18,0.018,0.094,0
2026-04-27 00:24:35,29.01,74.51,-0.028,0.066,0
2026-04-27 00:24:40,29.06,74.55,0.01,0.008,0
2026-04-27 00:24:45,28.93,74.4,-0.026,-0.03,0
2026-04-27 00:24:50,29.18,74.21,0.05,-0.038,0
2026-04-27 00:24:55,29.14,73.96,-0.008,-0.05,0
2026-04-27 00:25:00,29.03,74.57,-0.022,0.122,0
2026-04-27 00:25:05,29.12,74.37,0.018,-0.04,0
2026-04-27 00:25:10,29.06,74.01,-0.012,-0.072,0
2026-04-27 00:25:15,29.12,74.48,0.012,0.094,0
2026-04-27 00:25:20,29.05,74.35,-0.014,-0.026,0
2026-04-27 00:25:25,28.97,74.28,-0.016,-0.014,0
2026-04-27 00:25:30,29.0,74.16,0.006,-0.024,0
2026-04-27 00:25:35,29.03,74.66,0.006,0.1,0
2026-04-27 00:25:40,29.2,74.29,0.034,-0.074,0
2026-04-27 00:25:45,29.09,74.22,-0.022,-0.014,0
2026-04-27 00:25:50,28.88,73.72,-0.042,-0.1,0
2026-04-27 00:25:55,31.28,73.52,0.48,-0.04,2
2026-04-27 00:26:00,33.0,72.84,0.344,-0.136,2
2026-04-27 00:26:05,34.44,72.47,0.288,-0.074,2
2026-04-27 00:26:10,35.76,71.5,0.264,-0.194,2
2026-04-27 00:26:15,36.43,70.92,0.134,-0.116,2
2026-04-27 00:26:20,36.69,70.94,0.052,0.004,2
2026-04-27 00:26:25,36.9,70.79,0.042,-0.03,2
2026-04-27 00:26:30,37.27,70.31,0.074,-0.096,1
2026-04-27 00:26:35,37.4,69.77,0.026,-0.108,1
2026-04-27 00:26:40,37.5,69.66,0.02,-0.022,1
2026-04-27 00:26:45,37.72,69.91,0.044,0.05,1
2026-04-27 00:26:50,37.77,69.48,0.01,-0.086,1
2026-04-27 00:26:55,37.88,69.23,0.022,-0.05,1
2026-04-27 00:27:00,37.93,69.07,0.01,-0.032,1
2026-04-27 00:27:05,38.06,69.34,0.026,0.054,1
2026-04-27 00:27:10,37.97,68.94,-0.018,-0.08,1
2026-04-27 00:27:15,38.13,69.15,0.032,0.042,1
2026-04-27 00:27:20,38.25,68.78,0.024,-0.074,1
2026-04-27 00:27:25,38.09,68.58,-0.032,-0.04,1
2026-04-27 00:27:30,38.09,68.5,0.0,-0.016,1
2026-04-27 00:27:35,38.07,68.69,-0.004,0.038,1
2026-04-27 00:27:40,38.12,68.43,0.01,-0.052,1
2026-04-27 00:27:45,38.08,68.29,-0.008,-0.028,1
2026-04-27 00:27:50,29.4,71.03,-1.736,0.548,0
2026-04-27 00:27:55,29.33,71.14,-0.014,0.022,0
2026-04-27 00:28:00,29.33,71.64,0.0,0.1,0
2026-04-27 00:28:05,29.5,71.1,0.034,-0.108,0
2026-04-27 00:28:10,29.46,71.27,-0.008,0.034,0
2026-04-27 00:28:15,29.54,71.05,0.016,-0.044,0
2026-04-27 00:28:20,29.49,70.96,-0.01,-0.018,0
2026-04-27 00:28:25,29.51,71.18,0.004,0.044,0
2026-04-27 00:28:30,29.44,71.69,-0.014,0.102,0
2026-04-27 00:28:35,29.56,71.28,0.024,-0.082,0
2026-04-27 00:28:40,29.55,71.6,-0.002,0.064,0
2026-04-27 00:28:45,29.47,70.98,-0.016,-0.124,0
2026-04-27 00:28:50,29.43,70.9,-0.008,-0.016,0
2026-04-27 00:28:55,29.44,71.51,0.002,0.122,0
2026-04-27 00:29:00,29.47,71.18,0.006,-0.066,0
2026-04-27 00:29:05,29.46,71.29,-0.002,0.022,0
2026-04-27 00:29:10,29.51,70.65,0.01,-0.128,0
2026-04-27 00:29:15,29.6,71.78,0.018,0.226,0
2026-04-27 00:29:20,29.42,70.91,-0.036,-0.174,0
2026-04-27 00:29:25,29.43,71.06,0.002,0.03,0
2026-04-27 00:29:30,29.56,71.42,0.026,0.072,0
2026-04-27 00:29:35,29.61,71.42,0.01,0.0,0
2026-04-27 00:29:40,29.62,71.55,0.002,0.026,0
2026-04-27 00:29:45,29.46,71.21,-0.032,-0.068,0
2026-04-27 00:29:50,29.51,71.29,0.01,0.016,0
2026-04-27 00:29:55,29.38,71.2,-0.026,-0.018,0
2026-04-27 00:30:00,29.59,71.14,0.042,-0.012,0
2026-04-27 00:30:05,29.49,71.08,-0.02,-0.012,0
2026-04-27 00:30:10,29.53,70.87,0.008,-0.042,0
2026-04-27 00:30:15,29.55,71.07,0.004,0.04,0
2026-04-27 00:30:20,29.42,71.23,-0.026,0.032,0
2026-04-27 00:30:25,29.53,71.3,0.022,0.014,0
2026-04-27 00:30:30,29.47,70.97,-0.012,-0.066,0
2026-04-27 00:30:35,29.34,71.48,-0.026,0.102,0
2026-04-27 00:30:40,29.58,71.14,0.048,-0.068,0
2026-04-27 00:30:45,29.68,71.25,0.02,0.022,0
2026-04-27 00:30:50,29.4,71.02,-0.056,-0.046,0
2026-04-27 00:30:55,29.61,71.48,0.042,0.092,0
2026-04-27 00:31:00,29.55,70.66,-0.012,-0.164,1
2026-04-27 00:31:05,29.48,71.19,-0.014,0.106,1
2026-04-27 00:31:10,29.62,71.06,0.028,-0.026,1
2026-04-27 00:31:15,29.5,71.18,-0.024,0.024,1
2026-04-27 00:31:20,29.5,71.3,0.0,0.024,1
2026-04-27 00:31:25,29.59,71.0,0.018,-0.06,1
2026-04-27 00:31:30,29.47,71.15,-0.024,0.03,1
2026-04-27 00:31:35,29.66,70.82,0.038,-0.066,1
2026-04-27 00:31:40,29.54,71.73,-0.024,0.182,1
2026-04-27 00:31:45,29.47,70.82,-0.014,-0.182,1
2026-04-27 00:31:50,29.71,71.17,0.048,0.07,1
2026-04-27 00:31:55,29.41,71.11,-0.06,-0.012,1
2026-04-27 00:32:00,29.66,70.63,0.05,-0.096,1
2026-04-27 00:32:05,29.56,70.98,-0.02,0.07,1
2026-04-27 00:32:10,29.53,70.57,-0.006,-0.082,0
2026-04-27 00:32:15,29.54,71.06,0.002,0.098,0
2026-04-27 00:32:20,29.53,71.18,-0.002,0.024,0
2026-04-27 00:32:25,29.56,71.09,0.006,-0.018,0
2026-04-27 00:32:30,29.68,71.04,0.024,-0.01,0
2026-04-27 00:32:35,29.61,71.31,-0.014,0.054,0
2026-04-27 00:32:40,29.53,70.9,-0.016,-0.082,0
2026-04-27 00:32:45,29.49,71.67,-0.008,0.154,0
2026-04-27 00:32:50,29.68,71.74,0.038,0.014,0
2026-04-27 00:32:55,29.61,71.31,-0.014,-0.086,0
2026-04-27 00:33:00,29.56,71.48,-0.01,0.034,0
2026-04-27 00:33:05,29.55,71.89,-0.002,0.082,0
2026-04-27 00:33:10,29.63,70.92,0.016,-0.194,0
2026-04-27 00:33:15,29.54,71.59,-0.018,0.134,0
2026-04-27 00:33:20,29.47,71.49,-0.014,-0.02,0
2026-04-27 00:33:25,29.6,71.29,0.026,-0.04,0
2026-04-27 00:33:30,29.13,70.62,-0.094,-0.134,0
2026-04-27 00:33:35,29.14,70.03,0.002,-0.118,0
2026-04-27 00:33:40,29.02,70.72,-0.024,0.138,0
2026-04-27 00:33:45,29.1,70.0,0.016,-0.144,0
2026-04-27 00:33:50,28.98,70.4,-0.024,0.08,0
2026-04-27 00:33:55,29.03,70.34,0.01,-0.012,0
2026-04-27 00:34:00,29.1,70.58,0.014,0.048,0
2026-04-27 00:34:05,29.09,70.38,-0.002,-0.04,0
2026-04-27 00:34:10,28.96,70.42,-0.026,0.008,0
2026-04-27 00:34:15,29.13,70.44,0.034,0.004,0
2026-04-27 00:34:20,29.2,70.22,0.014,-0.044,0
2026-04-27 00:34:25,29.06,70.3,-0.028,0.016,0
2026-04-27 00:34:30,29.15,70.19,0.018,-0.022,0
2026-04-27 00:34:35,29.05,70.55,-0.02,0.072,0
2026-04-27 00:34:40,29.16,70.05,0.022,-0.1,0
2026-04-27 00:34:45,29.1,70.31,-0.012,0.052,0
2026-04-27 00:34:50,28.95,70.43,-0.03,0.024,0
2026-04-27 00:34:55,29.06,70.09,0.022,-0.068,0
2026-04-27 00:35:00,29.05,69.99,-0.002,-0.02,0
2026-04-27 00:35:05,29.26,69.99,0.042,0.0,0
2026-04-27 00:35:10,29.05,70.09,-0.042,0.02,0
2026-04-27 00:35:15,28.96,70.35,-0.018,0.052,0
2026-04-27 00:35:20,29.09,70.08,0.026,-0.054,0
2026-04-27 00:35:25,28.93,70.25,-0.032,0.034,0
2026-04-27 00:35:30,29.04,70.4,0.022,0.03,0
2026-04-27 00:35:35,29.21,69.94,0.034,-0.092,0
2026-04-27 00:35:40,29.18,69.98,-0.006,0.008,0
2026-04-27 00:35:45,29.03,70.26,-0.03,0.056,0
2026-04-27 00:35:50,29.2,69.99,0.034,-0.054,0
2026-04-27 00:35:55,29.12,70.19,-0.016,0.04,0
2026-04-27 00:36:00,29.1,69.7,-0.004,-0.098,0
2026-04-27 00:36:05,29.08,70.36,-0.004,0.132,0
2026-04-27 00:36:10,29.06,69.99,-0.004,-0.074,0
2026-04-27 00:36:15,28.96,70.3,-0.02,0.062,0
2026-04-27 00:36:20,29.02,69.86,0.012,-0.088,0
2026-04-27 00:36:25,28.98,70.12,-0.008,0.052,0
2026-04-27 00:36:30,29.06,69.85,0.016,-0.054,0
2026-04-27 00:36:35,29.01,69.92,-0.01,0.014,0
2026-04-27 00:36:40,29.04,69.97,0.006,0.01,1
2026-04-27 00:36:45,29.19,69.98,0.03,0.002,1
2026-04-27 00:36:50,29.02,69.85,-0.034,-0.026,1
2026-04-27 00:36:55,29.03,70.19,0.002,0.068,1
2026-04-27 00:37:00,29.19,70.51,0.032,0.064,1
2026-04-27 00:37:05,29.1,69.84,-0.018,-0.134,1
2026-04-27 00:37:10,29.06,69.83,-0.008,-0.002,1
2026-04-27 00:37:15,29.05,70.0,-0.002,0.034,1
2026-04-27 00:37:20,29.06,69.71,0.002,-0.058,1
2026-04-27 00:37:25,29.05,70.1,-0.002,0.078,1
2026-04-27 00:37:30,29.14,70.02,0.018,-0.016,1
2026-04-27 00:37:35,29.13,70.41,-0.002,0.078,1
2026-04-27 00:37:40,29.1,70.01,-0.006,-0.08,1
2026-04-27 00:37:45,29.08,69.94,-0.004,-0.014,1
2026-04-27 00:37:50,29.19,69.79,0.022,-0.03,0
2026-04-27 00:37:55,28.87,70.16,-0.064,0.074,0
2026-04-27 00:38:00,29.17,70.35,0.06,0.038,0
2026-04-27 00:38:05,29.22,70.27,0.01,-0.016,0
2026-04-27 00:38:10,29.06,70.12,-0.032,-0.03,0
2026-04-27 00:38:15,29.03,69.88,-0.006,-0.048,0
2026-04-27 00:38:20,29.12,70.32,0.018,0.088,0
2026-04-27 00:38:25,29.03,70.14,-0.018,-0.036,0
2026-04-27 00:38:30,29.24,70.3,0.042,0.032,0
2026-04-27 00:38:35,29.17,70.51,-0.014,0.042,0
2026-04-27 00:38:40,29.08,70.59,-0.018,0.016,0
2026-04-27 00:38:45,29.17,70.18,0.018,-0.082,0
2026-04-27 00:38:50,29.22,70.63,0.01,0.09,0
2026-04-27 00:38:55,29.28,70.75,0.012,0.024,0
2026-04-27 00:39:00,29.17,70.72,-0.022,-0.006,0
2026-04-27 00:39:05,29.13,70.58,-0.008,-0.028,0
2026-04-27 00:39:10,29.27,70.78,0.028,0.04,0
2026-04-27 00:39:15,29.07,72.46,-0.04,0.336,0
2026-04-27 00:39:20,28.97,72.15,-0.02,-0.062,0
2026-04-27 00:39:25,29.12,72.24,0.03,0.018,0
2026-04-27 00:39:30,28.98,72.57,-0.028,0.066,0
2026-04-27 00:39:35,29.05,72.28,0.014,-0.058,0
2026-04-27 00:39:40,29.05,72.94,0.0,0.132,0
2026-04-27 00:39:45,29.12,71.75,0.014,-0.238,0
2026-04-27 00:39:50,28.91,72.24,-0.042,0.098,0
2026-04-27 00:39:55,29.15,72.34,0.048,0.02,0
2026-04-27 00:40:00,29.06,72.48,-0.018,0.028,0
2026-04-27 00:40:05,29.12,72.49,0.012,0.002,0
2026-04-27 00:40:10,29.01,72.43,-0.022,-0.012,0
2026-04-27 00:40:15,29.13,72.25,0.024,-0.036,0
2026-04-27 00:40:20,29.03,72.26,-0.02,0.002,0
2026-04-27 00:40:25,29.13,72.71,0.02,0.09,0
2026-04-27 00:40:30,29.05,72.7,-0.016,-0.002,0
2026-04-27 00:40:35,28.89,72.76,-0.032,0.012,0
2026-04-27 00:40:40,28.89,72.54,0.0,-0.044,0
2026-04-27 00:40:45,29.13,72.38,0.048,-0.032,0
2026-04-27 00:40:50,28.87,72.46,-0.052,0.016,0
2026-04-27 00:40:55,29.09,72.69,0.044,0.046,0
2026-04-27 00:41:00,29.04,72.5,-0.01,-0.038,0
2026-04-27 00:41:05,28.95,72.61,-0.018,0.022,0
2026-04-27 00:41:10,29.14,72.14,0.038,-0.094,0
2026-04-27 00:41:15,29.0,72.28,-0.028,0.028,0
2026-04-27 00:41:20,29.09,72.58,0.018,0.06,0
2026-04-27 00:41:25,28.98,72.67,-0.022,0.018,0
2026-04-27 00:41:30,29.13,72.5,0.03,-0.034,0
2026-04-27 00:41:35,29.02,72.13,-0.022,-0.074,0
2026-04-27 00:41:40,29.07,72.55,0.01,0.084,0
2026-04-27 00:41:45,29.02,72.23,-0.01,-0.064,0
2026-04-27 00:41:50,29.08,72.56,0.012,0.066,0
2026-04-27 00:41:55,29.08,72.92,0.0,0.072,1
2026-04-27 00:42:00,29.05,72.23,-0.006,-0.138,1
2026-04-27 00:42:05,29.19,72.65,0.028,0.084,1
2026-04-27 00:42:10,29.08,72.63,-0.022,-0.004,1
2026-04-27 00:42:15,29.14,72.62,0.012,-0.002,1
2026-04-27 00:42:20,29.06,72.46,-0.016,-0.032,1
2026-04-27 00:42:25,29.06,72.53,0.0,0.014,1
2026-04-27 00:42:30,29.01,72.91,-0.01,0.076,1
2026-04-27 00:42:35,29.06,72.86,0.01,-0.01,1
2026-04-27 00:42:40,28.96,72.51,-0.02,-0.07,1
2026-04-27 00:42:45,29.15,72.46,0.038,-0.01,0
2026-04-27 00:42:50,29.21,72.2,0.012,-0.052,0
2026-04-27 00:42:55,29.14,72.58,-0.014,0.076,0
2026-04-27 00:43:00,29.14,72.76,0.0,0.036,0
2026-04-27 00:43:05,29.07,72.47,-0.014,-0.058,0
2026-04-27 00:43:10,29.24,72.59,0.034,0.024,0
2026-04-27 00:43:15,29.15,72.78,-0.018,0.038,0
2026-04-27 00:43:20,29.11,72.6,-0.008,-0.036,0
2026-04-27 00:43:25,29.09,72.47,-0.004,-0.026,0
2026-04-27 00:43:30,29.27,72.88,0.036,0.082,0
2026-04-27 00:43:35,29.31,72.93,0.008,0.01,0
2026-04-27 00:43:40,29.22,72.76,-0.018,-0.034,0
2026-04-27 00:43:45,28.6,70.92,-0.124,-0.368,0
2026-04-27 00:43:50,28.77,71.06,0.034,0.028,0
2026-04-27 00:43:55,28.64,71.06,-0.026,0.0,0
2026-04-27 00:44:00,28.77,71.34,0.026,0.056,0
2026-04-27 00:44:05,28.54,70.77,-0.046,-0.114,0
2026-04-27 00:44:10,28.64,71.01,0.02,0.048,0
2026-04-27 00:44:15,28.75,71.02,0.022,0.002,0
2026-04-27 00:44:20,28.65,71.0,-0.02,-0.004,0
2026-04-27 00:44:25,28.6,71.27,-0.01,0.054,0
2026-04-27 00:44:30,28.8,71.01,0.04,-0.052,0
2026-04-27 00:44:35,28.44,71.59,-0.072,0.116,0
2026-04-27 00:44:40,28.62,71.4,0.036,-0.038,0
2026-04-27 00:44:45,28.75,71.03,0.026,-0.074,0
2026-04-27 00:44:50,28.54,71.21,-0.042,0.036,0
2026-04-27 00:44:55,28.56,71.35,0.004,0.028,0
2026-04-27 00:45:00,28.63,71.52,0.014,0.034,0
2026-04-27 00:45:05,28.54,70.91,-0.018,-0.122,0
2026-04-27 00:45:10,28.7,70.72,0.032,-0.038,0
2026-04-27 00:45:15,28.71,71.49,0.002,0.154,0
2026-04-27 00:45:20,28.57,71.21,-0.028,-0.056,0
2026-04-27 00:45:25,28.74,71.03,0.034,-0.036,0
2026-04-27 00:45:30,28.73,71.24,-0.002,0.042,0
2026-04-27 00:45:35,28.5,70.5,-0.046,-0.148,0
2026-04-27 00:45:40,28.7,71.32,0.04,0.164,0
2026-04-27 00:45:45,28.65,71.18,-0.01,-0.028,0
2026-04-27 00:45:50,28.71,71.26,0.012,0.016,0
2026-04-27 00:45:55,28.56,71.02,-0.03,-0.048,0
2026-04-27 00:46:00,28.52,71.33,-0.008,0.062,0
2026-04-27 00:46:05,28.61,71.59,0.018,0.052,0
2026-04-27 00:46:10,28.49,71.19,-0.024,-0.08,0
2026-04-27 00:46:15,28.59,71.09,0.02,-0.02,0
2026-04-27 00:46:20,28.68,71.45,0.018,0.072,0
2026-04-27 00:46:25,28.57,71.08,-0.022,-0.074,0
2026-04-27 00:46:30,28.51,70.96,-0.012,-0.024,0
2026-04-27 00:46:35,28.57,71.25,0.012,0.058,0
2026-04-27 00:46:40,28.7,71.04,0.026,-0.042,0
2026-04-27 00:46:45,28.6,71.32,-0.02,0.056,0
2026-04-27 00:46:50,28.59,71.78,-0.002,0.092,0
2026-04-27 00:46:55,28.65,71.68,0.012,-0.02,0
2026-04-27 00:47:00,28.68,71.28,0.006,-0.08,0
2026-04-27 00:47:05,28.58,71.06,-0.02,-0.044,0
2026-04-27 00:47:10,28.62,70.84,0.008,-0.044,0
2026-04-27 00:47:15,28.6,70.93,-0.004,0.018,0
2026-04-27 00:47:20,28.74,70.92,0.028,-0.002,0
2026-04-27 00:47:25,28.59,70.84,-0.03,-0.016,0
2026-04-27 00:47:30,28.68,71.85,0.018,0.202,1
2026-04-27 00:47:35,28.62,72.44,-0.012,0.118,1
2026-04-27 00:47:40,28.72,73.15,0.02,0.142,1
2026-04-27 00:47:45,28.64,73.34,-0.016,0.038,1
2026-04-27 00:47:50,28.89,73.77,0.05,0.086,1
2026-04-27 00:47:55,28.8,73.92,-0.018,0.03,1
2026-04-27 00:48:00,28.85,74.13,0.01,0.042,1
2026-04-27 00:48:05,28.96,74.84,0.022,0.142,1
2026-04-27 00:48:10,28.95,75.27,-0.002,0.086,1
2026-04-27 00:48:15,28.87,76.02,-0.016,0.15,1
2026-04-27 00:48:20,28.77,75.75,-0.02,-0.054,1
2026-04-27 00:48:25,29.06,75.83,0.058,0.016,1
2026-04-27 00:48:30,28.89,76.18,-0.034,0.07,1
2026-04-27 00:48:35,28.81,75.26,-0.016,-0.184,1
2026-04-27 00:48:40,28.84,75.52,0.006,0.052,1
2026-04-27 00:48:45,29.08,75.87,0.048,0.07,1
2026-04-27 00:48:50,29.01,76.24,-0.014,0.074,1
2026-04-27 00:48:55,29.1,76.07,0.018,-0.034,1
2026-04-27 00:49:00,29.14,76.12,0.008,0.01,1
2026-04-27 00:49:05,29.04,75.86,-0.02,-0.052,1
2026-04-27 00:49:10,28.88,76.14,-0.032,0.056,1
2026-04-27 00:49:15,29.21,72.99,0.066,-0.63,0
2026-04-27 00:49:20,29.35,72.75,0.028,-0.048,0
2026-04-27 00:49:25,29.26,72.99,-0.018,0.048,0
2026-04-27 00:49:30,29.26,73.2,0.0,0.042,0
2026-04-27 00:49:35,29.21,73.23,-0.01,0.006,0
2026-04-27 00:49:40,29.25,73.28,0.008,0.01,0
2026-04-27 00:49:45,29.28,72.61,0.006,-0.134,0
2026-04-27 00:49:50,29.16,73.36,-0.024,0.15,0
2026-04-27 00:49:55,29.33,72.81,0.034,-0.11,0
2026-04-27 00:50:00,29.27,73.41,-0.012,0.12,0
2026-04-27 00:50:05,29.34,73.03,0.014,-0.076,0
2026-04-27 00:50:10,29.28,72.44,-0.012,-0.118,0
2026-04-27 00:50:15,29.25,73.21,-0.006,0.154,0
2026-04-27 00:50:20,29.16,72.89,-0.018,-0.064,0
2026-04-27 00:50:25,29.23,72.73,0.014,-0.032,0
2026-04-27 00:50:30,29.23,72.54,0.0,-0.038,0
2026-04-27 00:50:35,29.22,72.84,-0.002,0.06,0
2026-04-27 00:50:40,29.25,72.92,0.006,0.016,0
2026-04-27 00:50:45,29.24,72.69,-0.002,-0.046,0
2026-04-27 00:50:50,29.31,72.55,0.014,-0.028,0
2026-04-27 00:50:55,29.31,72.23,0.0,-0.064,0
2026-04-27 00:51:00,29.23,72.56,-0.016,0.066,0
2026-04-27 00:51:05,29.44,72.49,0.042,-0.014,0
2026-04-27 00:51:10,29.33,72.65,-0.022,0.032,0
2026-04-27 00:51:15,29.13,72.31,-0.04,-0.068,0
2026-04-27 00:51:20,29.33,72.91,0.04,0.12,0
2026-04-27 00:51:25,29.41,72.36,0.016,-0.11,0
2026-04-27 00:51:30,29.37,73.11,-0.008,0.15,0
2026-04-27 00:51:35,29.39,72.47,0.004,-0.128,0
2026-04-27 00:51:40,29.38,72.82,-0.002,0.07,0
2026-04-27 00:51:45,29.29,72.95,-0.018,0.026,0
2026-04-27 00:51:50,29.28,72.63,-0.002,-0.064,0
2026-04-27 00:51:55,29.17,72.76,-0.022,0.026,0
2026-04-27 00:52:00,29.21,73.08,0.008,0.064,0
2026-04-27 00:52:05,29.42,72.57,0.042,-0.102,0
2026-04-27 00:52:10,29.35,72.71,-0.014,0.028,0
2026-04-27 00:52:15,29.4,72.63,0.01,-0.016,0
2026-04-27 00:52:20,34.13,69.27,0.946,-0.672,2
2026-04-27 00:52:25,37.3,66.77,0.634,-0.5,2
2026-04-27 00:52:30,39.68,65.4,0.476,-0.274,2
2026-04-27 00:52:35,41.0,63.89,0.264,-0.302,2
2026-04-27 00:52:40,41.76,63.16,0.152,-0.146,2
2026-04-27 00:52:45,42.29,62.59,0.106,-0.114,2
2026-04-27 00:52:50,42.28,61.82,-0.002,-0.154,2
2026-04-27 00:52:55,42.49,61.84,0.042,0.004,2
2026-04-27 00:53:00,42.78,61.4,0.058,-0.088,2
2026-04-27 00:53:05,42.84,61.69,0.012,0.058,1
2026-04-27 00:53:10,42.87,61.11,0.006,-0.116,1
2026-04-27 00:53:15,43.14,60.93,0.054,-0.036,1
2026-04-27 00:53:20,43.34,60.24,0.04,-0.138,1
2026-04-27 00:53:25,43.47,60.79,0.026,0.11,1
2026-04-27 00:53:30,43.27,60.14,-0.04,-0.13,1
2026-04-27 00:53:35,43.39,60.68,0.024,0.108,1
2026-04-27 00:53:40,43.44,60.12,0.01,-0.112,1
2026-04-27 00:53:45,43.55,60.1,0.022,-0.004,1
2026-04-27 00:53:50,43.5,60.03,-0.01,-0.014,1
2026-04-27 00:53:55,43.56,59.67,0.012,-0.072,1
2026-04-27 00:54:00,43.35,59.66,-0.042,-0.002,1
2026-04-27 00:54:05,43.38,59.98,0.006,0.064,1
2026-04-27 00:54:10,43.46,59.98,0.016,0.0,1
2026-04-27 00:54:15,43.45,59.25,-0.002,-0.146,1
2026-04-27 00:54:20,43.49,59.95,0.008,0.14,1
2026-04-27 00:54:25,28.69,73.94,-2.96,2.798,0
2026-04-27 00:54:30,28.76,73.57,0.014,-0.074,0
2026-04-27 00:54:35,28.66,73.26,-0.02,-0.062,0
2026-04-27 00:54:40,28.65,72.9,-0.002,-0.072,0
2026-04-27 00:54:45,28.71,73.87,0.012,0.194,0
2026-04-27 00:54:50,28.6,73.32,-0.022,-0.11,0
2026-04-27 00:54:55,28.55,73.64,-0.01,0.064,0
2026-04-27 00:55:00,28.58,73.21,0.006,-0.086,0
2026-04-27 00:55:05,28.6,73.49,0.004,0.056,0
2026-04-27 00:55:10,28.55,73.59,-0.01,0.02,0
2026-04-27 00:55:15,28.75,73.12,0.04,-0.094,0
2026-04-27 00:55:20,28.61,72.88,-0.028,-0.048,0
2026-04-27 00:55:25,28.65,73.71,0.008,0.166,0
2026-04-27 00:55:30,28.59,73.18,-0.012,-0.106,0
2026-04-27 00:55:35,28.6,72.91,0.002,-0.054,0
2026-04-27 00:55:40,28.64,73.72,0.008,0.162,0
2026-04-27 00:55:45,28.67,73.76,0.006,0.008,0
2026-04-27 00:55:50,28.81,73.42,0.028,-0.068,0
2026-04-27 00:55:55,28.57,72.86,-0.048,-0.112,0
2026-04-27 00:56:00,28.56,73.31,-0.002,0.09,0
2026-04-27 00:56:05,28.55,73.51,-0.002,0.04,0
2026-04-27 00:56:10,28.73,73.65,0.036,0.028,0
2026-04-27 00:56:15,28.68,73.55,-0.01,-0.02,0
2026-04-27 00:56:20,28.74,73.44,0.012,-0.022,0
2026-04-27 00:56:25,28.63,73.73,-0.022,0.058,0
2026-04-27 00:56:30,28.73,73.4,0.02,-0.066,0
2026-04-27 00:56:35,28.66,73.41,-0.014,0.002,0
2026-04-27 00:56:40,28.74,73.36,0.016,-0.01,0
2026-04-27 00:56:45,28.75,73.53,0.002,0.034,0
2026-04-27 00:56:50,28.66,73.08,-0.018,-0.09,0
2026-04-27 00:56:55,28.71,73.29,0.01,0.042,0
2026-04-27 00:57:00,28.66,72.91,-0.01,-0.076,0
2026-04-27 00:57:05,28.68,72.99,0.004,0.016,0
2026-04-27 00:57:10,28.65,73.03,-0.006,0.008,0
2026-04-27 00:57:15,28.66,72.99,0.002,-0.008,0
2026-04-27 00:57:20,28.66,73.25,0.0,0.052,0
2026-04-27 00:57:25,28.68,73.29,0.004,0.008,0
2026-04-27 00:57:30,28.51,73.31,-0.034,0.004,0
2026-04-27 00:57:35,28.51,73.18,0.0,-0.026,1
2026-04-27 00:57:40,28.7,73.42,0.038,0.048,1
2026-04-27 00:57:45,28.59,73.6,-0.022,0.036,1
2026-04-27 00:57:50,28.56,73.24,-0.006,-0.072,1
2026-04-27 00:57:55,28.67,73.39,0.022,0.03,1
2026-04-27 00:58:00,28.72,73.04,0.01,-0.07,1
2026-04-27 00:58:05,28.59,72.63,-0.026,-0.082,1
2026-04-27 00:58:10,28.57,73.18,-0.004,0.11,1
2026-04-27 00:58:15,28.65,73.13,0.016,-0.01,1
2026-04-27 00:58:20,28.73,73.14,0.016,0.002,1
2026-04-27 00:58:25,28.76,73.5,0.006,0.072,1
2026-04-27 00:58:30,28.68,73.24,-0.016,-0.052,0
2026-04-27 00:58:35,28.67,73.32,-0.002,0.016,0
2026-04-27 00:58:40,28.78,73.09,0.022,-0.046,0
2026-04-27 00:58:45,28.64,73.18,-0.028,0.018,0
2026-04-27 00:58:50,28.69,73.19,0.01,0.002,0
2026-04-27 00:58:55,28.74,73.29,0.01,0.02,0
2026-04-27 00:59:00,28.7,73.09,-0.008,-0.04,0
2026-04-27 00:59:05,28.86,73.59,0.032,0.1,0
2026-04-27 00:59:10,28.78,73.16,-0.016,-0.086,0
2026-04-27 00:59:15,28.74,73.03,-0.008,-0.026,0
2026-04-27 00:59:20,28.77,73.4,0.006,0.074,0
2026-04-27 00:59:25,28.89,73.35,0.024,-0.01,0
2026-04-27 00:59:30,28.85,73.53,-0.008,0.036,0
2026-04-27 00:59:35,28.8,73.54,-0.01,0.002,0
2026-04-27 00:59:40,28.81,73.53,0.002,-0.002,0
2026-04-27 00:59:45,28.98,73.94,0.034,0.082,0
2026-04-27 00:59:50,28.96,74.53,-0.004,0.118,0
2026-04-27 00:59:55,29.02,73.89,0.012,-0.128,0
2026-04-27 01:00:00,28.74,73.83,-0.056,-0.012,0
2026-04-27 01:00:05,28.96,73.84,0.044,0.002,0
2026-04-27 01:00:10,28.94,73.71,-0.004,-0.026,0
2026-04-27 01:00:15,29.12,73.6,0.036,-0.022,0
2026-04-27 01:00:20,29.0,74.14,-0.024,0.108,0
2026-04-27 01:00:25,28.96,74.14,-0.008,0.0,0
2026-04-27 01:00:30,29.08,73.8,0.024,-0.068,0
2026-04-27 01:00:35,28.97,74.46,-0.022,0.132,0
2026-04-27 01:00:40,28.98,73.94,0.002,-0.104,0
2026-04-27 01:00:45,29.13,73.83,0.03,-0.022,0
2026-04-27 01:00:50,29.06,74.23,-0.014,0.08,0
2026-04-27 01:00:55,28.98,73.93,-0.016,-0.06,0
2026-04-27 01:01:00,29.22,74.12,0.048,0.038,0
2026-04-27 01:01:05,28.99,74.03,-0.046,-0.018,0
2026-04-27 01:01:10,29.01,73.95,0.004,-0.016,0
2026-04-27 01:01:15,29.07,73.79,0.012,-0.032,0
2026-04-27 01:01:20,28.99,73.8,-0.016,0.002,0
2026-04-27 01:01:25,29.04,73.58,0.01,-0.044,0
2026-04-27 01:01:30,28.89,73.57,-0.03,-0.002,0
2026-04-27 01:01:35,28.94,74.26,0.01,0.138,0
2026-04-27 01:01:40,28.89,74.15,-0.01,-0.022,0
2026-04-27 01:01:45,29.03,73.6,0.028,-0.11,0
2026-04-27 01:01:50,29.09,73.9,0.012,0.06,0
2026-04-27 01:01:55,28.95,73.35,-0.028,-0.11,0
2026-04-27 01:02:00,29.07,73.92,0.024,0.114,0
2026-04-27 01:02:05,29.09,73.95,0.004,0.006,0
2026-04-27 01:02:10,29.05,74.25,-0.008,0.06,0
2026-04-27 01:02:15,28.98,73.6,-0.014,-0.13,0
2026-04-27 01:02:20,29.01,73.57,0.006,-0.006,0
2026-04-27 01:02:25,29.13,74.08,0.024,0.102,0
2026-04-27 01:02:30,29.08,74.11,-0.01,0.006,0
2026-04-27 01:02:35,28.96,73.78,-0.024,-0.066,0
2026-04-27 01:02:40,29.02,73.51,0.012,-0.054,0
2026-04-27 01:02:45,28.96,73.98,-0.012,0.094,0
2026-04-27 01:02:50,28.97,73.96,0.002,-0.004,0
2026-04-27 01:02:55,29.06,73.69,0.018,-0.054,0
2026-04-27 01:03:00,29.0,73.82,-0.012,0.026,0
2026-04-27 01:03:05,33.0,70.99,0.8,-0.566,2
2026-04-27 01:03:10,35.83,69.33,0.566,-0.332,2
2026-04-27 01:03:15,37.88,68.24,0.41,-0.218,2
2026-04-27 01:03:20,39.21,66.95,0.266,-0.258,2
2026-04-27 01:03:25,39.76,66.16,0.11,-0.158,2
2026-04-27 01:03:30,39.98,65.94,0.044,-0.044,2
2026-04-27 01:03:35,40.25,65.84,0.054,-0.02,2
2026-04-27 01:03:40,40.32,65.53,0.014,-0.062,2
2026-04-27 01:03:45,40.25,64.8,-0.014,-0.146,2
2026-04-27 01:03:50,40.22,65.12,-0.006,0.064,2
2026-04-27 01:03:55,40.3,64.51,0.016,-0.122,1
2026-04-27 01:04:00,40.58,64.21,0.056,-0.06,1
2026-04-27 01:04:05,40.44,64.01,-0.028,-0.04,1
2026-04-27 01:04:10,40.55,63.87,0.022,-0.028,1
2026-04-27 01:04:15,40.72,63.69,0.034,-0.036,1
2026-04-27 01:04:20,40.82,63.95,0.02,0.052,1
2026-04-27 01:04:25,40.89,63.59,0.014,-0.072,1
2026-04-27 01:04:30,40.75,63.58,-0.028,-0.002,1
2026-04-27 01:04:35,40.8,63.13,0.01,-0.09,1
2026-04-27 01:04:40,40.74,63.02,-0.012,-0.022,1
2026-04-27 01:04:45,40.87,63.13,0.026,0.022,1
2026-04-27 01:04:50,40.63,63.54,-0.048,0.082,1
2026-04-27 01:04:55,40.87,63.07,0.048,-0.094,1
2026-04-27 01:05:00,40.83,63.03,-0.008,-0.008,1
2026-04-27 01:05:05,40.71,63.52,-0.024,0.098,1
2026-04-27 01:05:10,40.73,63.21,0.004,-0.062,1
2026-04-27 01:05:15,40.83,62.98,0.02,-0.046,1
2026-04-27 01:05:20,40.76,63.14,-0.014,0.032,1
2026-04-27 01:05:25,40.63,63.15,-0.026,0.002,1
2026-04-27 01:05:30,28.64,73.58,-2.398,2.086,0
2026-04-27 01:05:35,28.55,73.55,-0.018,-0.006,0
2026-04-27 01:05:40,28.61,73.79,0.012,0.048,0
2026-04-27 01:05:45,28.61,73.43,0.0,-0.072,0
2026-04-27 01:05:50,28.61,73.6,0.0,0.034,0
2026-04-27 01:05:55,28.62,73.62,0.002,0.004,0
2026-04-27 01:06:00,28.58,73.34,-0.008,-0.056,0
2026-04-27 01:06:05,28.7,73.46,0.024,0.024,0
2026-04-27 01:06:10,28.47,73.13,-0.046,-0.066,0
2026-04-27 01:06:15,28.64,73.36,0.034,0.046,0
2026-04-27 01:06:20,28.59,73.7,-0.01,0.068,0
2026-04-27 01:06:25,28.4,73.31,-0.038,-0.078,0
2026-04-27 01:06:30,28.62,73.18,0.044,-0.026,0
2026-04-27 01:06:35,28.55,73.68,-0.014,0.1,0
2026-04-27 01:06:40,28.69,73.88,0.028,0.04,0
2026-04-27 01:06:45,28.75,73.3,0.012,-0.116,0
2026-04-27 01:06:50,28.41,73.66,-0.068,0.072,0
2026-04-27 01:06:55,28.58,73.4,0.034,-0.052,0
2026-04-27 01:07:00,28.69,73.82,0.022,0.084,0
2026-04-27 01:07:05,28.66,73.18,-0.006,-0.128,0
2026-04-27 01:07:10,28.63,73.51,-0.006,0.066,0
2026-04-27 01:07:15,28.74,73.15,0.022,-0.072,0
2026-04-27 01:07:20,28.61,73.18,-0.026,0.006,0
2026-04-27 01:07:25,28.64,73.44,0.006,0.052,0
2026-04-27 01:07:30,28.62,73.11,-0.004,-0.066,0
2026-04-27 01:07:35,28.59,73.92,-0.006,0.162,0
2026-04-27 01:07:40,28.49,73.27,-0.02,-0.13,0
2026-04-27 01:07:45,28.67,73.74,0.036,0.094,0
2026-04-27 01:07:50,28.68,73.35,0.002,-0.078,0
2026-04-27 01:07:55,28.91,73.12,0.046,-0.046,1
2026-04-27 01:08:00,28.96,72.04,0.01,-0.216,1
2026-04-27 01:08:05,29.34,72.48,0.076,0.088,1
2026-04-27 01:08:10,29.31,72.18,-0.006,-0.06,1
2026-04-27 01:08:15,29.53,71.91,0.044,-0.054,1
2026-04-27 01:08:20,29.56,72.03,0.006,0.024,1
2026-04-27 01:08:25,29.77,71.14,0.042,-0.178,1
2026-04-27 01:08:30,29.77,71.14,0.0,0.0,1
2026-04-27 01:08:35,29.98,71.04,0.042,-0.02,1
2026-04-27 01:08:40,30.06,70.86,0.016,-0.036,1
2026-04-27 01:08:45,30.33,70.56,0.054,-0.06,1
2026-04-27 01:08:50,30.13,70.96,-0.04,0.08,1
2026-04-27 01:08:55,30.14,71.08,0.002,0.024,1
2026-04-27 01:09:00,30.26,70.72,0.024,-0.072,1
2026-04-27 01:09:05,30.27,70.78,0.002,0.012,1
2026-04-27 01:09:10,30.41,70.71,0.028,-0.014,1
2026-04-27 01:09:15,30.44,71.42,0.006,0.142,1
2026-04-27 01:09:20,30.33,71.14,-0.022,-0.056,1
2026-04-27 01:09:25,30.57,71.23,0.048,0.018,1
2026-04-27 01:09:30,30.27,71.23,-0.06,0.0,1
2026-04-27 01:09:35,30.4,71.19,0.026,-0.008,1
2026-04-27 01:09:40,30.34,70.39,-0.012,-0.16,1
2026-04-27 01:09:45,30.67,71.05,0.066,0.132,1
2026-04-27 01:09:50,30.54,71.2,-0.026,0.03,1
2026-04-27 01:09:55,30.35,71.31,-0.038,0.022,1
2026-04-27 01:10:00,30.45,71.58,0.02,0.054,1
2026-04-27 01:10:05,30.53,71.18,0.016,-0.08,1
2026-04-27 01:10:10,30.41,71.5,-0.024,0.064,1
2026-04-27 01:10:15,28.66,71.25,-0.35,-0.05,0
2026-04-27 01:10:20,28.61,71.27,-0.01,0.004,0
2026-04-27 01:10:25,28.6,71.45,-0.002,0.036,0
2026-04-27 01:10:30,28.67,71.52,0.014,0.014,0
2026-04-27 01:10:35,28.71,71.89,0.008,0.074,0
2026-04-27 01:10:40,28.63,71.55,-0.016,-0.068,0
2026-04-27 01:10:45,28.81,71.34,0.036,-0.042,0
2026-04-27 01:10:50,28.67,71.83,-0.028,0.098,0
2026-04-27 01:10:55,28.62,71.31,-0.01,-0.104,0
2026-04-27 01:11:00,28.68,71.14,0.012,-0.034,0
2026-04-27 01:11:05,28.8,71.28,0.024,0.028,0
2026-04-27 01:11:10,28.73,71.08,-0.014,-0.04,0
2026-04-27 01:11:15,28.79,71.15,0.012,0.014,0
2026-04-27 01:11:20,28.62,71.32,-0.034,0.034,0
2026-04-27 01:11:25,28.87,71.31,0.05,-0.002,0
2026-04-27 01:11:30,28.7,70.98,-0.034,-0.066,0
2026-04-27 01:11:35,28.84,71.32,0.028,0.068,0
2026-04-27 01:11:40,28.78,71.31,-0.012,-0.002,0
2026-04-27 01:11:45,28.61,71.6,-0.034,0.058,0
2026-04-27 01:11:50,28.68,71.54,0.014,-0.012,0
2026-04-27 01:11:55,28.78,71.32,0.02,-0.044,0
2026-04-27 01:12:00,28.77,71.53,-0.002,0.042,0
2026-04-27 01:12:05,28.84,72.01,0.014,0.096,0
2026-04-27 01:12:10,28.65,71.17,-0.038,-0.168,0
2026-04-27 01:12:15,28.81,71.25,0.032,0.016,0
2026-04-27 01:12:20,28.75,71.65,-0.012,0.08,0
2026-04-27 01:12:25,28.69,71.09,-0.012,-0.112,0
2026-04-27 01:12:30,28.71,71.23,0.004,0.028,0
2026-04-27 01:12:35,28.68,71.45,-0.006,0.044,0
2026-04-27 01:12:40,28.83,71.45,0.03,0.0,0
2026-04-27 01:12:45,28.87,71.49,0.008,0.008,0
2026-04-27 01:12:50,28.7,71.37,-0.034,-0.024,0
2026-04-27 01:12:55,28.78,71.3,0.016,-0.014,0
2026-04-27 01:13:00,28.71,71.34,-0.014,0.008,0
2026-04-27 01:13:05,28.85,71.39,0.028,0.01,0
2026-04-27 01:13:10,28.82,71.03,-0.006,-0.072,0
2026-04-27 01:13:15,28.7,71.57,-0.024,0.108,0
2026-04-27 01:13:20,28.73,71.8,0.006,0.046,0
2026-04-27 01:13:25,28.82,71.64,0.018,-0.032,0
2026-04-27 01:13:30,28.66,71.43,-0.032,-0.042,0
2026-04-27 01:13:35,28.88,71.7,0.044,0.054,0
2026-04-27 01:13:40,28.87,71.84,-0.002,0.028,1
2026-04-27 01:13:45,28.79,72.62,-0.016,0.156,1
2026-04-27 01:13:50,28.9,72.71,0.022,0.018,1
2026-04-27 01:13:55,28.97,72.85,0.014,0.028,1
2026-04-27 01:14:00,28.83,73.19,-0.028,0.068,1
2026-04-27 01:14:05,28.95,72.85,0.024,-0.068,1
2026-04-27 01:14:10,29.0,72.95,0.01,0.02,1
2026-04-27 01:14:15,29.09,73.96,0.018,0.202,1
2026-04-27 01:14:20,28.98,73.73,-0.022,-0.046,1
2026-04-27 01:14:25,29.22,74.33,0.048,0.12,1
2026-04-27 01:14:30,28.93,73.83,-0.058,-0.1,1
2026-04-27 01:14:35,29.2,74.25,0.054,0.084,1
2026-04-27 01:14:40,29.03,74.48,-0.034,0.046,1
2026-04-27 01:14:45,29.2,74.23,0.034,-0.05,1
2026-04-27 01:14:50,29.16,74.61,-0.008,0.076,1
2026-04-27 01:14:55,29.26,74.19,0.02,-0.084,1
2026-04-27 01:15:00,29.34,74.36,0.016,0.034,1
2026-04-27 01:15:05,29.31,74.29,-0.006,-0.014,1
2026-04-27 01:15:10,29.4,74.17,0.018,-0.024,1
2026-04-27 01:15:15,29.36,74.35,-0.008,0.036,1
2026-04-27 01:15:20,29.48,70.76,0.024,-0.718,0
2026-04-27 01:15:25,29.37,70.24,-0.022,-0.104,0
2026-04-27 01:15:30,29.37,70.79,0.0,0.11,0
2026-04-27 01:15:35,29.47,70.82,0.02,0.006,0
2026-04-27 01:15:40,29.44,70.36,-0.006,-0.092,0
2026-04-27 01:15:45,29.69,70.22,0.05,-0.028,0
2026-04-27 01:15:50,29.49,70.51,-0.04,0.058,0
2026-04-27 01:15:55,29.37,70.3,-0.024,-0.042,0
2026-04-27 01:16:00,29.27,70.73,-0.02,0.086,0
2026-04-27 01:16:05,29.32,70.41,0.01,-0.064,0
2026-04-27 01:16:10,29.54,70.54,0.044,0.026,0
2026-04-27 01:16:15,29.5,69.92,-0.008,-0.124,0
2026-04-27 01:16:20,29.53,70.55,0.006,0.126,0
2026-04-27 01:16:25,29.61,70.59,0.016,0.008,0
2026-04-27 01:16:30,29.55,70.61,-0.012,0.004,0
2026-04-27 01:16:35,29.41,70.55,-0.028,-0.012,0
2026-04-27 01:16:40,29.52,70.17,0.022,-0.076,0
2026-04-27 01:16:45,29.62,70.1,0.02,-0.014,0
2026-04-27 01:16:50,29.47,70.32,-0.03,0.044,0
2026-04-27 01:16:55,29.66,70.85,0.038,0.106,0
2026-04-27 01:17:00,29.47,70.66,-0.038,-0.038,0
2026-04-27 01:17:05,29.45,70.46,-0.004,-0.04,0
2026-04-27 01:17:10,29.41,70.28,-0.008,-0.036,0
2026-04-27 01:17:15,29.44,70.01,0.006,-0.054,0
2026-04-27 01:17:20,29.37,70.77,-0.014,0.152,0
2026-04-27 01:17:25,29.57,70.51,0.04,-0.052,0
2026-04-27 01:17:30,29.57,70.0,0.0,-0.102,0
2026-04-27 01:17:35,29.46,70.87,-0.022,0.174,0
2026-04-27 01:17:40,29.6,70.29,0.028,-0.116,0
2026-04-27 01:17:45,29.49,70.47,-0.022,0.036,1
2026-04-27 01:17:50,29.47,70.56,-0.004,0.018,1
2026-04-27 01:17:55,29.55,71.92,0.016,0.272,1
2026-04-27 01:18:00,29.51,72.02,-0.008,0.02,1
2026-04-27 01:18:05,29.61,72.63,0.02,0.122,1
2026-04-27 01:18:10,29.65,72.79,0.008,0.032,1
2026-04-27 01:18:15,29.5,72.83,-0.03,0.008,1
2026-04-27 01:18:20,29.78,72.93,0.056,0.02,1
2026-04-27 01:18:25,29.64,73.51,-0.028,0.116,1
2026-04-27 01:18:30,29.81,73.43,0.034,-0.016,1
2026-04-27 01:18:35,29.71,73.58,-0.02,0.03,1
2026-04-27 01:18:40,29.69,74.12,-0.004,0.108,1
2026-04-27 01:18:45,29.67,74.01,-0.004,-0.022,1
2026-04-27 01:18:50,29.88,73.61,0.042,-0.08,1
2026-04-27 01:18:55,29.76,73.52,-0.024,-0.018,1
2026-04-27 01:19:00,29.95,73.93,0.038,0.082,1
2026-04-27 01:19:05,29.98,73.73,0.006,-0.04,1
2026-04-27 01:19:10,29.84,73.83,-0.028,0.02,1
2026-04-27 01:19:15,29.88,73.78,0.008,-0.01,1
2026-04-27 01:19:20,29.86,74.03,-0.004,0.05,1
2026-04-27 01:19:25,29.8,74.56,-0.012,0.106,1
2026-04-27 01:19:30,29.83,73.91,0.006,-0.13,1
2026-04-27 01:19:35,29.95,73.58,0.024,-0.066,1
2026-04-27 01:19:40,29.84,74.05,-0.022,0.094,1
2026-04-27 01:19:45,29.87,74.31,0.006,0.052,1
2026-04-27 01:19:50,29.53,72.34,-0.068,-0.394,0
2026-04-27 01:19:55,29.48,72.85,-0.01,0.102,0
2026-04-27 01:20:00,29.51,72.71,0.006,-0.028,0
2026-04-27 01:20:05,29.53,72.46,0.004,-0.05,0
2026-04-27 01:20:10,29.54,72.68,0.002,0.044,0
2026-04-27 01:20:15,29.6,72.85,0.012,0.034,0
2026-04-27 01:20:20,29.57,72.71,-0.006,-0.028,0
2026-04-27 01:20:25,29.6,72.48,0.006,-0.046,0
2026-04-27 01:20:30,29.5,73.05,-0.02,0.114,0
2026-04-27 01:20:35,29.61,73.13,0.022,0.016,0
2026-04-27 01:20:40,29.68,72.57,0.014,-0.112,0
2026-04-27 01:20:45,29.53,72.62,-0.03,0.01,0
2026-04-27 01:20:50,29.57,72.61,0.008,-0.002,0
2026-04-27 01:20:55,29.7,72.95,0.026,0.068,0
2026-04-27 01:21:00,29.63,73.11,-0.014,0.032,0
2026-04-27 01:21:05,29.49,73.05,-0.028,-0.012,0
2026-04-27 01:21:10,29.56,73.26,0.014,0.042,0
2026-04-27 01:21:15,29.6,72.93,0.008,-0.066,0
2026-04-27 01:21:20,29.73,73.25,0.026,0.064,0
2026-04-27 01:21:25,29.65,72.69,-0.016,-0.112,0
2026-04-27 01:21:30,29.47,73.28,-0.036,0.118,0
2026-04-27 01:21:35,29.8,72.75,0.066,-0.106,0
2026-04-27 01:21:40,29.48,72.82,-0.064,0.014,0
2026-04-27 01:21:45,29.68,72.83,0.04,0.002,0
2026-04-27 01:21:50,29.69,73.22,0.002,0.078,0
2026-04-27 01:21:55,29.75,73.26,0.012,0.008,0
2026-04-27 01:22:00,29.72,72.69,-0.006,-0.114,0
2026-04-27 01:22:05,29.66,72.62,-0.012,-0.014,0
2026-04-27 01:22:10,29.59,72.53,-0.014,-0.018,0
2026-04-27 01:22:15,29.64,72.81,0.01,0.056,0
2026-04-27 01:22:20,29.65,72.91,0.002,0.02,0
2026-04-27 01:22:25,29.68,73.23,0.006,0.064,0
2026-04-27 01:22:30,29.68,72.87,0.0,-0.072,0
2026-04-27 01:22:35,29.62,73.07,-0.012,0.04,0
2026-04-27 01:22:40,29.52,73.14,-0.02,0.014,0
2026-04-27 01:22:45,29.57,72.7,0.01,-0.088,0
2026-04-27 01:22:50,29.64,73.13,0.014,0.086,0
2026-04-27 01:22:55,29.59,73.15,-0.01,0.004,0
2026-04-27 01:23:00,29.66,73.22,0.014,0.014,0
2026-04-27 01:23:05,29.62,72.62,-0.008,-0.12,0
2026-04-27 01:23:10,29.61,72.76,-0.002,0.028,0
2026-04-27 01:23:15,29.54,72.96,-0.014,0.04,0
2026-04-27 01:23:20,29.49,72.44,-0.01,-0.104,0
2026-04-27 01:23:25,29.72,72.94,0.046,0.1,0
2026-04-27 01:23:30,29.64,72.82,-0.016,-0.024,0
2026-04-27 01:23:35,29.66,72.42,0.004,-0.08,0
2026-04-27 01:23:40,29.7,72.83,0.008,0.082,0
2026-04-27 01:23:45,29.66,72.83,-0.008,0.0,0
2026-04-27 01:23:50,29.59,73.13,-0.014,0.06,0
2026-04-27 01:23:55,29.61,73.29,0.004,0.032,1
2026-04-27 01:24:00,29.65,73.37,0.008,0.016,1
2026-04-27 01:24:05,29.7,73.22,0.01,-0.03,1
2026-04-27 01:24:10,29.59,72.5,-0.022,-0.144,1
2026-04-27 01:24:15,29.6,73.24,0.002,0.148,1
2026-04-27 01:24:20,29.66,72.4,0.012,-0.168,0
2026-04-27 01:24:25,29.8,73.5,0.028,0.22,0
2026-04-27 01:24:30,29.78,73.54,-0.004,0.008,0
2026-04-27 01:24:35,29.83,72.88,0.01,-0.132,0
2026-04-27 01:24:40,29.6,72.9,-0.046,0.004,0
2026-04-27 01:24:45,29.62,73.05,0.004,0.03,0
2026-04-27 01:24:50,29.73,73.23,0.022,0.036,0
2026-04-27 01:24:55,29.78,73.42,0.01,0.038,0
2026-04-27 01:25:00,29.86,73.08,0.016,-0.068,0
2026-04-27 01:25:05,29.7,73.38,-0.032,0.06,0
2026-04-27 01:25:10,29.84,73.31,0.028,-0.014,0
2026-04-27 01:25:15,29.89,73.57,0.01,0.052,0
2026-04-27 01:25:20,29.74,73.43,-0.03,-0.028,0
2026-04-27 01:25:25,29.88,73.4,0.028,-0.006,0
2026-04-27 01:25:30,29.76,73.78,-0.024,0.076,0
2026-04-27 01:25:35,29.86,73.23,0.02,-0.11,0
2026-04-27 01:25:40,29.81,73.39,-0.01,0.032,0
2026-04-27 01:25:45,29.71,73.7,-0.02,0.062,0
2026-04-27 01:25:50,29.83,73.58,0.024,-0.024,0
2026-04-27 01:25:55,29.87,73.73,0.008,0.03,0
2026-04-27 01:26:00,28.68,74.74,-0.238,0.202,0
2026-04-27 01:26:05,28.54,74.56,-0.028,-0.036,0
2026-04-27 01:26:10,28.67,74.4,0.026,-0.032,0
2026-04-27 01:26:15,28.61,74.74,-0.012,0.068,0
2026-04-27 01:26:20,28.53,74.22,-0.016,-0.104,0
2026-04-27 01:26:25,28.58,74.71,0.01,0.098,0
2026-04-27 01:26:30,28.69,74.11,0.022,-0.12,0
2026-04-27 01:26:35,28.48,73.87,-0.042,-0.048,0
2026-04-27 01:26:40,28.78,74.49,0.06,0.124,0
2026-04-27 01:26:45,28.57,74.42,-0.042,-0.014,0
2026-04-27 01:26:50,28.61,74.5,0.008,0.016,0
2026-04-27 01:26:55,28.74,74.62,0.026,0.024,0
2026-04-27 01:27:00,28.57,74.5,-0.034,-0.024,0
2026-04-27 01:27:05,28.7,74.07,0.026,-0.086,0
2026-04-27 01:27:10,28.71,74.72,0.002,0.13,0
2026-04-27 01:27:15,28.75,74.36,0.008,-0.072,0
2026-04-27 01:27:20,28.68,74.25,-0.014,-0.022,0
2026-04-27 01:27:25,28.68,74.99,0.0,0.148,0
2026-04-27 01:27:30,28.53,74.48,-0.03,-0.102,0
2026-04-27 01:27:35,28.77,74.86,0.048,0.076,0
2026-04-27 01:27:40,28.78,74.85,0.002,-0.002,0
2026-04-27 01:27:45,28.76,74.28,-0.004,-0.114,0
2026-04-27 01:27:50,28.65,74.46,-0.022,0.036,0
2026-04-27 01:27:55,28.65,74.59,0.0,0.026,0
2026-04-27 01:28:00,28.65,74.3,0.0,-0.058,0
2026-04-27 01:28:05,28.82,74.64,0.034,0.068,0
2026-04-27 01:28:10,28.56,74.98,-0.052,0.068,0
2026-04-27 01:28:15,28.59,74.55,0.006,-0.086,0
2026-04-27 01:28:20,28.57,74.72,-0.004,0.034,1
2026-04-27 01:28:25,28.68,74.7,0.022,-0.004,1
2026-04-27 01:28:30,28.58,74.48,-0.02,-0.044,1
2026-04-27 01:28:35,28.66,74.36,0.016,-0.024,1
2026-04-27 01:28:40,28.76,74.54,0.02,0.036,1
2026-04-27 01:28:45,28.7,74.57,-0.012,0.006,0
2026-04-27 01:28:50,28.77,74.37,0.014,-0.04,0
2026-04-27 01:28:55,28.77,74.59,0.0,0.044,0
2026-04-27 01:29:00,28.76,74.88,-0.002,0.058,0
2026-04-27 01:29:05,28.69,74.48,-0.014,-0.08,0
2026-04-27 01:29:10,28.81,74.7,0.024,0.044,0
2026-04-27 01:29:15,28.71,74.3,-0.02,-0.08,0
2026-04-27 01:29:20,28.87,74.85,0.032,0.11,0
2026-04-27 01:29:25,28.81,74.47,-0.012,-0.076,0
2026-04-27 01:29:30,28.84,74.81,0.006,0.068,0
2026-04-27 01:29:35,28.8,74.65,-0.008,-0.032,0
2026-04-27 01:29:40,28.77,74.42,-0.006,-0.046,0
2026-04-27 01:29:45,28.9,72.64,0.026,-0.356,0
2026-04-27 01:29:50,28.96,72.67,0.012,0.006,0
2026-04-27 01:29:55,28.98,72.48,0.004,-0.038,0
2026-04-27 01:30:00,29.02,72.83,0.008,0.07,0
2026-04-27 01:30:05,28.99,72.54,-0.006,-0.058,0
2026-04-27 01:30:10,28.85,72.39,-0.028,-0.03,0
2026-04-27 01:30:15,28.98,72.55,0.026,0.032,0
2026-04-27 01:30:20,28.99,72.4,0.002,-0.03,0
2026-04-27 01:30:25,29.0,72.59,0.002,0.038,0
2026-04-27 01:30:30,29.01,72.42,0.002,-0.034,0
2026-04-27 01:30:35,29.01,72.94,0.0,0.104,0
2026-04-27 01:30:40,28.99,72.72,-0.004,-0.044,0
2026-04-27 01:30:45,29.0,73.03,0.002,0.062,0
2026-04-27 01:30:50,29.13,72.61,0.026,-0.084,0
2026-04-27 01:30:55,29.07,72.58,-0.012,-0.006,0
2026-04-27 01:31:00,28.95,72.69,-0.024,0.022,0
2026-04-27 01:31:05,29.03,72.81,0.016,0.024,0
2026-04-27 01:31:10,28.92,72.97,-0.022,0.032,0
2026-04-27 01:31:15,28.98,72.57,0.012,-0.08,0
2026-04-27 01:31:20,29.18,72.61,0.04,0.008,0
2026-04-27 01:31:25,29.09,72.31,-0.018,-0.06,0
2026-04-27 01:31:30,29.12,72.74,0.006,0.086,0
2026-04-27 01:31:35,29.06,72.52,-0.012,-0.044,0
2026-04-27 01:31:40,29.02,72.87,-0.008,0.07,0
2026-04-27 01:31:45,28.97,72.64,-0.01,-0.046,0
2026-04-27 01:31:50,29.02,72.65,0.01,0.002,0
2026-04-27 01:31:55,29.04,73.16,0.004,0.102,0
2026-04-27 01:32:00,29.05,72.5,0.002,-0.132,0
2026-04-27 01:32:05,29.07,72.9,0.004,0.08,0
2026-04-27 01:32:10,28.94,72.63,-0.026,-0.054,0
2026-04-27 01:32:15,29.13,72.71,0.038,0.016,1
2026-04-27 01:32:20,29.04,72.55,-0.018,-0.032,1
2026-04-27 01:32:25,29.0,72.84,-0.008,0.058,1
2026-04-27 01:32:30,29.11,72.62,0.022,-0.044,1
2026-04-27 01:32:35,29.1,72.07,-0.002,-0.11,1
2026-04-27 01:32:40,29.15,72.82,0.01,0.15,1
2026-04-27 01:32:45,29.06,72.7,-0.018,-0.024,1
2026-04-27 01:32:50,29.13,72.38,0.014,-0.064,0
2026-04-27 01:32:55,29.22,72.2,0.018,-0.036,0
2026-04-27 01:33:00,29.07,72.58,-0.03,0.076,0
2026-04-27 01:33:05,29.0,72.96,-0.014,0.076,0
2026-04-27 01:33:10,29.2,73.14,0.04,0.036,0
2026-04-27 01:33:15,29.18,73.04,-0.004,-0.02,0
2026-04-27 01:33:20,29.12,72.39,-0.012,-0.13,0
2026-04-27 01:33:25,29.22,73.19,0.02,0.16,0
2026-04-27 01:33:30,29.17,73.2,-0.01,0.002,0
2026-04-27 01:33:35,29.29,72.84,0.024,-0.072,0
2026-04-27 01:33:40,29.25,72.71,-0.008,-0.026,0
2026-04-27 01:33:45,29.25,73.15,0.0,0.088,0
2026-04-27 01:33:50,29.21,73.31,-0.008,0.032,0
2026-04-27 01:33:55,29.09,73.12,-0.024,-0.038,0
2026-04-27 01:34:00,29.11,72.77,0.004,-0.07,0
2026-04-27 01:34:05,29.17,72.64,0.012,-0.026,0
2026-04-27 01:34:10,29.2,73.14,0.006,0.1,0
2026-04-27 01:34:15,28.51,74.85,-0.138,0.342,0
2026-04-27 01:34:20,28.57,74.74,0.012,-0.022,0
2026-04-27 01:34:25,28.49,74.61,-0.016,-0.026,0
2026-04-27 01:34:30,28.58,74.4,0.018,-0.042,0
2026-04-27 01:34:35,28.68,74.91,0.02,0.102,0
2026-04-27 01:34:40,28.49,74.99,-0.038,0.016,0
2026-04-27 01:34:45,28.53,74.73,0.008,-0.052,0
2026-04-27 01:34:50,28.72,74.91,0.038,0.036,0
2026-04-27 01:34:55,28.63,74.66,-0.018,-0.05,0
2026-04-27 01:35:00,28.71,74.44,0.016,-0.044,0
2026-04-27 01:35:05,28.58,74.91,-0.026,0.094,0
2026-04-27 01:35:10,28.6,74.56,0.004,-0.07,0
2026-04-27 01:35:15,28.63,74.47,0.006,-0.018,0
2026-04-27 01:35:20,28.5,75.01,-0.026,0.108,0
2026-04-27 01:35:25,28.63,74.44,0.026,-0.114,0
2026-04-27 01:35:30,28.68,74.6,0.01,0.032,0
2026-04-27 01:35:35,28.64,74.57,-0.008,-0.006,0
2026-04-27 01:35:40,28.58,74.54,-0.012,-0.006,0
2026-04-27 01:35:45,28.8,74.69,0.044,0.03,0
2026-04-27 01:35:50,28.69,74.77,-0.022,0.016,0
2026-04-27 01:35:55,28.58,74.26,-0.022,-0.102,0
2026-04-27 01:36:00,28.58,74.58,0.0,0.064,0
2026-04-27 01:36:05,28.65,74.43,0.014,-0.03,0
2026-04-27 01:36:10,28.61,74.63,-0.008,0.04,0
2026-04-27 01:36:15,28.59,74.61,-0.004,-0.004,0
2026-04-27 01:36:20,28.6,74.55,0.002,-0.012,0
2026-04-27 01:36:25,28.7,74.74,0.02,0.038,0
2026-04-27 01:36:30,28.63,74.65,-0.014,-0.018,0
2026-04-27 01:36:35,28.6,74.38,-0.006,-0.054,0
2026-04-27 01:36:40,28.76,74.59,0.032,0.042,0
2026-04-27 01:36:45,30.32,72.99,0.312,-0.32,2
2026-04-27 01:36:50,31.86,71.39,0.308,-0.32,2
2026-04-27 01:36:55,33.04,70.78,0.236,-0.122,2
2026-04-27 01:37:00,33.93,69.59,0.178,-0.238,2
2026-04-27 01:37:05,34.4,69.06,0.094,-0.106,2
2026-04-27 01:37:10,34.92,68.58,0.104,-0.096,2
2026-04-27 01:37:15,35.16,67.73,0.048,-0.17,2
2026-04-27 01:37:20,35.21,67.61,0.01,-0.024,1
2026-04-27 01:37:25,35.58,67.21,0.074,-0.08,1
2026-04-27 01:37:30,35.84,66.98,0.052,-0.046,1
2026-04-27 01:37:35,35.97,66.82,0.026,-0.032,1
2026-04-27 01:37:40,36.17,66.54,0.04,-0.056,1
2026-04-27 01:37:45,36.12,66.18,-0.01,-0.072,1
2026-04-27 01:37:50,36.38,66.06,0.052,-0.024,1
2026-04-27 01:37:55,36.39,66.01,0.002,-0.01,1
2026-04-27 01:38:00,36.38,65.91,-0.002,-0.02,1
2026-04-27 01:38:05,36.58,65.52,0.04,-0.078,1
2026-04-27 01:38:10,36.47,65.59,-0.022,0.014,1
2026-04-27 01:38:15,36.52,64.94,0.01,-0.13,1
2026-04-27 01:38:20,36.44,65.86,-0.016,0.184,1
2026-04-27 01:38:25,28.53,70.34,-1.582,0.896,0
2026-04-27 01:38:30,28.51,70.16,-0.004,-0.036,0
2026-04-27 01:38:35,28.6,70.21,0.018,0.01,0
2026-04-27 01:38:40,28.53,70.07,-0.014,-0.028,0
2026-04-27 01:38:45,28.5,70.37,-0.006,0.06,0
2026-04-27 01:38:50,28.53,70.61,0.006,0.048,0
2026-04-27 01:38:55,28.67,70.52,0.028,-0.018,0
2026-04-27 01:39:00,28.54,70.14,-0.026,-0.076,0
2026-04-27 01:39:05,28.52,70.0,-0.004,-0.028,0
2026-04-27 01:39:10,28.63,70.25,0.022,0.05,0
2026-04-27 01:39:15,28.52,70.2,-0.022,-0.01,0
2026-04-27 01:39:20,28.69,70.41,0.034,0.042,0
2026-04-27 01:39:25,28.65,69.98,-0.008,-0.086,0
2026-04-27 01:39:30,28.51,70.17,-0.028,0.038,0
2026-04-27 01:39:35,28.74,70.03,0.046,-0.028,0
2026-04-27 01:39:40,28.51,70.29,-0.046,0.052,0
2026-04-27 01:39:45,28.56,70.23,0.01,-0.012,0
2026-04-27 01:39:50,28.61,70.73,0.01,0.1,0
2026-04-27 01:39:55,28.64,70.18,0.006,-0.11,0
2026-04-27 01:40:00,28.53,69.79,-0.022,-0.078,0
2026-04-27 01:40:05,28.76,69.75,0.046,-0.008,1
2026-04-27 01:40:10,28.98,69.66,0.044,-0.018,1
2026-04-27 01:40:15,29.16,69.57,0.036,-0.018,1
2026-04-27 01:40:20,29.47,69.0,0.062,-0.114,1
2026-04-27 01:40:25,29.61,68.96,0.028,-0.008,1
2026-04-27 01:40:30,29.75,68.9,0.028,-0.012,1
2026-04-27 01:40:35,29.9,68.48,0.03,-0.084,1
2026-04-27 01:40:40,30.04,68.38,0.028,-0.02,1
2026-04-27 01:40:45,30.14,68.21,0.02,-0.034,1
2026-04-27 01:40:50,30.34,68.47,0.04,0.052,1
2026-04-27 01:40:55,30.43,68.47,0.018,0.0,1
2026-04-27 01:41:00,30.5,67.79,0.014,-0.136,1
2026-04-27 01:41:05,30.53,68.29,0.006,0.1,1
2026-04-27 01:41:10,30.77,67.99,0.048,-0.06,1
2026-04-27 01:41:15,30.7,67.2,-0.014,-0.158,1
2026-04-27 01:41:20,30.65,67.15,-0.01,-0.01,1
2026-04-27 01:41:25,30.95,67.8,0.06,0.13,1
2026-04-27 01:41:30,30.81,68.06,-0.028,0.052,1
2026-04-27 01:41:35,30.85,67.35,0.008,-0.142,1
2026-04-27 01:41:40,31.01,67.45,0.032,0.02,1
2026-04-27 01:41:45,30.87,68.1,-0.028,0.13,1
2026-04-27 01:41:50,30.79,67.9,-0.016,-0.04,1
2026-04-27 01:41:55,30.9,67.94,0.022,0.008,1
2026-04-27 01:42:00,31.03,67.86,0.026,-0.016,1
2026-04-27 01:42:05,30.89,67.49,-0.028,-0.074,1
2026-04-27 01:42:10,31.06,67.8,0.034,0.062,1
2026-04-27 01:42:15,30.94,67.87,-0.024,0.014,1
2026-04-27 01:42:20,31.02,67.91,0.016,0.008,1
2026-04-27 01:42:25,31.01,67.66,-0.002,-0.05,1
2026-04-27 01:42:30,31.15,68.14,0.028,0.096,1
2026-04-27 01:42:35,30.94,67.63,-0.042,-0.102,1
2026-04-27 01:42:40,29.56,74.52,-0.276,1.378,0
2026-04-27 01:42:45,29.55,74.66,-0.002,0.028,0
2026-04-27 01:42:50,29.68,74.35,0.026,-0.062,0
2026-04-27 01:42:55,29.62,74.89,-0.012,0.108,0
2026-04-27 01:43:00,29.56,74.74,-0.012,-0.03,0
2026-04-27 01:43:05,29.52,75.42,-0.008,0.136,0
2026-04-27 01:43:10,29.51,74.98,-0.002,-0.088,0
2026-04-27 01:43:15,29.53,74.84,0.004,-0.028,0
2026-04-27 01:43:20,29.59,74.87,0.012,0.006,0
2026-04-27 01:43:25,29.48,74.63,-0.022,-0.048,0
2026-04-27 01:43:30,29.46,74.4,-0.004,-0.046,0
2026-04-27 01:43:35,29.6,74.55,0.028,0.03,0
2026-04-27 01:43:40,29.55,75.03,-0.01,0.096,0
2026-04-27 01:43:45,29.5,74.65,-0.01,-0.076,0
2026-04-27 01:43:50,29.69,74.84,0.038,0.038,0
2026-04-27 01:43:55,29.71,74.63,0.004,-0.042,0
2026-04-27 01:44:00,29.61,74.54,-0.02,-0.018,0
2026-04-27 01:44:05,29.65,74.22,0.008,-0.064,0
2026-04-27 01:44:10,29.43,74.96,-0.044,0.148,0
2026-04-27 01:44:15,29.76,74.68,0.066,-0.056,0
2026-04-27 01:44:20,29.56,74.79,-0.04,0.022,0
2026-04-27 01:44:25,29.65,74.27,0.018,-0.104,0
2026-04-27 01:44:30,29.63,74.99,-0.004,0.144,0
2026-04-27 01:44:35,29.67,74.85,0.008,-0.028,0
2026-04-27 01:44:40,29.5,74.82,-0.034,-0.006,0
2026-04-27 01:44:45,29.7,74.59,0.04,-0.046,0
2026-04-27 01:44:50,29.52,74.98,-0.036,0.078,1
2026-04-27 01:44:55,29.76,74.4,0.048,-0.116,1
2026-04-27 01:45:00,29.71,74.57,-0.01,0.034,1
2026-04-27 01:45:05,29.63,74.66,-0.016,0.018,1
2026-04-27 01:45:10,29.75,75.04,0.024,0.076,1
2026-04-27 01:45:15,29.56,74.66,-0.038,-0.076,1
2026-04-27 01:45:20,29.67,74.61,0.022,-0.01,1
2026-04-27 01:45:25,29.72,74.49,0.01,-0.024,0
2026-04-27 01:45:30,29.68,74.34,-0.008,-0.03,0
2026-04-27 01:45:35,29.74,74.62,0.012,0.056,0
2026-04-27 01:45:40,29.76,75.0,0.004,0.076,0
2026-04-27 01:45:45,29.63,75.11,-0.026,0.022,0
2026-04-27 01:45:50,29.63,74.97,0.0,-0.028,0
2026-04-27 01:45:55,29.6,74.85,-0.006,-0.024,0
2026-04-27 01:46:00,29.62,74.75,0.004,-0.02,0
2026-04-27 01:46:05,29.73,74.73,0.022,-0.004,0
2026-04-27 01:46:10,29.59,74.87,-0.028,0.028,0
2026-04-27 01:46:15,29.63,74.8,0.008,-0.014,0
2026-04-27 01:46:20,29.72,74.51,0.018,-0.058,0
2026-04-27 01:46:25,29.74,75.04,0.004,0.106,0
2026-04-27 01:46:30,29.79,75.63,0.01,0.118,0
2026-04-27 01:46:35,29.71,74.71,-0.016,-0.184,0
2026-04-27 01:46:40,29.69,75.34,-0.004,0.126,0
2026-04-27 01:46:45,29.86,75.17,0.034,-0.034,0
2026-04-27 01:46:50,29.89,74.8,0.006,-0.074,0
2026-04-27 01:46:55,29.65,75.11,-0.048,0.062,0
2026-04-27 01:47:00,29.81,75.24,0.032,0.026,0
2026-04-27 01:47:05,29.43,74.42,-0.076,-0.164,0
2026-04-27 01:47:10,29.42,74.44,-0.002,0.004,0
2026-04-27 01:47:15,29.38,74.71,-0.008,0.054,0
2026-04-27 01:47:20,29.34,74.1,-0.008,-0.122,0
2026-04-27 01:47:25,29.47,74.52,0.026,0.084,0
2026-04-27 01:47:30,29.38,74.44,-0.018,-0.016,0
2026-04-27 01:47:35,29.43,74.27,0.01,-0.034,0
2026-04-27 01:47:40,29.46,74.47,0.006,0.04,0
2026-04-27 01:47:45,29.48,74.18,0.004,-0.058,0
2026-04-27 01:47:50,29.51,74.21,0.006,0.006,0
2026-04-27 01:47:55,29.4,74.12,-0.022,-0.018,0
2026-04-27 01:48:00,29.54,74.12,0.028,0.0,0
2026-04-27 01:48:05,29.53,74.22,-0.002,0.02,0
2026-04-27 01:48:10,29.35,74.6,-0.036,0.076,0
2026-04-27 01:48:15,29.48,74.52,0.026,-0.016,0
2026-04-27 01:48:20,29.27,74.19,-0.042,-0.066,0
2026-04-27 01:48:25,29.5,73.99,0.046,-0.04,0
2026-04-27 01:48:30,29.61,74.39,0.022,0.08,0
2026-04-27 01:48:35,29.44,74.55,-0.034,0.032,0
2026-04-27 01:48:40,29.47,74.08,0.006,-0.094,0
2026-04-27 01:48:45,29.28,74.06,-0.038,-0.004,0
2026-04-27 01:48:50,29.42,74.21,0.028,0.03,0
2026-04-27 01:48:55,29.47,73.97,0.01,-0.048,0
2026-04-27 01:49:00,29.51,74.63,0.008,0.132,0
2026-04-27 01:49:05,29.45,74.54,-0.012,-0.018,0
2026-04-27 01:49:10,29.47,74.38,0.004,-0.032,1
2026-04-27 01:49:15,29.45,75.29,-0.004,0.182,1
2026-04-27 01:49:20,29.58,75.22,0.026,-0.014,1
2026-04-27 01:49:25,29.52,76.38,-0.012,0.232,1
2026-04-27 01:49:30,29.56,76.83,0.008,0.09,1
2026-04-27 01:49:35,29.64,76.78,0.016,-0.01,1
2026-04-27 01:49:40,29.49,76.92,-0.03,0.028,1
2026-04-27 01:49:45,29.63,76.48,0.028,-0.088,1
2026-04-27 01:49:50,29.55,77.26,-0.016,0.156,1
2026-04-27 01:49:55,29.7,77.19,0.03,-0.014,1
2026-04-27 01:50:00,29.65,77.88,-0.01,0.138,1
2026-04-27 01:50:05,29.76,77.76,0.022,-0.024,1
2026-04-27 01:50:10,29.61,77.56,-0.03,-0.04,1
2026-04-27 01:50:15,29.59,77.23,-0.004,-0.066,1
2026-04-27 01:50:20,29.78,77.86,0.038,0.126,1
2026-04-27 01:50:25,29.8,77.49,0.004,-0.074,1
2026-04-27 01:50:30,29.41,73.13,-0.078,-0.872,0
2026-04-27 01:50:35,29.49,73.67,0.016,0.108,0
2026-04-27 01:50:40,29.4,73.73,-0.018,0.012,0
2026-04-27 01:50:45,29.41,73.9,0.002,0.034,0
2026-04-27 01:50:50,29.5,73.56,0.018,-0.068,0
2026-04-27 01:50:55,29.62,73.51,0.024,-0.01,0
2026-04-27 01:51:00,29.38,73.64,-0.048,0.026,0
2026-04-27 01:51:05,29.47,73.67,0.018,0.006,0
2026-04-27 01:51:10,29.39,73.18,-0.016,-0.098,0
2026-04-27 01:51:15,29.49,73.58,0.02,0.08,0
2026-04-27 01:51:20,29.58,73.48,0.018,-0.02,0
2026-04-27 01:51:25,29.55,73.72,-0.006,0.048,0
2026-04-27 01:51:30,29.36,73.91,-0.038,0.038,0
2026-04-27 01:51:35,29.29,73.57,-0.014,-0.068,0
2026-04-27 01:51:40,29.49,73.42,0.04,-0.03,0
2026-04-27 01:51:45,29.46,73.73,-0.006,0.062,0
2026-04-27 01:51:50,29.34,73.82,-0.024,0.018,0
2026-04-27 01:51:55,29.48,73.73,0.028,-0.018,0
2026-04-27 01:52:00,29.56,73.4,0.016,-0.066,0
2026-04-27 01:52:05,29.45,73.67,-0.022,0.054,0
2026-04-27 01:52:10,29.57,73.66,0.024,-0.002,0
2026-04-27 01:52:15,29.47,73.28,-0.02,-0.076,0
2026-04-27 01:52:20,29.62,74.17,0.03,0.178,0
2026-04-27 01:52:25,29.45,73.43,-0.034,-0.148,0
2026-04-27 01:52:30,29.48,73.76,0.006,0.066,0
2026-04-27 01:52:35,29.49,74.18,0.002,0.084,0
2026-04-27 01:52:40,29.57,73.54,0.016,-0.128,0
2026-04-27 01:52:45,29.57,73.88,0.0,0.068,0
2026-04-27 01:52:50,29.47,73.65,-0.02,-0.046,0
2026-04-27 01:52:55,29.54,73.8,0.014,0.03,0
2026-04-27 01:53:00,29.38,73.06,-0.032,-0.148,0
2026-04-27 01:53:05,29.49,74.02,0.022,0.192,0
2026-04-27 01:53:10,29.4,73.52,-0.018,-0.1,0
2026-04-27 01:53:15,29.39,73.76,-0.002,0.048,0
2026-04-27 01:53:20,29.39,74.0,0.0,0.048,0
2026-04-27 01:53:25,29.45,73.49,0.012,-0.102,0
2026-04-27 01:53:30,29.51,73.66,0.012,0.034,0
2026-04-27 01:53:35,29.44,73.57,-0.014,-0.018,0
2026-04-27 01:53:40,29.6,73.47,0.032,-0.02,0
2026-04-27 01:53:45,29.48,73.81,-0.024,0.068,0
2026-04-27 01:53:50,29.5,74.02,0.004,0.042,0
2026-04-27 01:53:55,29.6,73.54,0.02,-0.096,0
2026-04-27 01:54:00,29.43,74.62,-0.034,0.216,1
2026-04-27 01:54:05,29.61,74.81,0.036,0.038,1
2026-04-27 01:54:10,29.56,75.16,-0.01,0.07,1
2026-04-27 01:54:15,29.78,75.87,0.044,0.142,1
2026-04-27 01:54:20,29.66,76.33,-0.024,0.092,1
2026-04-27 01:54:25,29.67,76.05,0.002,-0.056,1
2026-04-27 01:54:30,29.83,76.25,0.032,0.04,1
2026-04-27 01:54:35,29.83,77.27,0.0,0.204,1
2026-04-27 01:54:40,29.72,77.27,-0.022,0.0,1
2026-04-27 01:54:45,29.82,77.16,0.02,-0.022,1
2026-04-27 01:54:50,29.85,77.37,0.006,0.042,1
2026-04-27 01:54:55,29.82,77.82,-0.006,0.09,1
2026-04-27 01:55:00,29.84,78.26,0.004,0.088,1
2026-04-27 01:55:05,29.77,78.33,-0.014,0.014,1
2026-04-27 01:55:10,29.9,78.24,0.026,-0.018,1
2026-04-27 01:55:15,29.9,78.82,0.0,0.116,1
2026-04-27 01:55:20,30.01,78.43,0.022,-0.078,1
2026-04-27 01:55:25,30.05,78.27,0.008,-0.032,1
2026-04-27 01:55:30,30.08,78.16,0.006,-0.022,1
2026-04-27 01:55:35,30.09,78.92,0.002,0.152,1
2026-04-27 01:55:40,30.12,78.43,0.006,-0.098,1
2026-04-27 01:55:45,29.99,78.79,-0.026,0.072,1
2026-04-27 01:55:50,30.06,79.03,0.014,0.048,1
2026-04-27 01:55:55,30.02,78.88,-0.008,-0.03,1
2026-04-27 01:56:00,29.95,78.72,-0.014,-0.032,1
2026-04-27 01:56:05,30.13,79.15,0.036,0.086,1
2026-04-27 01:56:10,30.2,79.14,0.014,-0.002,1
2026-04-27 01:56:15,30.08,78.98,-0.024,-0.032,1
2026-04-27 01:56:20,30.16,79.23,0.016,0.05,1
2026-04-27 01:56:25,30.14,78.84,-0.004,-0.078,1
2026-04-27 01:56:30,30.13,78.92,-0.002,0.016,1
2026-04-27 01:56:35,28.62,71.11,-0.302,-1.562,0
2026-04-27 01:56:40,28.72,71.75,0.02,0.128,0
2026-04-27 01:56:45,28.68,71.14,-0.008,-0.122,0
2026-04-27 01:56:50,28.62,71.9,-0.012,0.152,0
2026-04-27 01:56:55,28.69,71.08,0.014,-0.164,0
2026-04-27 01:57:00,28.7,71.49,0.002,0.082,0
2026-04-27 01:57:05,28.77,71.57,0.014,0.016,0
2026-04-27 01:57:10,28.77,71.24,0.0,-0.066,0
2026-04-27 01:57:15,28.78,71.57,0.002,0.066,0
2026-04-27 01:57:20,28.66,71.41,-0.024,-0.032,0
2026-04-27 01:57:25,28.62,71.28,-0.008,-0.026,0
2026-04-27 01:57:30,28.69,71.52,0.014,0.048,0
2026-04-27 01:57:35,28.75,71.68,0.012,0.032,0
2026-04-27 01:57:40,28.6,71.83,-0.03,0.03,0
2026-04-27 01:57:45,28.84,71.2,0.048,-0.126,0
2026-04-27 01:57:50,28.73,71.73,-0.022,0.106,0
2026-04-27 01:57:55,28.74,71.2,0.002,-0.106,0
2026-04-27 01:58:00,28.56,71.83,-0.036,0.126,0
2026-04-27 01:58:05,28.7,70.97,0.028,-0.172,0
2026-04-27 01:58:10,28.79,72.05,0.018,0.216,0
2026-04-27 01:58:15,28.67,71.71,-0.024,-0.068,0
2026-04-27 01:58:20,28.67,71.98,0.0,0.054,0
2026-04-27 01:58:25,28.61,71.67,-0.012,-0.062,0
2026-04-27 01:58:30,32.76,67.98,0.83,-0.738,2
2026-04-27 01:58:35,35.57,65.57,0.562,-0.482,2
2026-04-27 01:58:40,37.58,63.18,0.402,-0.478,2
2026-04-27 01:58:45,38.9,62.36,0.264,-0.164,2
2026-04-27 01:58:50,39.46,61.15,0.112,-0.242,2
2026-04-27 01:58:55,39.82,60.9,0.072,-0.05,1
2026-04-27 01:59:00,39.8,60.77,-0.004,-0.026,1
2026-04-27 01:59:05,40.09,60.16,0.058,-0.122,1
2026-04-27 01:59:10,40.05,60.21,-0.008,0.01,1
2026-04-27 01:59:15,40.06,59.86,0.002,-0.07,1
2026-04-27 01:59:20,40.17,59.66,0.022,-0.04,1
2026-04-27 01:59:25,40.11,59.57,-0.012,-0.018,1
2026-04-27 01:59:30,40.13,59.72,0.004,0.03,1
2026-04-27 01:59:35,40.24,59.7,0.022,-0.004,1
2026-04-27 01:59:40,40.23,59.19,-0.002,-0.102,1
2026-04-27 01:59:45,40.34,59.4,0.022,0.042,1
2026-04-27 01:59:50,40.15,59.24,-0.038,-0.032,1
2026-04-27 01:59:55,40.29,59.19,0.028,-0.01,1
2026-04-27 02:00:00,29.28,72.56,-2.202,2.674,0
2026-04-27 02:00:05,29.33,72.68,0.01,0.024,0
2026-04-27 02:00:10,29.3,72.8,-0.006,0.024,0
2026-04-27 02:00:15,29.31,72.43,0.002,-0.074,0
2026-04-27 02:00:20,29.34,72.84,0.006,0.082,0
2026-04-27 02:00:25,29.22,72.12,-0.024,-0.144,0
2026-04-27 02:00:30,29.28,72.81,0.012,0.138,0
2026-04-27 02:00:35,29.34,72.29,0.012,-0.104,0
2026-04-27 02:00:40,29.36,72.15,0.004,-0.028,0
2026-04-27 02:00:45,29.29,72.14,-0.014,-0.002,0
2026-04-27 02:00:50,29.34,72.39,0.01,0.05,0
2026-04-27 02:00:55,29.47,72.84,0.026,0.09,0
2026-04-27 02:01:00,29.23,72.56,-0.048,-0.056,0
2026-04-27 02:01:05,29.43,72.32,0.04,-0.048,0
2026-04-27 02:01:10,29.25,72.74,-0.036,0.084,0
2026-04-27 02:01:15,29.3,72.31,0.01,-0.086,0
2026-04-27 02:01:20,29.36,72.0,0.012,-0.062,0
2026-04-27 02:01:25,29.35,71.94,-0.002,-0.012,0
2026-04-27 02:01:30,29.37,72.55,0.004,0.122,0
2026-04-27 02:01:35,29.2,71.95,-0.034,-0.12,0
2026-04-27 02:01:40,29.41,72.43,0.042,0.096,0
2026-04-27 02:01:45,29.32,72.57,-0.018,0.028,0
2026-04-27 02:01:50,29.33,72.44,0.002,-0.026,0
2026-04-27 02:01:55,29.4,72.23,0.014,-0.042,0
2026-04-27 02:02:00,29.46,72.13,0.012,-0.02,0
2026-04-27 02:02:05,29.27,72.4,-0.038,0.054,0
2026-04-27 02:02:10,29.43,72.47,0.032,0.014,0
2026-04-27 02:02:15,29.46,73.01,0.006,0.108,0
2026-04-27 02:02:20,29.32,72.67,-0.028,-0.068,0
2026-04-27 02:02:25,29.42,72.51,0.02,-0.032,0
2026-04-27 02:02:30,29.44,72.03,0.004,-0.096,0
2026-04-27 02:02:35,29.28,72.87,-0.032,0.168,0
2026-04-27 02:02:40,29.44,71.91,0.032,-0.192,0
2026-04-27 02:02:45,29.37,72.36,-0.014,0.09,0
2026-04-27 02:02:50,29.44,72.18,0.014,-0.036,0
2026-04-27 02:02:55,29.26,72.64,-0.036,0.092,0
2026-04-27 02:03:00,29.4,72.14,0.028,-0.1,0
2026-04-27 02:03:05,29.4,72.45,0.0,0.062,0
2026-04-27 02:03:10,29.24,72.37,-0.032,-0.016,0
2026-04-27 02:03:15,29.33,72.14,0.018,-0.046,0
2026-04-27 02:03:20,29.5,72.32,0.034,0.036,1
2026-04-27 02:03:25,29.76,71.68,0.052,-0.128,1
2026-04-27 02:03:30,29.94,71.61,0.036,-0.014,1
2026-04-27 02:03:35,30.24,71.32,0.06,-0.058,1
2026-04-27 02:03:40,30.38,71.81,0.028,0.098,1
2026-04-27 02:03:45,30.65,71.53,0.054,-0.056,1
2026-04-27 02:03:50,30.74,71.22,0.018,-0.062,1
2026-04-27 02:03:55,30.77,70.69,0.006,-0.106,1
2026-04-27 02:04:00,31.04,70.71,0.054,0.004,1
2026-04-27 02:04:05,31.0,70.78,-0.008,0.014,1
2026-04-27 02:04:10,31.09,70.89,0.018,0.022,1
2026-04-27 02:04:15,31.3,70.33,0.042,-0.112,1
2026-04-27 02:04:20,31.39,70.74,0.018,0.082,1
2026-04-27 02:04:25,31.42,70.52,0.006,-0.044,1
2026-04-27 02:04:30,31.54,70.4,0.024,-0.024,1
2026-04-27 02:04:35,31.47,71.3,-0.014,0.18,1
2026-04-27 02:04:40,31.62,70.51,0.03,-0.158,1
2026-04-27 02:04:45,31.55,70.3,-0.014,-0.042,1
2026-04-27 02:04:50,31.65,70.13,0.02,-0.034,1
2026-04-27 02:04:55,31.59,70.73,-0.012,0.12,1
2026-04-27 02:05:00,31.68,70.78,0.018,0.01,1
2026-04-27 02:05:05,31.64,70.61,-0.008,-0.034,1
2026-04-27 02:05:10,31.73,71.18,0.018,0.114,1
2026-04-27 02:05:15,31.73,70.65,0.0,-0.106,1
2026-04-27 02:05:20,31.79,70.51,0.012,-0.028,1
2026-04-27 02:05:25,31.55,70.61,-0.048,0.02,1
2026-04-27 02:05:30,31.65,70.85,0.02,0.048,1
2026-04-27 02:05:35,31.61,70.97,-0.008,0.024,1
2026-04-27 02:05:40,31.57,70.65,-0.008,-0.064,1
2026-04-27 02:05:45,29.2,73.55,-0.474,0.58,0
2026-04-27 02:05:50,29.13,73.9,-0.014,0.07,0
2026-04-27 02:05:55,29.02,73.67,-0.022,-0.046,0
2026-04-27 02:06:00,29.25,73.46,0.046,-0.042,0
2026-04-27 02:06:05,29.17,73.56,-0.016,0.02,0
2026-04-27 02:06:10,29.13,73.63,-0.008,0.014,0
2026-04-27 02:06:15,29.08,73.48,-0.01,-0.03,0
2026-04-27 02:06:20,29.1,73.49,0.004,0.002,0
2026-04-27 02:06:25,29.02,73.97,-0.016,0.096,0
2026-04-27 02:06:30,29.04,73.93,0.004,-0.008,0
2026-04-27 02:06:35,29.04,73.8,0.0,-0.026,0
2026-04-27 02:06:40,29.22,73.94,0.036,0.028,0
2026-04-27 02:06:45,28.99,73.66,-0.046,-0.056,0
2026-04-27 02:06:50,29.22,73.6,0.046,-0.012,0
2026-04-27 02:06:55,28.98,73.81,-0.048,0.042,0
2026-04-27 02:07:00,29.19,73.73,0.042,-0.016,0
2026-04-27 02:07:05,29.15,73.29,-0.008,-0.088,0
2026-04-27 02:07:10,29.1,73.18,-0.01,-0.022,0
2026-04-27 02:07:15,29.19,73.34,0.018,0.032,0
2026-04-27 02:07:20,29.05,74.08,-0.028,0.148,0
2026-04-27 02:07:25,29.11,73.17,0.012,-0.182,0
2026-04-27 02:07:30,29.15,73.99,0.008,0.164,0
2026-04-27 02:07:35,29.18,73.74,0.006,-0.05,0
2026-04-27 02:07:40,29.15,73.56,-0.006,-0.036,0
2026-04-27 02:07:45,29.12,73.8,-0.006,0.048,0
2026-04-27 02:07:50,29.22,73.39,0.02,-0.082,0
2026-04-27 02:07:55,29.2,73.96,-0.004,0.114,0
2026-04-27 02:08:00,29.19,73.8,-0.002,-0.032,0
2026-04-27 02:08:05,29.21,73.75,0.004,-0.01,0
2026-04-27 02:08:10,29.11,73.71,-0.02,-0.008,0
2026-04-27 02:08:15,29.18,74.07,0.014,0.072,0
2026-04-27 02:08:20,29.13,73.57,-0.01,-0.1,0
2026-04-27 02:08:25,29.07,73.9,-0.012,0.066,0
2026-04-27 02:08:30,29.1,74.32,0.006,0.084,0
2026-04-27 02:08:35,29.13,73.56,0.006,-0.152,0
2026-04-27 02:08:40,29.06,73.94,-0.014,0.076,0
2026-04-27 02:08:45,29.11,73.57,0.01,-0.074,0
2026-04-27 02:08:50,29.23,73.87,0.024,0.06,0
2026-04-27 02:08:55,29.21,73.71,-0.004,-0.032,0
2026-04-27 02:09:00,29.21,73.56,0.0,-0.03,0
2026-04-27 02:09:05,28.99,74.25,-0.044,0.138,0
2026-04-27 02:09:10,29.21,73.72,0.044,-0.106,0
2026-04-27 02:09:15,29.21,73.69,0.0,-0.006,0
2026-04-27 02:09:20,29.1,73.88,-0.022,0.038,0
2026-04-27 02:09:25,29.14,74.03,0.008,0.03,0
2026-04-27 02:09:30,29.19,73.71,0.01,-0.064,0
2026-04-27 02:09:35,29.11,73.82,-0.016,0.022,0
2026-04-27 02:09:40,29.05,74.01,-0.012,0.038,1
2026-04-27 02:09:45,29.16,73.64,0.022,-0.074,1
2026-04-27 02:09:50,29.18,73.93,0.004,0.058,1
2026-04-27 02:09:55,29.1,73.83,-0.016,-0.02,1
2026-04-27 02:10:00,29.21,73.19,0.022,-0.128,1
2026-04-27 02:10:05,29.21,73.83,0.0,0.128,1
2026-04-27 02:10:10,29.08,73.85,-0.026,0.004,1
2026-04-27 02:10:15,29.22,73.68,0.028,-0.034,1
2026-04-27 02:10:20,29.16,73.51,-0.012,-0.034,1
2026-04-27 02:10:25,29.11,73.32,-0.01,-0.038,1
2026-04-27 02:10:30,29.19,73.51,0.016,0.038,1
2026-04-27 02:10:35,29.12,73.41,-0.014,-0.02,1
2026-04-27 02:10:40,29.12,73.59,0.0,0.036,0
2026-04-27 02:10:45,29.18,73.75,0.012,0.032,0
2026-04-27 02:10:50,29.25,73.56,0.014,-0.038,0
2026-04-27 02:10:55,29.34,73.99,0.018,0.086,0
2026-04-27 02:11:00,29.08,74.23,-0.052,0.048,0
2026-04-27 02:11:05,29.25,73.42,0.034,-0.162,0
2026-04-27 02:11:10,29.25,74.32,0.0,0.18,0
2026-04-27 02:11:15,29.17,74.08,-0.016,-0.048,0
2026-04-27 02:11:20,29.43,73.91,0.052,-0.034,0
2026-04-27 02:11:25,29.23,73.96,-0.04,0.01,0
2026-04-27 02:11:30,29.31,74.0,0.016,0.008,0
2026-04-27 02:11:35,29.41,72.65,0.02,-0.27,0
2026-04-27 02:11:40,29.41,72.48,0.0,-0.034,0
2026-04-27 02:11:45,29.32,73.12,-0.018,0.128,0
2026-04-27 02:11:50,29.34,72.82,0.004,-0.06,0
2026-04-27 02:11:55,29.5,72.77,0.032,-0.01,0
2026-04-27 02:12:00,29.31,72.28,-0.038,-0.098,0
2026-04-27 02:12:05,29.36,72.5,0.01,0.044,0
2026-04-27 02:12:10,29.5,72.8,0.028,0.06,0
2026-04-27 02:12:15,29.39,72.6,-0.022,-0.04,0
2026-04-27 02:12:20,29.46,72.23,0.014,-0.074,0
2026-04-27 02:12:25,29.45,72.2,-0.002,-0.006,0
2026-04-27 02:12:30,29.35,72.68,-0.02,0.096,0
2026-04-27 02:12:35,29.4,72.29,0.01,-0.078,0
2026-04-27 02:12:40,29.39,73.12,-0.002,0.166,0
2026-04-27 02:12:45,29.4,72.78,0.002,-0.068,0
2026-04-27 02:12:50,29.23,72.56,-0.034,-0.044,0
2026-04-27 02:12:55,29.43,72.65,0.04,0.018,0
2026-04-27 02:13:00,29.51,72.5,0.016,-0.03,0
2026-04-27 02:13:05,29.52,72.53,0.002,0.006,0
2026-04-27 02:13:10,29.61,72.6,0.018,0.014,0
2026-04-27 02:13:15,29.35,73.21,-0.052,0.122,0
2026-04-27 02:13:20,29.27,72.21,-0.016,-0.2,0
2026-04-27 02:13:25,29.43,72.53,0.032,0.064,0
2026-04-27 02:13:30,29.46,72.47,0.006,-0.012,0
2026-04-27 02:13:35,29.44,72.47,-0.004,0.0,0
2026-04-27 02:13:40,29.49,72.47,0.01,0.0,0
2026-04-27 02:13:45,29.49,72.96,0.0,0.098,0
2026-04-27 02:13:50,29.39,72.29,-0.02,-0.134,0
2026-04-27 02:13:55,29.45,72.54,0.012,0.05,0
2026-04-27 02:14:00,29.51,71.82,0.012,-0.144,0
2026-04-27 02:14:05,29.5,72.7,-0.002,0.176,0
2026-04-27 02:14:10,29.58,72.55,0.016,-0.03,0
2026-04-27 02:14:15,29.36,72.51,-0.044,-0.008,0
2026-04-27 02:14:20,29.46,72.52,0.02,0.002,0
2026-04-27 02:14:25,29.37,72.43,-0.018,-0.018,0
2026-04-27 02:14:30,29.32,72.53,-0.01,0.02,0
2026-04-27 02:14:35,29.34,72.97,0.004,0.088,0
2026-04-27 02:14:40,29.45,72.21,0.022,-0.152,0
2026-04-27 02:14:45,29.51,72.58,0.012,0.074,0
2026-04-27 02:14:50,29.39,72.5,-0.024,-0.016,0
2026-04-27 02:14:55,29.61,72.19,0.044,-0.062,1
2026-04-27 02:15:00,29.92,71.65,0.062,-0.108,1
2026-04-27 02:15:05,30.19,71.76,0.054,0.022,1
2026-04-27 02:15:10,30.37,71.41,0.036,-0.07,1
2026-04-27 02:15:15,30.59,70.85,0.044,-0.112,1
2026-04-27 02:15:20,30.82,71.12,0.046,0.054,1
2026-04-27 02:15:25,31.03,70.69,0.042,-0.086,1
2026-04-27 02:15:30,31.12,70.24,0.018,-0.09,1
2026-04-27 02:15:35,31.42,70.35,0.06,0.022,1
2026-04-27 02:15:40,31.55,69.83,0.026,-0.104,1
2026-04-27 02:15:45,31.56,70.16,0.002,0.066,1
2026-04-27 02:15:50,31.68,70.28,0.024,0.024,1
2026-04-27 02:15:55,32.0,69.9,0.064,-0.076,1
2026-04-27 02:16:00,31.89,69.91,-0.022,0.002,1
2026-04-27 02:16:05,32.03,69.73,0.028,-0.036,1
2026-04-27 02:16:10,32.12,69.78,0.018,0.01,1
2026-04-27 02:16:15,32.15,69.86,0.006,0.016,1
2026-04-27 02:16:20,32.13,69.94,-0.004,0.016,1
2026-04-27 02:16:25,32.23,70.22,0.02,0.056,1
2026-04-27 02:16:30,32.16,70.18,-0.014,-0.008,1
2026-04-27 02:16:35,32.35,69.97,0.038,-0.042,1
2026-04-27 02:16:40,32.37,70.37,0.004,0.08,1
2026-04-27 02:16:45,32.51,70.46,0.028,0.018,1
2026-04-27 02:16:50,32.26,70.65,-0.05,0.038,1
2026-04-27 02:16:55,32.32,70.2,0.012,-0.09,1
2026-04-27 02:17:00,32.16,70.11,-0.032,-0.018,1
2026-04-27 02:17:05,32.3,70.47,0.028,0.072,1
2026-04-27 02:17:10,28.52,74.84,-0.756,0.874,0
2026-04-27 02:17:15,28.59,73.94,0.014,-0.18,0
2026-04-27 02:17:20,28.48,73.99,-0.022,0.01,0
2026-04-27 02:17:25,28.59,73.72,0.022,-0.054,0
2026-04-27 02:17:30,28.61,74.19,0.004,0.094,0
2026-04-27 02:17:35,28.54,74.32,-0.014,0.026,0
2026-04-27 02:17:40,28.65,74.74,0.022,0.084,0
2026-04-27 02:17:45,28.78,73.69,0.026,-0.21,0
2026-04-27 02:17:50,28.69,74.04,-0.018,0.07,0
2026-04-27 02:17:55,28.6,74.06,-0.018,0.004,0
2026-04-27 02:18:00,28.6,73.26,0.0,-0.16,0
2026-04-27 02:18:05,28.72,74.43,0.024,0.234,0
2026-04-27 02:18:10,28.53,74.17,-0.038,-0.052,0
2026-04-27 02:18:15,28.63,73.93,0.02,-0.048,0
2026-04-27 02:18:20,28.51,74.1,-0.024,0.034,0
2026-04-27 02:18:25,28.62,74.27,0.022,0.034,0
2026-04-27 02:18:30,28.55,73.99,-0.014,-0.056,0
2026-04-27 02:18:35,28.67,73.31,0.024,-0.136,0
2026-04-27 02:18:40,28.68,73.98,0.002,0.134,0
2026-04-27 02:18:45,28.55,74.18,-0.026,0.04,0
2026-04-27 02:18:50,28.7,74.0,0.03,-0.036,0
2026-04-27 02:18:55,28.71,73.89,0.002,-0.022,0
2026-04-27 02:19:00,28.73,73.8,0.004,-0.018,0
2026-04-27 02:19:05,28.75,73.88,0.004,0.016,0
2026-04-27 02:19:10,28.65,73.78,-0.02,-0.02,0
2026-04-27 02:19:15,28.69,73.6,0.008,-0.036,0
2026-04-27 02:19:20,28.61,73.91,-0.016,0.062,0
2026-04-27 02:19:25,28.48,74.13,-0.026,0.044,0
2026-04-27 02:19:30,28.65,73.77,0.034,-0.072,0
2026-04-27 02:19:35,28.88,73.64,0.046,-0.026,1
2026-04-27 02:19:40,29.23,73.46,0.07,-0.036,1
2026-04-27 02:19:45,29.43,72.78,0.04,-0.136,1
2026-04-27 02:19:50,29.8,72.13,0.074,-0.13,1
2026-04-27 02:19:55,29.98,72.28,0.036,0.03,1
2026-04-27 02:20:00,30.03,72.08,0.01,-0.04,1
2026-04-27 02:20:05,30.35,72.1,0.064,0.004,1
2026-04-27 02:20:10,30.31,72.6,-0.008,0.1,1
2026-04-27 02:20:15,30.48,71.79,0.034,-0.162,1
2026-04-27 02:20:20,30.81,72.28,0.066,0.098,1
2026-04-27 02:20:25,30.82,71.62,0.002,-0.132,1
2026-04-27 02:20:30,30.68,71.58,-0.028,-0.008,1
2026-04-27 02:20:35,30.92,71.58,0.048,0.0,1
2026-04-27 02:20:40,30.97,71.74,0.01,0.032,1
2026-04-27 02:20:45,30.93,71.52,-0.008,-0.044,1
2026-04-27 02:20:50,31.01,71.74,0.016,0.044,1
2026-04-27 02:20:55,30.98,71.97,-0.006,0.046,1
2026-04-27 02:21:00,31.01,72.06,0.006,0.018,1
2026-04-27 02:21:05,31.06,72.26,0.01,0.04,1
2026-04-27 02:21:10,31.09,71.91,0.006,-0.07,1
2026-04-27 02:21:15,31.14,71.96,0.01,0.01,1
2026-04-27 02:21:20,28.8,72.61,-0.468,0.13,0
2026-04-27 02:21:25,28.63,72.2,-0.034,-0.082,0
2026-04-27 02:21:30,28.56,72.38,-0.014,0.036,0
2026-04-27 02:21:35,28.72,72.01,0.032,-0.074,0
2026-04-27 02:21:40,28.75,72.39,0.006,0.076,0
2026-04-27 02:21:45,28.71,72.27,-0.008,-0.024,0
2026-04-27 02:21:50,28.72,71.84,0.002,-0.086,0
2026-04-27 02:21:55,28.57,72.28,-0.03,0.088,0
2026-04-27 02:22:00,28.69,72.06,0.024,-0.044,0
2026-04-27 02:22:05,28.73,72.04,0.008,-0.004,0
2026-04-27 02:22:10,28.52,72.08,-0.042,0.008,0
2026-04-27 02:22:15,28.57,71.82,0.01,-0.052,0
2026-04-27 02:22:20,28.77,71.91,0.04,0.018,0
2026-04-27 02:22:25,28.69,72.53,-0.016,0.124,0
2026-04-27 02:22:30,28.63,72.16,-0.012,-0.074,0
2026-04-27 02:22:35,28.56,72.38,-0.014,0.044,0
2026-04-27 02:22:40,28.49,72.14,-0.014,-0.048,0
2026-04-27 02:22:45,28.57,71.91,0.016,-0.046,0
2026-04-27 02:22:50,28.69,72.06,0.024,0.03,0
2026-04-27 02:22:55,28.77,72.38,0.016,0.064,0
2026-04-27 02:23:00,28.74,71.96,-0.006,-0.084,0
2026-04-27 02:23:05,28.75,72.09,0.002,0.026,0
2026-04-27 02:23:10,28.7,72.16,-0.01,0.014,0
2026-04-27 02:23:15,28.66,71.6,-0.008,-0.112,0
2026-04-27 02:23:20,28.66,71.87,0.0,0.054,0
2026-04-27 02:23:25,28.64,71.87,-0.004,0.0,0
2026-04-27 02:23:30,28.73,72.36,0.018,0.098,0
2026-04-27 02:23:35,28.76,72.2,0.006,-0.032,0
2026-04-27 02:23:40,28.69,72.27,-0.014,0.014,0
2026-04-27 02:23:45,28.7,72.45,0.002,0.036,0
2026-04-27 02:23:50,28.71,72.52,0.002,0.014,0
2026-04-27 02:23:55,28.77,71.97,0.012,-0.11,0
2026-04-27 02:24:00,28.58,72.33,-0.038,0.072,0
2026-04-27 02:24:05,28.49,72.13,-0.018,-0.04,0
2026-04-27 02:24:10,28.71,72.48,0.044,0.07,0
2026-04-27 02:24:15,31.64,69.17,0.586,-0.662,2
2026-04-27 02:24:20,33.87,67.15,0.446,-0.404,2
2026-04-27 02:24:25,35.32,66.04,0.29,-0.222,2
2026-04-27 02:24:30,36.32,64.98,0.2,-0.212,2
2026-04-27 02:24:35,36.67,63.92,0.07,-0.212,2
2026-04-27 02:24:40,37.19,63.99,0.104,0.014,2
2026-04-27 02:24:45,37.15,63.28,-0.008,-0.142,2
2026-04-27 02:24:50,37.17,62.94,0.004,-0.068,2
2026-04-27 02:24:55,37.35,63.19,0.036,0.05,2
2026-04-27 02:25:00,37.28,62.91,-0.014,-0.056,2
2026-04-27 02:25:05,37.17,63.47,-0.022,0.112,2
2026-04-27 02:25:10,37.35,62.86,0.036,-0.122,2
2026-04-27 02:25:15,37.33,63.03,-0.004,0.034,2
2026-04-27 02:25:20,37.55,63.06,0.044,0.006,2
2026-04-27 02:25:25,37.29,62.86,-0.052,-0.04,2
2026-04-27 02:25:30,37.64,62.34,0.07,-0.104,1
2026-04-27 02:25:35,37.78,62.5,0.028,0.032,1
2026-04-27 02:25:40,38.01,62.3,0.046,-0.04,1
2026-04-27 02:25:45,37.95,61.93,-0.012,-0.074,1
2026-04-27 02:25:50,38.11,62.02,0.032,0.018,1
2026-04-27 02:25:55,38.09,61.51,-0.004,-0.102,1
2026-04-27 02:26:00,38.21,61.8,0.024,0.058,1
2026-04-27 02:26:05,38.26,62.02,0.01,0.044,1
2026-04-27 02:26:10,38.19,61.91,-0.014,-0.022,1
2026-04-27 02:26:15,38.19,62.18,0.0,0.054,1
2026-04-27 02:26:20,29.25,73.17,-1.788,2.198,0
2026-04-27 02:26:25,29.37,73.7,0.024,0.106,0
2026-04-27 02:26:30,29.31,73.72,-0.012,0.004,0
2026-04-27 02:26:35,29.33,73.86,0.004,0.028,0
2026-04-27 02:26:40,29.37,73.94,0.008,0.016,0
2026-04-27 02:26:45,29.31,73.47,-0.012,-0.094,0
2026-04-27 02:26:50,29.16,73.52,-0.03,0.01,0
2026-04-27 02:26:55,29.25,73.97,0.018,0.09,0
2026-04-27 02:27:00,29.28,73.55,0.006,-0.084,0
2026-04-27 02:27:05,29.38,73.59,0.02,0.008,0
2026-04-27 02:27:10,29.29,73.49,-0.018,-0.02,0
2026-04-27 02:27:15,29.44,73.77,0.03,0.056,0
2026-04-27 02:27:20,29.4,74.01,-0.008,0.048,0
2026-04-27 02:27:25,29.36,74.11,-0.008,0.02,0
2026-04-27 02:27:30,29.37,73.51,0.002,-0.12,0
2026-04-27 02:27:35,29.31,73.2,-0.012,-0.062,0
2026-04-27 02:27:40,29.43,73.62,0.024,0.084,0
2026-04-27 02:27:45,29.25,74.01,-0.036,0.078,0
2026-04-27 02:27:50,29.42,73.8,0.034,-0.042,0
2026-04-27 02:27:55,29.36,73.81,-0.012,0.002,0
2026-04-27 02:28:00,29.3,73.41,-0.012,-0.08,0
2026-04-27 02:28:05,29.47,73.41,0.034,0.0,0
2026-04-27 02:28:10,29.35,73.65,-0.024,0.048,0
2026-04-27 02:28:15,29.31,73.89,-0.008,0.048,0
2026-04-27 02:28:20,29.28,73.48,-0.006,-0.082,0
2026-04-27 02:28:25,29.42,73.84,0.028,0.072,0
2026-04-27 02:28:30,29.45,73.58,0.006,-0.052,0
2026-04-27 02:28:35,29.46,73.58,0.002,0.0,0
2026-04-27 02:28:40,29.3,74.03,-0.032,0.09,0
2026-04-27 02:28:45,29.28,73.66,-0.004,-0.074,0
2026-04-27 02:28:50,29.33,73.97,0.01,0.062,0
2026-04-27 02:28:55,29.43,73.34,0.02,-0.126,0
2026-04-27 02:29:00,34.65,69.19,1.044,-0.83,2
2026-04-27 02:29:05,38.39,66.81,0.748,-0.476,2
2026-04-27 02:29:10,41.07,64.54,0.536,-0.454,2
2026-04-27 02:29:15,42.73,63.29,0.332,-0.25,2
2026-04-27 02:29:20,43.82,62.16,0.218,-0.226,2
2026-04-27 02:29:25,43.96,61.67,0.028,-0.098,2
2026-04-27 02:29:30,44.28,61.31,0.064,-0.072,2
2026-04-27 02:29:35,44.57,60.3,0.058,-0.202,2
2026-04-27 02:29:40,44.55,60.75,-0.004,0.09,1
2026-04-27 02:29:45,44.79,60.17,0.048,-0.116,1
2026-04-27 02:29:50,44.8,59.78,0.002,-0.078,1
2026-04-27 02:29:55,45.0,59.78,0.04,0.0,1
2026-04-27 02:30:00,45.13,59.77,0.026,-0.002,1
2026-04-27 02:30:05,45.12,59.96,-0.002,0.038,1
2026-04-27 02:30:10,45.1,59.66,-0.004,-0.06,1
2026-04-27 02:30:15,45.03,59.87,-0.014,0.042,1
2026-04-27 02:30:20,45.09,59.49,0.012,-0.076,1
2026-04-27 02:30:25,45.05,59.48,-0.008,-0.002,1
2026-04-27 02:30:30,45.25,59.28,0.04,-0.04,1
2026-04-27 02:30:35,45.16,58.98,-0.018,-0.06,1
2026-04-27 02:30:40,45.09,59.23,-0.014,0.05,1
2026-04-27 02:30:45,29.16,73.41,-3.186,2.836,0
2026-04-27 02:30:50,28.99,73.61,-0.034,0.04,0
2026-04-27 02:30:55,29.02,73.61,0.006,0.0,0
2026-04-27 02:31:00,28.98,73.67,-0.008,0.012,0
2026-04-27 02:31:05,29.1,73.2,0.024,-0.094,0
2026-04-27 02:31:10,28.98,73.43,-0.024,0.046,0
2026-04-27 02:31:15,28.98,73.79,0.0,0.072,0
2026-04-27 02:31:20,29.02,73.74,0.008,-0.01,0
2026-04-27 02:31:25,29.05,73.42,0.006,-0.064,0
2026-04-27 02:31:30,28.98,73.5,-0.014,0.016,0
2026-04-27 02:31:35,28.96,73.64,-0.004,0.028,0
2026-04-27 02:31:40,29.17,73.85,0.042,0.042,0
2026-04-27 02:31:45,29.02,73.73,-0.03,-0.024,0
2026-04-27 02:31:50,29.01,73.72,-0.002,-0.002,0
2026-04-27 02:31:55,29.08,74.07,0.014,0.07,0
2026-04-27 02:32:00,29.12,73.33,0.008,-0.148,0
2026-04-27 02:32:05,29.09,73.31,-0.006,-0.004,0
2026-04-27 02:32:10,29.15,74.01,0.012,0.14,0
2026-04-27 02:32:15,29.15,73.27,0.0,-0.148,0
2026-04-27 02:32:20,28.97,73.67,-0.036,0.08,0
2026-04-27 02:32:25,28.99,73.9,0.004,0.046,0
2026-04-27 02:32:30,30.97,71.29,0.396,-0.522,2
2026-04-27 02:32:35,32.5,70.25,0.306,-0.208,2
2026-04-27 02:32:40,33.99,69.01,0.298,-0.248,2
2026-04-27 02:32:45,34.86,68.01,0.174,-0.2,2
2026-04-27 02:32:50,35.49,67.31,0.126,-0.14,2
2026-04-27 02:32:55,35.62,66.77,0.026,-0.108,1
2026-04-27 02:33:00,35.95,66.56,0.066,-0.042,1
2026-04-27 02:33:05,36.02,66.24,0.014,-0.064,1
2026-04-27 02:33:10,36.27,66.28,0.05,0.008,1
2026-04-27 02:33:15,36.43,66.04,0.032,-0.048,1
2026-04-27 02:33:20,36.54,65.88,0.022,-0.032,1
2026-04-27 02:33:25,36.55,65.37,0.002,-0.102,1
2026-04-27 02:33:30,36.5,65.65,-0.01,0.056,1
2026-04-27 02:33:35,36.54,65.43,0.008,-0.044,1
2026-04-27 02:33:40,36.72,65.19,0.036,-0.048,1
2026-04-27 02:33:45,36.49,65.18,-0.046,-0.002,1
2026-04-27 02:33:50,36.75,64.91,0.052,-0.054,1
2026-04-27 02:33:55,36.5,65.43,-0.05,0.104,1
2026-04-27 02:34:00,28.92,73.67,-1.516,1.648,0
2026-04-27 02:34:05,28.97,73.57,0.01,-0.02,0
2026-04-27 02:34:10,29.01,73.29,0.008,-0.056,0
2026-04-27 02:34:15,29.0,73.44,-0.002,0.03,0
2026-04-27 02:34:20,28.95,73.1,-0.01,-0.068,0
2026-04-27 02:34:25,29.04,73.76,0.018,0.132,0
2026-04-27 02:34:30,28.95,73.87,-0.018,0.022,0
2026-04-27 02:34:35,28.95,73.83,0.0,-0.008,0
2026-04-27 02:34:40,29.0,73.38,0.01,-0.09,0
2026-04-27 02:34:45,29.12,73.34,0.024,-0.008,0
2026-04-27 02:34:50,29.12,73.66,0.0,0.064,0
2026-04-27 02:34:55,29.13,73.64,0.002,-0.004,0
2026-04-27 02:35:00,29.07,73.66,-0.012,0.004,0
2026-04-27 02:35:05,29.14,73.45,0.014,-0.042,0
2026-04-27 02:35:10,28.94,73.57,-0.04,0.024,0
2026-04-27 02:35:15,29.19,73.47,0.05,-0.02,0
2026-04-27 02:35:20,29.13,73.38,-0.012,-0.018,0
2026-04-27 02:35:25,29.17,73.51,0.008,0.026,0
2026-04-27 02:35:30,29.06,74.15,-0.022,0.128,0
2026-04-27 02:35:35,29.16,73.79,0.02,-0.072,0
2026-04-27 02:35:40,29.15,73.63,-0.002,-0.032,0
2026-04-27 02:35:45,29.11,73.63,-0.008,0.0,0
2026-04-27 02:35:50,29.18,73.92,0.014,0.058,0
2026-04-27 02:35:55,29.19,73.47,0.002,-0.09,0
2026-04-27 02:36:00,29.02,73.35,-0.034,-0.024,0
2026-04-27 02:36:05,29.18,73.84,0.032,0.098,0
2026-04-27 02:36:10,29.1,73.8,-0.016,-0.008,0
2026-04-27 02:36:15,29.09,73.93,-0.002,0.026,0
2026-04-27 02:36:20,29.14,73.46,0.01,-0.094,0
2026-04-27 02:36:25,29.18,73.69,0.008,0.046,0
2026-04-27 02:36:30,29.08,73.52,-0.02,-0.034,0
2026-04-27 02:36:35,29.18,74.01,0.02,0.098,0
2026-04-27 02:36:40,29.2,74.12,0.004,0.022,0
2026-04-27 02:36:45,29.21,74.1,0.002,-0.004,0
2026-04-27 02:36:50,29.04,74.15,-0.034,0.01,0
2026-04-27 02:36:55,29.07,73.55,0.006,-0.12,0
2026-04-27 02:37:00,29.08,73.2,0.002,-0.07,0
2026-04-27 02:37:05,29.11,73.38,0.006,0.036,0
2026-04-27 02:37:10,29.12,73.62,0.002,0.048,0
2026-04-27 02:37:15,29.1,73.67,-0.004,0.01,0
2026-04-27 02:37:20,29.08,73.97,-0.004,0.06,0
2026-04-27 02:37:25,29.2,73.75,0.024,-0.044,0
2026-04-27 02:37:30,29.12,74.15,-0.016,0.08,0
2026-04-27 02:37:35,29.27,73.54,0.03,-0.122,1
2026-04-27 02:37:40,29.71,73.01,0.088,-0.106,1
2026-04-27 02:37:45,29.9,73.14,0.038,0.026,1
2026-04-27 02:37:50,29.98,72.91,0.016,-0.046,1
2026-04-27 02:37:55,30.14,73.04,0.032,0.026,1
2026-04-27 02:38:00,30.33,72.25,0.038,-0.158,1
2026-04-27 02:38:05,30.46,72.54,0.026,0.058,1
2026-04-27 02:38:10,30.85,72.53,0.078,-0.002,1
2026-04-27 02:38:15,30.82,72.27,-0.006,-0.052,1
2026-04-27 02:38:20,30.87,72.67,0.01,0.08,1
2026-04-27 02:38:25,31.14,71.52,0.054,-0.23,1
2026-04-27 02:38:30,31.23,71.96,0.018,0.088,1
2026-04-27 02:38:35,31.19,72.2,-0.008,0.048,1
2026-04-27 02:38:40,31.38,72.24,0.038,0.008,1
2026-04-27 02:38:45,31.4,72.31,0.004,0.014,1
2026-04-27 02:38:50,31.5,72.1,0.02,-0.042,1
2026-04-27 02:38:55,31.36,72.66,-0.028,0.112,1
2026-04-27 02:39:00,31.45,72.36,0.018,-0.06,1
2026-04-27 02:39:05,31.39,72.55,-0.012,0.038,1
2026-04-27 02:39:10,31.55,72.55,0.032,0.0,1
2026-04-27 02:39:15,31.53,72.6,-0.004,0.01,1
2026-04-27 02:39:20,31.57,72.96,0.008,0.072,1
2026-04-27 02:39:25,31.61,72.61,0.008,-0.07,1
2026-04-27 02:39:30,31.6,72.44,-0.002,-0.034,1
2026-04-27 02:39:35,31.45,72.29,-0.03,-0.03,1
2026-04-27 02:39:40,31.49,72.84,0.008,0.11,1
2026-04-27 02:39:45,29.29,71.56,-0.44,-0.256,0
2026-04-27 02:39:50,29.31,71.56,0.004,0.0,0
2026-04-27 02:39:55,29.31,71.21,0.0,-0.07,0
2026-04-27 02:40:00,29.39,71.31,0.016,0.02,0
2026-04-27 02:40:05,29.29,71.15,-0.02,-0.032,0
2026-04-27 02:40:10,29.42,71.14,0.026,-0.002,0
2026-04-27 02:40:15,29.32,70.66,-0.02,-0.096,0
2026-04-27 02:40:20,29.28,71.3,-0.008,0.128,0
2026-04-27 02:40:25,29.34,71.11,0.012,-0.038,0
2026-04-27 02:40:30,29.35,70.64,0.002,-0.094,0
2026-04-27 02:40:35,29.36,71.28,0.002,0.128,0
2026-04-27 02:40:40,29.34,71.26,-0.004,-0.004,0
2026-04-27 02:40:45,29.45,71.16,0.022,-0.02,0
2026-04-27 02:40:50,29.4,70.87,-0.01,-0.058,0
2026-04-27 02:40:55,29.45,70.56,0.01,-0.062,0
2026-04-27 02:41:00,29.45,70.41,0.0,-0.03,0
2026-04-27 02:41:05,29.34,70.38,-0.022,-0.006,0
2026-04-27 02:41:10,29.48,70.95,0.028,0.114,0
2026-04-27 02:41:15,29.37,70.79,-0.022,-0.032,0
2026-04-27 02:41:20,29.46,71.04,0.018,0.05,0
2026-04-27 02:41:25,29.3,70.92,-0.032,-0.024,0
2026-04-27 02:41:30,29.43,70.48,0.026,-0.088,0
2026-04-27 02:41:35,29.41,70.67,-0.004,0.038,0
2026-04-27 02:41:40,29.39,70.89,-0.004,0.044,0
2026-04-27 02:41:45,29.48,70.75,0.018,-0.028,0
2026-04-27 02:41:50,29.38,70.49,-0.02,-0.052,0
2026-04-27 02:41:55,29.43,70.94,0.01,0.09,0
2026-04-27 02:42:00,29.4,71.12,-0.006,0.036,0
2026-04-27 02:42:05,29.52,70.59,0.024,-0.106,0
2026-04-27 02:42:10,29.46,71.35,-0.012,0.152,0
2026-04-27 02:42:15,29.43,70.79,-0.006,-0.112,0
2026-04-27 02:42:20,29.48,70.85,0.01,0.012,0
2026-04-27 02:42:25,29.42,70.66,-0.012,-0.038,0
2026-04-27 02:42:30,29.44,70.95,0.004,0.058,0
2026-04-27 02:42:35,29.45,71.3,0.002,0.07,0
2026-04-27 02:42:40,29.37,70.86,-0.016,-0.088,0
2026-04-27 02:42:45,29.37,71.12,0.0,0.052,0
2026-04-27 02:42:50,29.54,70.58,0.034,-0.108,0
2026-04-27 02:42:55,29.35,70.64,-0.038,0.012,0
2026-04-27 02:43:00,29.43,70.88,0.016,0.048,0
2026-04-27 02:43:05,29.6,71.2,0.034,0.064,1
2026-04-27 02:43:10,29.44,71.11,-0.032,-0.018,1
2026-04-27 02:43:15,29.42,71.62,-0.004,0.102,1
2026-04-27 02:43:20,29.46,71.75,0.008,0.026,1
2026-04-27 02:43:25,29.6,72.44,0.028,0.138,1
2026-04-27 02:43:30,29.51,72.61,-0.018,0.034,1
2026-04-27 02:43:35,29.56,72.49,0.01,-0.024,1
2026-04-27 02:43:40,29.62,73.04,0.012,0.11,1
2026-04-27 02:43:45,29.37,72.89,-0.05,-0.03,1
2026-04-27 02:43:50,29.55,73.22,0.036,0.066,1
2026-04-27 02:43:55,29.54,73.19,-0.002,-0.006,1
2026-04-27 02:44:00,29.5,73.28,-0.008,0.018,1
2026-04-27 02:44:05,29.63,73.64,0.026,0.072,1
2026-04-27 02:44:10,29.6,73.65,-0.006,0.002,1
2026-04-27 02:44:15,29.5,73.87,-0.02,0.044,1
2026-04-27 02:44:20,29.57,73.65,0.014,-0.044,1
2026-04-27 02:44:25,29.61,74.1,0.008,0.09,1
2026-04-27 02:44:30,29.65,74.39,0.008,0.058,1
2026-04-27 02:44:35,29.74,74.87,0.018,0.096,1
2026-04-27 02:44:40,29.66,74.41,-0.016,-0.092,1
2026-04-27 02:44:45,29.67,74.57,0.002,0.032,1
2026-04-27 02:44:50,29.78,74.66,0.022,0.018,1
2026-04-27 02:44:55,29.67,74.31,-0.022,-0.07,1
2026-04-27 02:45:00,29.72,74.95,0.01,0.128,1
2026-04-27 02:45:05,29.62,74.91,-0.02,-0.008,1
2026-04-27 02:45:10,29.69,74.6,0.014,-0.062,1
2026-04-27 02:45:15,29.79,75.18,0.02,0.116,1
2026-04-27 02:45:20,29.71,74.82,-0.016,-0.072,1
2026-04-27 02:45:25,29.76,75.01,0.01,0.038,1
2026-04-27 02:45:30,28.44,73.43,-0.264,-0.316,0
2026-04-27 02:45:35,28.43,73.49,-0.002,0.012,0
2026-04-27 02:45:40,28.52,73.95,0.018,0.092,0
2026-04-27 02:45:45,28.7,73.49,0.036,-0.092,0
2026-04-27 02:45:50,28.45,73.34,-0.05,-0.03,0
2026-04-27 02:45:55,28.6,73.21,0.03,-0.026,0
2026-04-27 02:46:00,28.63,73.65,0.006,0.088,0
2026-04-27 02:46:05,28.6,73.47,-0.006,-0.036,0
2026-04-27 02:46:10,28.71,73.97,0.022,0.1,0
2026-04-27 02:46:15,28.46,73.28,-0.05,-0.138,0
2026-04-27 02:46:20,28.54,73.48,0.016,0.04,0
2026-04-27 02:46:25,28.65,73.0,0.022,-0.096,0
2026-04-27 02:46:30,28.58,73.37,-0.014,0.074,0
2026-04-27 02:46:35,28.62,73.56,0.008,0.038,0
2026-04-27 02:46:40,28.7,73.48,0.016,-0.016,0
2026-04-27 02:46:45,28.76,73.68,0.012,0.04,0
2026-04-27 02:46:50,28.62,73.79,-0.028,0.022,0
2026-04-27 02:46:55,28.62,73.52,0.0,-0.054,0
2026-04-27 02:47:00,28.64,73.35,0.004,-0.034,0
2026-04-27 02:47:05,28.64,73.53,0.0,0.036,0
2026-04-27 02:47:10,28.67,73.72,0.006,0.038,0
2026-04-27 02:47:15,28.58,73.67,-0.018,-0.01,0
2026-04-27 02:47:20,28.62,73.4,0.008,-0.054,0
2026-04-27 02:47:25,28.76,73.34,0.028,-0.012,0
2026-04-27 02:47:30,28.65,73.59,-0.022,0.05,0
2026-04-27 02:47:35,28.8,73.36,0.03,-0.046,0
2026-04-27 02:47:40,28.61,73.38,-0.038,0.004,0
2026-04-27 02:47:45,28.67,73.42,0.012,0.008,0
2026-04-27 02:47:50,28.81,73.5,0.028,0.016,0
2026-04-27 02:47:55,28.63,74.09,-0.036,0.118,0
2026-04-27 02:48:00,28.52,73.54,-0.022,-0.11,0
2026-04-27 02:48:05,28.73,73.65,0.042,0.022,0
2026-04-27 02:48:10,28.57,72.89,-0.032,-0.152,0
2026-04-27 02:48:15,28.66,73.15,0.018,0.052,0
2026-04-27 02:48:20,28.59,73.43,-0.014,0.056,0
2026-04-27 02:48:25,28.63,73.32,0.008,-0.022,0
2026-04-27 02:48:30,28.56,73.55,-0.014,0.046,0
2026-04-27 02:48:35,28.57,73.67,0.002,0.024,0
2026-04-27 02:48:40,28.57,73.95,0.0,0.056,0
2026-04-27 02:48:45,28.68,73.01,0.022,-0.188,0
2026-04-27 02:48:50,28.74,73.9,0.012,0.178,0
2026-04-27 02:48:55,28.71,73.83,-0.006,-0.014,0
2026-04-27 02:49:00,28.75,73.52,0.008,-0.062,0
2026-04-27 02:49:05,28.76,73.44,0.002,-0.016,0
2026-04-27 02:49:10,28.69,73.44,-0.014,0.0,0
2026-04-27 02:49:15,28.72,73.64,0.006,0.04,0
2026-04-27 02:49:20,28.62,73.28,-0.02,-0.072,0
2026-04-27 02:49:25,29.89,71.73,0.254,-0.31,2
2026-04-27 02:49:30,31.15,70.28,0.252,-0.29,2
2026-04-27 02:49:35,32.04,68.63,0.178,-0.33,2
2026-04-27 02:49:40,32.66,67.88,0.124,-0.15,2
2026-04-27 02:49:45,33.06,67.27,0.08,-0.122,2
2026-04-27 02:49:50,33.2,66.2,0.028,-0.214,2
2026-04-27 02:49:55,33.57,66.01,0.074,-0.038,1
2026-04-27 02:50:00,33.67,66.05,0.02,0.008,1
2026-04-27 02:50:05,33.99,65.66,0.064,-0.078,1
2026-04-27 02:50:10,34.1,65.69,0.022,0.006,1
2026-04-27 02:50:15,34.17,65.44,0.014,-0.05,1
2026-04-27 02:50:20,34.29,65.18,0.024,-0.052,1
2026-04-27 02:50:25,34.38,65.05,0.018,-0.026,1
2026-04-27 02:50:30,34.36,65.03,-0.004,-0.004,1
2026-04-27 02:50:35,34.34,64.68,-0.004,-0.07,1
2026-04-27 02:50:40,34.39,65.41,0.01,0.146,1
2026-04-27 02:50:45,34.38,65.24,-0.002,-0.034,1
2026-04-27 02:50:50,34.34,65.35,-0.008,0.022,1
2026-04-27 02:50:55,34.44,65.0,0.02,-0.07,1
2026-04-27 02:51:00,34.43,64.49,-0.002,-0.102,1
2026-04-27 02:51:05,34.45,65.11,0.004,0.124,1
2026-04-27 02:51:10,34.25,64.82,-0.04,-0.058,1
2026-04-27 02:51:15,28.71,73.74,-1.108,1.784,0
2026-04-27 02:51:20,28.92,73.44,0.042,-0.06,0
2026-04-27 02:51:25,28.61,73.36,-0.062,-0.016,0
2026-04-27 02:51:30,28.68,73.6,0.014,0.048,0
2026-04-27 02:51:35,28.87,74.0,0.038,0.08,0
2026-04-27 02:51:40,28.84,73.51,-0.006,-0.098,0
2026-04-27 02:51:45,28.92,73.84,0.016,0.066,0
2026-04-27 02:51:50,28.92,73.63,0.0,-0.042,0
2026-04-27 02:51:55,28.81,73.8,-0.022,0.034,0
2026-04-27 02:52:00,28.87,73.65,0.012,-0.03,0
2026-04-27 02:52:05,29.01,73.63,0.028,-0.004,0
2026-04-27 02:52:10,28.96,73.48,-0.01,-0.03,0
2026-04-27 02:52:15,29.09,73.57,0.026,0.018,0
2026-04-27 02:52:20,28.74,73.81,-0.07,0.048,0
2026-04-27 02:52:25,28.92,73.62,0.036,-0.038,0
2026-04-27 02:52:30,28.94,73.55,0.004,-0.014,0
2026-04-27 02:52:35,29.01,73.88,0.014,0.066,0
2026-04-27 02:52:40,29.01,73.43,0.0,-0.09,0
2026-04-27 02:52:45,28.81,73.75,-0.04,0.064,0
2026-04-27 02:52:50,28.84,73.43,0.006,-0.064,0
2026-04-27 02:52:55,28.94,73.99,0.02,0.112,0
2026-04-27 02:53:00,28.95,73.62,0.002,-0.074,0
2026-04-27 02:53:05,28.83,73.96,-0.024,0.068,0
2026-04-27 02:53:10,28.92,73.52,0.018,-0.088,0
2026-04-27 02:53:15,28.9,73.59,-0.004,0.014,0
2026-04-27 02:53:20,29.01,73.83,0.022,0.048,0
2026-04-27 02:53:25,29.0,74.05,-0.002,0.044,0
2026-04-27 02:53:30,28.88,73.55,-0.024,-0.1,0
2026-04-27 02:53:35,28.9,74.33,0.004,0.156,0
2026-04-27 02:53:40,29.0,73.73,0.02,-0.12,0
2026-04-27 02:53:45,28.96,73.83,-0.008,0.02,0
2026-04-27 02:53:50,29.07,73.29,0.022,-0.108,1
2026-04-27 02:53:55,29.5,72.76,0.086,-0.106,1
2026-04-27 02:54:00,29.45,72.27,-0.01,-0.098,1
2026-04-27 02:54:05,29.6,72.5,0.03,0.046,1
2026-04-27 02:54:10,29.73,72.19,0.026,-0.062,1
2026-04-27 02:54:15,29.94,71.58,0.042,-0.122,1
2026-04-27 02:54:20,30.04,71.61,0.02,0.006,1
2026-04-27 02:54:25,30.16,71.28,0.024,-0.066,1
2026-04-27 02:54:30,30.42,71.25,0.052,-0.006,1
2026-04-27 02:54:35,30.35,70.36,-0.014,-0.178,1
2026-04-27 02:54:40,30.66,70.29,0.062,-0.014,1
2026-04-27 02:54:45,30.54,70.19,-0.024,-0.02,1
2026-04-27 02:54:50,30.77,70.21,0.046,0.004,1
2026-04-27 02:54:55,30.65,70.4,-0.024,0.038,1
2026-04-27 02:55:00,30.78,70.15,0.026,-0.05,1
2026-04-27 02:55:05,30.8,71.11,0.004,0.192,1
2026-04-27 02:55:10,30.95,70.58,0.03,-0.106,1
2026-04-27 02:55:15,30.85,70.73,-0.02,0.03,1
2026-04-27 02:55:20,31.09,71.11,0.048,0.076,1
2026-04-27 02:55:25,30.96,70.74,-0.026,-0.074,1
2026-04-27 02:55:30,30.88,71.06,-0.016,0.064,1
2026-04-27 02:55:35,30.96,70.63,0.016,-0.086,1
2026-04-27 02:55:40,31.01,71.38,0.01,0.15,1
2026-04-27 02:55:45,31.0,71.14,-0.002,-0.048,1
2026-04-27 02:55:50,31.12,71.21,0.024,0.014,1
2026-04-27 02:55:55,31.06,71.18,-0.012,-0.006,1
2026-04-27 02:56:00,30.85,71.48,-0.042,0.06,1
2026-04-27 02:56:05,31.09,71.45,0.048,-0.006,1
2026-04-27 02:56:10,30.92,71.39,-0.034,-0.012,1
2026-04-27 02:56:15,31.04,71.45,0.024,0.012,1
2026-04-27 02:56:20,31.07,71.36,0.006,-0.018,1
2026-04-27 02:56:25,31.11,71.21,0.008,-0.03,1
2026-04-27 02:56:30,31.06,70.87,-0.01,-0.068,1
2026-04-27 02:56:35,28.86,75.2,-0.44,0.866,0
2026-04-27 02:56:40,28.8,74.57,-0.012,-0.126,0
2026-04-27 02:56:45,28.67,74.73,-0.026,0.032,0
2026-04-27 02:56:50,28.68,74.75,0.002,0.004,0
2026-04-27 02:56:55,28.77,74.25,0.018,-0.1,0
2026-04-27 02:57:00,28.89,74.61,0.024,0.072,0
2026-04-27 02:57:05,28.74,74.57,-0.03,-0.008,0
2026-04-27 02:57:10,28.69,74.91,-0.01,0.068,0
2026-04-27 02:57:15,28.75,75.23,0.012,0.064,0
2026-04-27 02:57:20,28.8,74.5,0.01,-0.146,0
2026-04-27 02:57:25,28.78,74.49,-0.004,-0.002,0
2026-04-27 02:57:30,28.77,74.95,-0.002,0.092,0
2026-04-27 02:57:35,28.87,74.89,0.02,-0.012,0
2026-04-27 02:57:40,28.9,74.91,0.006,0.004,0
2026-04-27 02:57:45,28.74,74.7,-0.032,-0.042,0
2026-04-27 02:57:50,28.72,74.9,-0.004,0.04,0
2026-04-27 02:57:55,28.76,74.36,0.008,-0.108,0
2026-04-27 02:58:00,28.92,74.85,0.032,0.098,0
2026-04-27 02:58:05,28.88,74.76,-0.008,-0.018,0
2026-04-27 02:58:10,28.83,74.67,-0.01,-0.018,0
2026-04-27 02:58:15,28.82,74.42,-0.002,-0.05,0
2026-04-27 02:58:20,28.75,74.23,-0.014,-0.038,0
2026-04-27 02:58:25,28.67,74.8,-0.016,0.114,0
2026-04-27 02:58:30,28.88,74.63,0.042,-0.034,0
2026-04-27 02:58:35,28.78,74.04,-0.02,-0.118,0
2026-04-27 02:58:40,28.75,74.47,-0.006,0.086,0
2026-04-27 02:58:45,28.82,74.5,0.014,0.006,0
2026-04-27 02:58:50,28.76,74.94,-0.012,0.088,0
2026-04-27 02:58:55,28.81,75.45,0.01,0.102,0
2026-04-27 02:59:00,28.74,75.1,-0.014,-0.07,0
2026-04-27 02:59:05,28.64,74.71,-0.02,-0.078,0
2026-04-27 02:59:10,28.84,74.22,0.04,-0.098,0
2026-04-27 02:59:15,29.08,74.28,0.048,0.012,1
2026-04-27 02:59:20,29.14,74.12,0.012,-0.032,1
2026-04-27 02:59:25,29.5,73.64,0.072,-0.096,1
2026-04-27 02:59:30,29.69,73.34,0.038,-0.06,1
2026-04-27 02:59:35,29.79,73.76,0.02,0.084,1
2026-04-27 02:59:40,29.96,73.11,0.034,-0.13,1
2026-04-27 02:59:45,30.1,73.01,0.028,-0.02,1
2026-04-27 02:59:50,30.23,73.24,0.026,0.046,1
2026-04-27 02:59:55,30.28,73.25,0.01,0.002,1
2026-04-27 03:00:00,30.29,72.75,0.002,-0.1,1
2026-04-27 03:00:05,30.32,73.48,0.006,0.146,1
2026-04-27 03:00:10,30.3,73.19,-0.004,-0.058,1
2026-04-27 03:00:15,30.43,73.08,0.026,-0.022,1
2026-04-27 03:00:20,30.48,73.53,0.01,0.09,1
2026-04-27 03:00:25,30.37,72.7,-0.022,-0.166,1
2026-04-27 03:00:30,30.36,72.87,-0.002,0.034,1
2026-04-27 03:00:35,30.44,73.12,0.016,0.05,1
2026-04-27 03:00:40,30.64,73.39,0.04,0.054,1
2026-04-27 03:00:45,30.42,73.21,-0.044,-0.036,1
2026-04-27 03:00:50,30.47,73.2,0.01,-0.002,1
2026-04-27 03:00:55,30.69,73.25,0.044,0.01,1
2026-04-27 03:01:00,30.5,73.07,-0.038,-0.036,1
2026-04-27 03:01:05,30.51,72.98,0.002,-0.018,1
2026-04-27 03:01:10,29.42,72.42,-0.218,-0.112,0
2026-04-27 03:01:15,29.28,72.14,-0.028,-0.056,0
2026-04-27 03:01:20,29.29,72.46,0.002,0.064,0
2026-04-27 03:01:25,29.45,72.36,0.032,-0.02,0
2026-04-27 03:01:30,29.37,72.32,-0.016,-0.008,0
2026-04-27 03:01:35,29.2,72.57,-0.034,0.05,0
2026-04-27 03:01:40,29.24,72.71,0.008,0.028,0
2026-04-27 03:01:45,29.46,72.58,0.044,-0.026,0
2026-04-27 03:01:50,29.36,72.42,-0.02,-0.032,0
2026-04-27 03:01:55,29.25,72.81,-0.022,0.078,0
2026-04-27 03:02:00,29.33,72.31,0.016,-0.1,0
2026-04-27 03:02:05,29.23,72.39,-0.02,0.016,0
2026-04-27 03:02:10,29.39,72.65,0.032,0.052,0
2026-04-27 03:02:15,29.38,72.34,-0.002,-0.062,0
2026-04-27 03:02:20,29.3,72.42,-0.016,0.016,0
2026-04-27 03:02:25,29.42,72.56,0.024,0.028,0
2026-04-27 03:02:30,29.22,73.1,-0.04,0.108,0
2026-04-27 03:02:35,29.4,72.5,0.036,-0.12,0
2026-04-27 03:02:40,29.38,72.54,-0.004,0.008,0
2026-04-27 03:02:45,29.37,72.29,-0.002,-0.05,0
2026-04-27 03:02:50,29.3,72.35,-0.014,0.012,0
2026-04-27 03:02:55,29.28,72.05,-0.004,-0.06,0
2026-04-27 03:03:00,29.38,72.28,0.02,0.046,0
2026-04-27 03:03:05,29.24,72.07,-0.028,-0.042,0
2026-04-27 03:03:10,29.43,72.43,0.038,0.072,0
2026-04-27 03:03:15,29.28,72.42,-0.03,-0.002,0
2026-04-27 03:03:20,29.4,72.31,0.024,-0.022,0
2026-04-27 03:03:25,29.18,72.75,-0.044,0.088,0
2026-04-27 03:03:30,29.29,72.7,0.022,-0.01,0
2026-04-27 03:03:35,29.35,72.65,0.012,-0.01,0
2026-04-27 03:03:40,29.29,72.33,-0.012,-0.064,0
2026-04-27 03:03:45,29.43,72.17,0.028,-0.032,0
2026-04-27 03:03:50,31.31,71.73,0.376,-0.088,2
2026-04-27 03:03:55,32.94,70.75,0.326,-0.196,2
2026-04-27 03:04:00,34.32,70.36,0.276,-0.078,2
2026-04-27 03:04:05,35.32,70.35,0.2,-0.002,2
2026-04-27 03:04:10,36.19,69.43,0.174,-0.184,2
2026-04-27 03:04:15,36.65,69.63,0.092,0.04,2
2026-04-27 03:04:20,36.81,69.59,0.032,-0.008,2
2026-04-27 03:04:25,37.06,68.95,0.05,-0.128,2
2026-04-27 03:04:30,37.07,68.8,0.002,-0.03,2
2026-04-27 03:04:35,37.07,68.95,0.0,0.03,2
2026-04-27 03:04:40,37.13,69.28,0.012,0.066,2
2026-04-27 03:04:45,37.0,68.57,-0.026,-0.142,2
2026-04-27 03:04:50,37.04,68.53,0.008,-0.008,2
2026-04-27 03:04:55,37.34,68.2,0.06,-0.066,1
2026-04-27 03:05:00,37.79,67.95,0.09,-0.05,1
2026-04-27 03:05:05,37.92,67.71,0.026,-0.048,1
2026-04-27 03:05:10,38.09,67.55,0.034,-0.032,1
2026-04-27 03:05:15,38.35,67.59,0.052,0.008,1
2026-04-27 03:05:20,38.24,67.16,-0.022,-0.086,1
2026-04-27 03:05:25,38.42,67.04,0.036,-0.024,1
2026-04-27 03:05:30,38.41,67.25,-0.002,0.042,1
2026-04-27 03:05:35,38.54,66.85,0.026,-0.08,1
2026-04-27 03:05:40,38.62,66.87,0.016,0.004,1
2026-04-27 03:05:45,38.57,66.76,-0.01,-0.022,1
2026-04-27 03:05:50,38.55,66.94,-0.004,0.036,1
2026-04-27 03:05:55,38.61,66.75,0.012,-0.038,1
2026-04-27 03:06:00,38.6,67.09,-0.002,0.068,1
2026-04-27 03:06:05,38.57,66.85,-0.006,-0.048,1
2026-04-27 03:06:10,38.56,66.38,-0.002,-0.094,1
2026-04-27 03:06:15,28.86,70.78,-1.94,0.88,0
2026-04-27 03:06:20,28.78,70.39,-0.016,-0.078,0
2026-04-27 03:06:25,28.83,70.44,0.01,0.01,0
2026-04-27 03:06:30,28.79,70.27,-0.008,-0.034,0
2026-04-27 03:06:35,28.69,70.44,-0.02,0.034,0
2026-04-27 03:06:40,28.89,70.29,0.04,-0.03,0
2026-04-27 03:06:45,28.9,70.07,0.002,-0.044,0
2026-04-27 03:06:50,28.77,70.28,-0.026,0.042,0
2026-04-27 03:06:55,28.89,70.36,0.024,0.016,0
2026-04-27 03:07:00,28.84,70.49,-0.01,0.026,0
2026-04-27 03:07:05,28.89,70.4,0.01,-0.018,0
2026-04-27 03:07:10,28.79,70.02,-0.02,-0.076,0
2026-04-27 03:07:15,28.87,70.75,0.016,0.146,0
2026-04-27 03:07:20,28.93,70.3,0.012,-0.09,0
2026-04-27 03:07:25,28.87,69.96,-0.012,-0.068,0
2026-04-27 03:07:30,28.75,70.06,-0.024,0.02,0
2026-04-27 03:07:35,29.01,70.0,0.052,-0.012,0
2026-04-27 03:07:40,28.84,70.04,-0.034,0.008,0
2026-04-27 03:07:45,28.88,69.97,0.008,-0.014,0
2026-04-27 03:07:50,28.79,70.12,-0.018,0.03,0
2026-04-27 03:07:55,28.91,70.16,0.024,0.008,0
2026-04-27 03:08:00,28.87,70.55,-0.008,0.078,0
2026-04-27 03:08:05,28.78,70.46,-0.018,-0.018,0
2026-04-27 03:08:10,28.8,70.0,0.004,-0.092,0
2026-04-27 03:08:15,28.96,70.25,0.032,0.05,0
2026-04-27 03:08:20,28.85,70.17,-0.022,-0.016,0
2026-04-27 03:08:25,28.92,69.8,0.014,-0.074,0
2026-04-27 03:08:30,28.87,70.22,-0.01,0.084,0
2026-04-27 03:08:35,28.78,70.39,-0.018,0.034,0
2026-04-27 03:08:40,28.81,70.04,0.006,-0.07,0
2026-04-27 03:08:45,28.78,70.15,-0.006,0.022,0
2026-04-27 03:08:50,29.02,70.3,0.048,0.03,0
2026-04-27 03:08:55,28.79,70.49,-0.046,0.038,0
2026-04-27 03:09:00,28.7,70.06,-0.018,-0.086,0
2026-04-27 03:09:05,28.71,70.59,0.002,0.106,0
2026-04-27 03:09:10,30.75,68.82,0.408,-0.354,2
2026-04-27 03:09:15,32.43,67.71,0.336,-0.222,2
2026-04-27 03:09:20,33.95,66.64,0.304,-0.214,2
2026-04-27 03:09:25,34.81,66.09,0.172,-0.11,2
2026-04-27 03:09:30,35.53,65.59,0.144,-0.1,2
2026-04-27 03:09:35,36.0,65.01,0.094,-0.116,2
2026-04-27 03:09:40,36.3,64.54,0.06,-0.094,2
2026-04-27 03:09:45,36.13,64.1,-0.034,-0.088,2
2026-04-27 03:09:50,36.27,64.49,0.028,0.078,2
2026-04-27 03:09:55,36.16,63.97,-0.022,-0.104,2
2026-04-27 03:10:00,36.24,63.49,0.016,-0.096,2
2026-04-27 03:10:05,36.25,63.42,0.002,-0.014,2
2026-04-27 03:10:10,36.33,63.89,0.016,0.094,2
2026-04-27 03:10:15,36.47,63.05,0.028,-0.168,1
2026-04-27 03:10:20,36.64,62.59,0.034,-0.092,1
2026-04-27 03:10:25,36.75,62.36,0.022,-0.046,1
2026-04-27 03:10:30,36.8,62.07,0.01,-0.058,1
2026-04-27 03:10:35,36.85,62.71,0.01,0.128,1
2026-04-27 03:10:40,36.96,61.71,0.022,-0.2,1
2026-04-27 03:10:45,36.98,61.81,0.004,0.02,1
2026-04-27 03:10:50,37.04,61.75,0.012,-0.012,1
2026-04-27 03:10:55,37.21,61.25,0.034,-0.1,1
2026-04-27 03:11:00,37.23,61.4,0.004,0.03,1
2026-04-27 03:11:05,37.28,61.36,0.01,-0.008,1
2026-04-27 03:11:10,28.74,71.11,-1.708,1.95,0
2026-04-27 03:11:15,28.71,71.02,-0.006,-0.018,0
2026-04-27 03:11:20,28.64,71.3,-0.014,0.056,0
2026-04-27 03:11:25,28.81,70.96,0.034,-0.068,0
2026-04-27 03:11:30,28.7,71.39,-0.022,0.086,0
2026-04-27 03:11:35,28.61,71.26,-0.018,-0.026,0
2026-04-27 03:11:40,28.66,71.54,0.01,0.056,0
2026-04-27 03:11:45,28.64,71.24,-0.004,-0.06,0
2026-04-27 03:11:50,28.68,71.51,0.008,0.054,0
2026-04-27 03:11:55,28.76,71.12,0.016,-0.078,0
2026-04-27 03:12:00,28.63,71.25,-0.026,0.026,0
2026-04-27 03:12:05,28.7,71.45,0.014,0.04,0
2026-04-27 03:12:10,28.67,71.51,-0.006,0.012,0
2026-04-27 03:12:15,28.61,71.11,-0.012,-0.08,0
2026-04-27 03:12:20,28.63,71.45,0.004,0.068,0
2026-04-27 03:12:25,28.7,71.35,0.014,-0.02,0
2026-04-27 03:12:30,28.74,71.12,0.008,-0.046,0
2026-04-27 03:12:35,28.72,71.2,-0.004,0.016,0
2026-04-27 03:12:40,28.75,71.12,0.006,-0.016,0
2026-04-27 03:12:45,28.77,71.43,0.004,0.062,0
2026-04-27 03:12:50,28.81,71.11,0.008,-0.064,0
2026-04-27 03:12:55,28.67,71.23,-0.028,0.024,0
2026-04-27 03:13:00,28.74,71.04,0.014,-0.038,0
2026-04-27 03:13:05,28.73,71.1,-0.002,0.012,0
2026-04-27 03:13:10,28.68,71.46,-0.01,0.072,0
2026-04-27 03:13:15,28.75,71.44,0.014,-0.004,0
2026-04-27 03:13:20,28.79,71.11,0.008,-0.066,0
2026-04-27 03:13:25,28.8,70.92,0.002,-0.038,0
2026-04-27 03:13:30,28.69,71.05,-0.022,0.026,0
2026-04-27 03:13:35,28.77,72.03,0.016,0.196,1
2026-04-27 03:13:40,28.89,72.23,0.024,0.04,1
2026-04-27 03:13:45,28.78,72.5,-0.022,0.054,1
2026-04-27 03:13:50,28.77,73.07,-0.002,0.114,1
2026-04-27 03:13:55,28.82,73.37,0.01,0.06,1
2026-04-27 03:14:00,28.77,73.18,-0.01,-0.038,1
2026-04-27 03:14:05,28.82,73.46,0.01,0.056,1
2026-04-27 03:14:10,28.97,74.11,0.03,0.13,1
2026-04-27 03:14:15,29.06,74.34,0.018,0.046,1
2026-04-27 03:14:20,28.81,74.37,-0.05,0.006,1
2026-04-27 03:14:25,29.06,73.99,0.05,-0.076,1
2026-04-27 03:14:30,29.06,74.29,0.0,0.06,1
2026-04-27 03:14:35,29.03,74.4,-0.006,0.022,1
2026-04-27 03:14:40,29.06,74.35,0.006,-0.01,1
2026-04-27 03:14:45,28.88,74.96,-0.036,0.122,1
2026-04-27 03:14:50,28.93,74.63,0.01,-0.066,1
2026-04-27 03:14:55,29.18,74.77,0.05,0.028,1
2026-04-27 03:15:00,29.0,74.63,-0.036,-0.028,1
2026-04-27 03:15:05,29.02,74.73,0.004,0.02,1
2026-04-27 03:15:10,29.15,74.49,0.026,-0.048,1
2026-04-27 03:15:15,29.12,74.47,-0.006,-0.004,1
2026-04-27 03:15:20,29.14,74.54,0.004,0.014,1
2026-04-27 03:15:25,29.06,74.61,-0.016,0.014,1
2026-04-27 03:15:30,29.23,74.81,0.034,0.04,1
2026-04-27 03:15:35,29.15,74.53,-0.016,-0.056,1
2026-04-27 03:15:40,29.2,74.75,0.01,0.044,1
2026-04-27 03:15:45,29.1,74.84,-0.02,0.018,1
2026-04-27 03:15:50,29.18,74.61,0.016,-0.046,1
2026-04-27 03:15:55,28.6,71.99,-0.116,-0.524,0
2026-04-27 03:16:00,28.6,71.92,0.0,-0.014,0
2026-04-27 03:16:05,28.55,72.14,-0.01,0.044,0
2026-04-27 03:16:10,28.73,71.7,0.036,-0.088,0
2026-04-27 03:16:15,28.54,71.41,-0.038,-0.058,0
2026-04-27 03:16:20,28.75,71.65,0.042,0.048,0
2026-04-27 03:16:25,28.69,71.12,-0.012,-0.106,0
2026-04-27 03:16:30,28.83,71.09,0.028,-0.006,0
2026-04-27 03:16:35,28.59,71.74,-0.048,0.13,0
2026-04-27 03:16:40,28.64,71.61,0.01,-0.026,0
2026-04-27 03:16:45,28.66,71.43,0.004,-0.036,0
2026-04-27 03:16:50,28.64,71.86,-0.004,0.086,0
2026-04-27 03:16:55,28.78,71.69,0.028,-0.034,0
2026-04-27 03:17:00,28.74,71.44,-0.008,-0.05,0
2026-04-27 03:17:05,28.72,72.07,-0.004,0.126,0
2026-04-27 03:17:10,28.78,71.23,0.012,-0.168,0
2026-04-27 03:17:15,28.61,71.49,-0.034,0.052,0
2026-04-27 03:17:20,28.65,70.94,0.008,-0.11,0
2026-04-27 03:17:25,28.59,71.09,-0.012,0.03,0
2026-04-27 03:17:30,28.84,71.36,0.05,0.054,0
2026-04-27 03:17:35,28.75,71.21,-0.018,-0.03,0
2026-04-27 03:17:40,28.73,71.55,-0.004,0.068,0
2026-04-27 03:17:45,28.67,71.44,-0.012,-0.022,0
2026-04-27 03:17:50,28.66,71.79,-0.002,0.07,0
2026-04-27 03:17:55,28.71,71.39,0.01,-0.08,0
2026-04-27 03:18:00,28.7,71.15,-0.002,-0.048,0
2026-04-27 03:18:05,28.64,71.57,-0.012,0.084,0
2026-04-27 03:18:10,28.74,71.32,0.02,-0.05,0
2026-04-27 03:18:15,28.73,71.57,-0.002,0.05,0
2026-04-27 03:18:20,28.74,71.48,0.002,-0.018,0
2026-04-27 03:18:25,28.7,71.26,-0.008,-0.044,0
2026-04-27 03:18:30,28.64,71.25,-0.012,-0.002,0
2026-04-27 03:18:35,28.64,71.56,0.0,0.062,0
2026-04-27 03:18:40,28.76,71.9,0.024,0.068,0
2026-04-27 03:18:45,28.71,71.52,-0.01,-0.076,0
2026-04-27 03:18:50,28.68,71.66,-0.006,0.028,0
2026-04-27 03:18:55,28.88,71.71,0.04,0.01,0
2026-04-27 03:19:00,33.83,68.92,0.99,-0.558,2
2026-04-27 03:19:05,37.61,66.96,0.756,-0.392,2
2026-04-27 03:19:10,40.14,66.01,0.506,-0.19,2
2026-04-27 03:19:15,41.86,65.3,0.344,-0.142,2
2026-04-27 03:19:20,42.77,64.37,0.182,-0.186,2
2026-04-27 03:19:25,42.98,64.88,0.042,0.102,2
2026-04-27 03:19:30,43.3,64.12,0.064,-0.152,2
2026-04-27 03:19:35,43.52,63.71,0.044,-0.082,2
2026-04-27 03:19:40,43.43,64.1,-0.018,0.078,2
2026-04-27 03:19:45,43.37,63.81,-0.012,-0.058,2
2026-04-27 03:19:50,43.27,63.93,-0.02,0.024,2
2026-04-27 03:19:55,43.24,63.74,-0.006,-0.038,2
2026-04-27 03:20:00,43.52,63.08,0.056,-0.132,1
2026-04-27 03:20:05,43.86,63.08,0.068,0.0,1
2026-04-27 03:20:10,44.13,62.33,0.054,-0.15,1
2026-04-27 03:20:15,44.22,62.78,0.018,0.09,1
2026-04-27 03:20:20,44.07,61.77,-0.03,-0.202,1
2026-04-27 03:20:25,44.29,62.46,0.044,0.138,1
2026-04-27 03:20:30,44.07,62.29,-0.044,-0.034,1
2026-04-27 03:20:35,44.19,62.08,0.024,-0.042,1
2026-04-27 03:20:40,44.26,61.97,0.014,-0.022,1
2026-04-27 03:20:45,44.23,61.87,-0.006,-0.02,1
2026-04-27 03:20:50,44.33,62.43,0.02,0.112,1
2026-04-27 03:20:55,44.3,61.51,-0.006,-0.184,1
2026-04-27 03:21:00,44.31,61.42,0.002,-0.018,1
2026-04-27 03:21:05,29.24,71.65,-3.014,2.046,0
2026-04-27 03:21:10,29.09,72.01,-0.03,0.072,0
2026-04-27 03:21:15,29.22,71.81,0.026,-0.04,0
2026-04-27 03:21:20,29.21,71.72,-0.002,-0.018,0
2026-04-27 03:21:25,29.13,72.08,-0.016,0.072,0
2026-04-27 03:21:30,29.14,72.24,0.002,0.032,0
2026-04-27 03:21:35,29.15,71.74,0.002,-0.1,0
2026-04-27 03:21:40,29.25,71.62,0.02,-0.024,0
2026-04-27 03:21:45,29.2,71.55,-0.01,-0.014,0
2026-04-27 03:21:50,29.21,71.98,0.002,0.086,0
2026-04-27 03:21:55,29.09,71.85,-0.024,-0.026,0
2026-04-27 03:22:00,29.23,71.55,0.028,-0.06,0
2026-04-27 03:22:05,29.19,71.87,-0.008,0.064,0
2026-04-27 03:22:10,29.31,71.2,0.024,-0.134,0
2026-04-27 03:22:15,29.19,71.95,-0.024,0.15,0
2026-04-27 03:22:20,29.25,71.79,0.012,-0.032,0
2026-04-27 03:22:25,29.15,71.71,-0.02,-0.016,0
2026-04-27 03:22:30,29.38,72.14,0.046,0.086,0
2026-04-27 03:22:35,29.1,71.9,-0.056,-0.048,0
2026-04-27 03:22:40,29.24,71.81,0.028,-0.018,0
2026-04-27 03:22:45,29.2,71.67,-0.008,-0.028,0
2026-04-27 03:22:50,29.25,72.08,0.01,0.082,0
2026-04-27 03:22:55,29.33,72.1,0.016,0.004,0
2026-04-27 03:23:00,29.25,71.8,-0.016,-0.06,0
2026-04-27 03:23:05,29.2,71.5,-0.01,-0.06,0
2026-04-27 03:23:10,29.25,71.99,0.01,0.098,0
2026-04-27 03:23:15,29.41,71.59,0.032,-0.08,0
2026-04-27 03:23:20,29.19,71.98,-0.044,0.078,0
2026-04-27 03:23:25,29.16,71.93,-0.006,-0.01,0
2026-04-27 03:23:30,29.08,71.57,-0.016,-0.072,0
2026-04-27 03:23:35,29.29,71.72,0.042,0.03,0
2026-04-27 03:23:40,29.21,71.17,-0.016,-0.11,0
2026-04-27 03:23:45,29.12,71.83,-0.018,0.132,0
2026-04-27 03:23:50,29.2,71.61,0.016,-0.044,0
2026-04-27 03:23:55,29.07,71.48,-0.026,-0.026,0
2026-04-27 03:24:00,29.2,71.57,0.026,0.018,0
2026-04-27 03:24:05,29.18,71.79,-0.004,0.044,1
2026-04-27 03:24:10,29.19,71.61,0.002,-0.036,1
2026-04-27 03:24:15,29.27,71.69,0.016,0.016,1
2026-04-27 03:24:20,29.33,71.51,0.012,-0.036,1
2026-04-27 03:24:25,29.22,71.17,-0.022,-0.068,1
2026-04-27 03:24:30,29.3,72.2,0.016,0.206,1
2026-04-27 03:24:35,29.15,71.7,-0.03,-0.1,1
2026-04-27 03:24:40,29.11,72.07,-0.008,0.074,1
2026-04-27 03:24:45,29.13,71.48,0.004,-0.118,1
2026-04-27 03:24:50,29.41,71.66,0.056,0.036,0
2026-04-27 03:24:55,29.19,71.52,-0.044,-0.028,0
2026-04-27 03:25:00,29.43,71.92,0.048,0.08,0
2026-04-27 03:25:05,29.43,71.49,0.0,-0.086,0
2026-04-27 03:25:10,29.29,72.45,-0.028,0.192,0
2026-04-27 03:25:15,29.29,72.04,0.0,-0.082,0
2026-04-27 03:25:20,29.28,72.38,-0.002,0.068,0
2026-04-27 03:25:25,29.37,72.24,0.018,-0.028,0
2026-04-27 03:25:30,29.29,72.36,-0.016,0.024,0
2026-04-27 03:25:35,29.33,71.84,0.008,-0.104,0
2026-04-27 03:25:40,29.5,72.46,0.034,0.124,0
2026-04-27 03:25:45,29.41,72.39,-0.018,-0.014,0
2026-04-27 03:25:50,29.3,72.26,-0.022,-0.026,0
2026-04-27 03:25:55,29.31,72.02,0.002,-0.048,0
2026-04-27 03:26:00,29.42,72.28,0.022,0.052,0
2026-04-27 03:26:05,29.37,72.46,-0.01,0.036,0
2026-04-27 03:26:10,29.43,72.87,0.012,0.082,0
2026-04-27 03:26:15,29.38,72.4,-0.01,-0.094,0
2026-04-27 03:26:20,28.72,75.35,-0.132,0.59,0
2026-04-27 03:26:25,28.65,74.17,-0.014,-0.236,0
2026-04-27 03:26:30,28.8,74.41,0.03,0.048,0
2026-04-27 03:26:35,28.73,74.67,-0.014,0.052,0
2026-04-27 03:26:40,28.77,74.67,0.008,0.0,0
2026-04-27 03:26:45,28.6,74.69,-0.034,0.004,0
2026-04-27 03:26:50,28.66,75.12,0.012,0.086,0
2026-04-27 03:26:55,28.65,74.76,-0.002,-0.072,0
2026-04-27 03:27:00,28.67,74.53,0.004,-0.046,0
2026-04-27 03:27:05,28.7,74.25,0.006,-0.056,0
2026-04-27 03:27:10,28.76,74.71,0.012,0.092,0
2026-04-27 03:27:15,28.84,74.26,0.016,-0.09,0
2026-04-27 03:27:20,28.74,74.52,-0.02,0.052,0
2026-04-27 03:27:25,28.66,74.62,-0.016,0.02,0
2026-04-27 03:27:30,28.62,75.05,-0.008,0.086,0
2026-04-27 03:27:35,28.67,74.68,0.01,-0.074,0
2026-04-27 03:27:40,28.78,74.36,0.022,-0.064,0
2026-04-27 03:27:45,28.66,74.7,-0.024,0.068,0
2026-04-27 03:27:50,28.8,74.78,0.028,0.016,0
2026-04-27 03:27:55,28.64,75.02,-0.032,0.048,0
2026-04-27 03:28:00,28.74,74.84,0.02,-0.036,0
2026-04-27 03:28:05,28.69,74.87,-0.01,0.006,0
2026-04-27 03:28:10,28.89,74.7,0.04,-0.034,0
2026-04-27 03:28:15,28.64,74.92,-0.05,0.044,0
2026-04-27 03:28:20,28.72,74.52,0.016,-0.08,0
2026-04-27 03:28:25,28.7,74.84,-0.004,0.064,0
2026-04-27 03:28:30,28.71,74.94,0.002,0.02,0
2026-04-27 03:28:35,28.7,74.39,-0.002,-0.11,0
2026-04-27 03:28:40,28.74,74.49,0.008,0.02,0
2026-04-27 03:28:45,28.77,74.97,0.006,0.096,0
2026-04-27 03:28:50,28.72,75.13,-0.01,0.032,0
2026-04-27 03:28:55,28.69,74.34,-0.006,-0.158,0
2026-04-27 03:29:00,28.73,74.94,0.008,0.12,0
2026-04-27 03:29:05,28.75,75.14,0.004,0.04,0
2026-04-27 03:29:10,28.73,74.4,-0.004,-0.148,0
2026-04-27 03:29:15,28.61,74.9,-0.024,0.1,0
2026-04-27 03:29:20,28.75,75.08,0.028,0.036,0
2026-04-27 03:29:25,28.73,75.12,-0.004,0.008,0
2026-04-27 03:29:30,28.76,74.92,0.006,-0.04,0
2026-04-27 03:29:35,28.64,74.59,-0.024,-0.066,0
2026-04-27 03:29:40,28.7,74.34,0.012,-0.05,0
2026-04-27 03:29:45,28.67,75.06,-0.006,0.144,0
2026-04-27 03:29:50,30.93,72.94,0.452,-0.424,2
2026-04-27 03:29:55,33.02,71.16,0.418,-0.356,2
2026-04-27 03:30:00,34.59,70.42,0.314,-0.148,2
2026-04-27 03:30:05,35.91,69.25,0.264,-0.234,2
2026-04-27 03:30:10,36.52,68.71,0.122,-0.108,2
2026-04-27 03:30:15,37.05,68.33,0.106,-0.076,2
2026-04-27 03:30:20,37.3,67.35,0.05,-0.196,2
2026-04-27 03:30:25,37.3,67.12,0.0,-0.046,2
2026-04-27 03:30:30,37.51,66.58,0.042,-0.108,2
2026-04-27 03:30:35,37.59,66.34,0.016,-0.048,2
2026-04-27 03:30:40,37.65,66.44,0.012,0.02,2
2026-04-27 03:30:45,37.73,65.93,0.016,-0.102,2
2026-04-27 03:30:50,37.77,65.77,0.008,-0.032,2
2026-04-27 03:30:55,37.98,65.9,0.042,0.026,1
2026-04-27 03:31:00,38.18,65.54,0.04,-0.072,1
2026-04-27 03:31:05,38.46,64.98,0.056,-0.112,1
2026-04-27 03:31:10,38.72,64.52,0.052,-0.092,1
2026-04-27 03:31:15,38.59,64.02,-0.026,-0.1,1
2026-04-27 03:31:20,38.83,64.03,0.048,0.002,1
2026-04-27 03:31:25,38.82,64.03,-0.002,0.0,1
2026-04-27 03:31:30,38.96,63.57,0.028,-0.092,1
2026-04-27 03:31:35,38.89,63.59,-0.014,0.004,1
2026-04-27 03:31:40,39.09,63.71,0.04,0.024,1
2026-04-27 03:31:45,38.99,63.79,-0.02,0.016,1
2026-04-27 03:31:50,39.06,63.3,0.014,-0.098,1
2026-04-27 03:31:55,38.98,63.09,-0.016,-0.042,1
2026-04-27 03:32:00,29.3,72.82,-1.936,1.946,0
2026-04-27 03:32:05,29.23,73.11,-0.014,0.058,0
2026-04-27 03:32:10,29.26,72.44,0.006,-0.134,0
2026-04-27 03:32:15,29.31,72.31,0.01,-0.026,0
2026-04-27 03:32:20,29.36,72.85,0.01,0.108,0
2026-04-27 03:32:25,29.34,72.26,-0.004,-0.118,0
2026-04-27 03:32:30,29.3,72.38,-0.008,0.024,0
2026-04-27 03:32:35,29.26,72.31,-0.008,-0.014,0
2026-04-27 03:32:40,29.29,72.41,0.006,0.02,0
2026-04-27 03:32:45,29.43,72.21,0.028,-0.04,0
2026-04-27 03:32:50,29.44,72.43,0.002,0.044,0
2026-04-27 03:32:55,29.29,72.55,-0.03,0.024,0
2026-04-27 03:33:00,29.33,72.11,0.008,-0.088,0
2026-04-27 03:33:05,29.26,72.22,-0.014,0.022,0
2026-04-27 03:33:10,29.32,72.37,0.012,0.03,0
2026-04-27 03:33:15,29.31,72.05,-0.002,-0.064,0
2026-04-27 03:33:20,29.19,71.99,-0.024,-0.012,0
2026-04-27 03:33:25,29.44,71.89,0.05,-0.02,0
2026-04-27 03:33:30,29.29,72.43,-0.03,0.108,0
2026-04-27 03:33:35,29.24,72.44,-0.01,0.002,0
2026-04-27 03:33:40,29.27,72.2,0.006,-0.048,0
2026-04-27 03:33:45,29.39,72.08,0.024,-0.024,0
2026-04-27 03:33:50,29.26,72.29,-0.026,0.042,0
2026-04-27 03:33:55,29.33,72.42,0.014,0.026,0
2026-04-27 03:34:00,29.32,72.91,-0.002,0.098,1
2026-04-27 03:34:05,29.37,73.06,0.01,0.03,1
2026-04-27 03:34:10,29.37,73.93,0.0,0.174,1
2026-04-27 03:34:15,29.51,74.59,0.028,0.132,1
2026-04-27 03:34:20,29.38,74.44,-0.026,-0.03,1
2026-04-27 03:34:25,29.41,74.71,0.006,0.054,1
2026-04-27 03:34:30,29.52,74.73,0.022,0.004,1
2026-04-27 03:34:35,29.57,75.85,0.01,0.224,1
2026-04-27 03:34:40,29.48,75.35,-0.018,-0.1,1
2026-04-27 03:34:45,29.44,75.54,-0.008,0.038,1
2026-04-27 03:34:50,29.4,75.54,-0.008,0.0,1
2026-04-27 03:34:55,29.43,75.9,0.006,0.072,1
2026-04-27 03:35:00,29.49,75.54,0.012,-0.072,1
2026-04-27 03:35:05,29.54,75.53,0.01,-0.002,1
2026-04-27 03:35:10,29.5,75.67,-0.008,0.028,1
2026-04-27 03:35:15,29.54,75.41,0.008,-0.052,1
2026-04-27 03:35:20,29.53,75.64,-0.002,0.046,1
2026-04-27 03:35:25,29.5,75.72,-0.006,0.016,1
2026-04-27 03:35:30,29.64,75.7,0.028,-0.004,1
2026-04-27 03:35:35,29.57,75.6,-0.014,-0.02,1
2026-04-27 03:35:40,29.58,76.16,0.002,0.112,1
2026-04-27 03:35:45,29.78,75.88,0.04,-0.056,1
2026-04-27 03:35:50,29.56,75.48,-0.044,-0.08,1
2026-04-27 03:35:55,29.55,76.11,-0.002,0.126,1
2026-04-27 03:36:00,29.45,76.06,-0.02,-0.01,1
2026-04-27 03:36:05,29.62,75.96,0.034,-0.02,1
2026-04-27 03:36:10,29.64,75.56,0.004,-0.08,1
2026-04-27 03:36:15,28.76,71.2,-0.176,-0.872,0
2026-04-27 03:36:20,28.67,71.36,-0.018,0.032,0
2026-04-27 03:36:25,28.8,70.95,0.026,-0.082,0
2026-04-27 03:36:30,28.78,71.24,-0.004,0.058,0
2026-04-27 03:36:35,28.67,71.53,-0.022,0.058,0
2026-04-27 03:36:40,28.8,71.41,0.026,-0.024,0
2026-04-27 03:36:45,28.83,71.01,0.006,-0.08,0
2026-04-27 03:36:50,28.71,71.14,-0.024,0.026,0
2026-04-27 03:36:55,28.77,71.24,0.012,0.02,0
2026-04-27 03:37:00,28.73,71.19,-0.008,-0.01,0
2026-04-27 03:37:05,28.76,70.98,0.006,-0.042,0
2026-04-27 03:37:10,28.8,71.37,0.008,0.078,0
2026-04-27 03:37:15,28.7,71.3,-0.02,-0.014,0
2026-04-27 03:37:20,28.73,71.05,0.006,-0.05,0
2026-04-27 03:37:25,28.68,70.84,-0.01,-0.042,0
2026-04-27 03:37:30,28.75,71.4,0.014,0.112,0
2026-04-27 03:37:35,28.67,71.09,-0.016,-0.062,0
2026-04-27 03:37:40,28.8,70.42,0.026,-0.134,0
2026-04-27 03:37:45,28.92,71.03,0.024,0.122,0
2026-04-27 03:37:50,28.71,71.4,-0.042,0.074,0
2026-04-27 03:37:55,28.8,71.4,0.018,0.0,0
2026-04-27 03:38:00,28.59,71.19,-0.042,-0.042,0
2026-04-27 03:38:05,28.84,71.22,0.05,0.006,0
2026-04-27 03:38:10,28.73,71.3,-0.022,0.016,0
2026-04-27 03:38:15,28.64,71.44,-0.018,0.028,0
2026-04-27 03:38:20,28.79,71.28,0.03,-0.032,0
2026-04-27 03:38:25,28.74,71.11,-0.01,-0.034,0
2026-04-27 03:38:30,28.85,70.81,0.022,-0.06,0
2026-04-27 03:38:35,28.69,71.49,-0.032,0.136,0
2026-04-27 03:38:40,28.8,70.98,0.022,-0.102,0
2026-04-27 03:38:45,28.67,70.76,-0.026,-0.044,0
2026-04-27 03:38:50,28.76,71.07,0.018,0.062,0
2026-04-27 03:38:55,28.8,70.65,0.008,-0.084,0
2026-04-27 03:39:00,28.71,71.34,-0.018,0.138,0
2026-04-27 03:39:05,28.81,71.16,0.02,-0.036,0
2026-04-27 03:39:10,28.69,71.11,-0.024,-0.01,0
2026-04-27 03:39:15,28.6,70.52,-0.018,-0.118,0
2026-04-27 03:39:20,28.77,71.45,0.034,0.186,0
2026-04-27 03:39:25,28.87,71.04,0.02,-0.082,0
2026-04-27 03:39:30,28.62,71.28,-0.05,0.048,0
2026-04-27 03:39:35,28.89,71.08,0.054,-0.04,0
2026-04-27 03:39:40,28.73,70.98,-0.032,-0.02,0
2026-04-27 03:39:45,28.79,71.01,0.012,0.006,0
2026-04-27 03:39:50,28.82,71.14,0.006,0.026,0
2026-04-27 03:39:55,28.81,71.41,-0.002,0.054,0
2026-04-27 03:40:00,28.91,71.01,0.02,-0.08,0
2026-04-27 03:40:05,30.2,70.09,0.258,-0.184,2
2026-04-27 03:40:10,31.1,69.37,0.18,-0.144,2
2026-04-27 03:40:15,31.98,68.64,0.176,-0.146,2
2026-04-27 03:40:20,32.91,67.81,0.186,-0.166,2
2026-04-27 03:40:25,33.26,68.04,0.07,0.046,2
2026-04-27 03:40:30,33.54,67.49,0.056,-0.11,1
2026-04-27 03:40:35,33.54,66.73,0.0,-0.152,1
2026-04-27 03:40:40,33.65,66.51,0.022,-0.044,1
2026-04-27 03:40:45,33.93,66.5,0.056,-0.002,1
2026-04-27 03:40:50,33.92,66.14,-0.002,-0.072,1
2026-04-27 03:40:55,33.89,66.03,-0.006,-0.022,1
2026-04-27 03:41:00,34.14,65.67,0.05,-0.072,1
2026-04-27 03:41:05,34.21,65.77,0.014,0.02,1
2026-04-27 03:41:10,34.09,65.28,-0.024,-0.098,1
2026-04-27 03:41:15,34.26,65.48,0.034,0.04,1
2026-04-27 03:41:20,34.1,66.27,-0.032,0.158,1
2026-04-27 03:41:25,34.27,65.07,0.034,-0.24,1
2026-04-27 03:41:30,34.09,65.21,-0.036,0.028,1
2026-04-27 03:41:35,28.79,72.95,-1.06,1.548,0
2026-04-27 03:41:40,28.81,72.62,0.004,-0.066,0
2026-04-27 03:41:45,28.99,73.0,0.036,0.076,0
2026-04-27 03:41:50,28.84,72.73,-0.03,-0.054,0
2026-04-27 03:41:55,28.74,72.95,-0.02,0.044,0
2026-04-27 03:42:00,28.91,72.97,0.034,0.004,0
2026-04-27 03:42:05,28.89,72.7,-0.004,-0.054,0
2026-04-27 03:42:10,28.95,72.95,0.012,0.05,0
2026-04-27 03:42:15,28.89,72.8,-0.012,-0.03,0
2026-04-27 03:42:20,28.91,72.68,0.004,-0.024,0
2026-04-27 03:42:25,28.81,72.62,-0.02,-0.012,0
2026-04-27 03:42:30,28.8,73.12,-0.002,0.1,0
2026-04-27 03:42:35,29.06,72.91,0.052,-0.042,0
2026-04-27 03:42:40,29.0,72.78,-0.012,-0.026,0
2026-04-27 03:42:45,29.01,72.77,0.002,-0.002,0
2026-04-27 03:42:50,29.02,73.25,0.002,0.096,0
2026-04-27 03:42:55,28.99,72.59,-0.006,-0.132,0
2026-04-27 03:43:00,29.04,72.39,0.01,-0.04,0
2026-04-27 03:43:05,28.99,72.64,-0.01,0.05,0
2026-04-27 03:43:10,29.03,72.98,0.008,0.068,0
2026-04-27 03:43:15,29.12,72.67,0.018,-0.062,0
2026-04-27 03:43:20,29.07,72.64,-0.01,-0.006,0
2026-04-27 03:43:25,28.94,72.7,-0.026,0.012,0
2026-04-27 03:43:30,29.0,73.07,0.012,0.074,0
2026-04-27 03:43:35,29.03,72.69,0.006,-0.076,0
2026-04-27 03:43:40,29.08,72.64,0.01,-0.01,0
2026-04-27 03:43:45,28.93,72.5,-0.03,-0.028,0
2026-04-27 03:43:50,29.04,72.62,0.022,0.024,0
2026-04-27 03:43:55,28.96,72.7,-0.016,0.016,0
2026-04-27 03:44:00,29.06,72.41,0.02,-0.058,0
2026-04-27 03:44:05,28.96,73.26,-0.02,0.17,0
2026-04-27 03:44:10,29.03,72.51,0.014,-0.15,0
2026-04-27 03:44:15,28.99,73.19,-0.008,0.136,0
2026-04-27 03:44:20,29.07,72.77,0.016,-0.084,0
2026-04-27 03:44:25,28.92,72.32,-0.03,-0.09,0
2026-04-27 03:44:30,29.06,73.03,0.028,0.142,0
2026-04-27 03:44:35,29.01,73.16,-0.01,0.026,0
2026-04-27 03:44:40,29.07,72.92,0.012,-0.048,0
2026-04-27 03:44:45,29.09,72.8,0.004,-0.024,0
2026-04-27 03:44:50,29.15,72.56,0.012,-0.048,0
2026-04-27 03:44:55,29.06,72.69,-0.018,0.026,0
2026-04-27 03:45:00,29.08,72.35,0.004,-0.068,0
2026-04-27 03:45:05,29.21,72.17,0.026,-0.036,1
2026-04-27 03:45:10,29.5,72.16,0.058,-0.002,1
2026-04-27 03:45:15,29.71,71.46,0.042,-0.14,1
2026-04-27 03:45:20,29.98,70.71,0.054,-0.15,1
2026-04-27 03:45:25,30.07,70.69,0.018,-0.004,1
2026-04-27 03:45:30,30.42,70.72,0.07,0.006,1
2026-04-27 03:45:35,30.53,70.56,0.022,-0.032,1
2026-04-27 03:45:40,30.65,70.51,0.024,-0.01,1
2026-04-27 03:45:45,30.76,70.03,0.022,-0.096,1
2026-04-27 03:45:50,30.93,69.84,0.034,-0.038,1
2026-04-27 03:45:55,31.23,69.65,0.06,-0.038,1
2026-04-27 03:46:00,31.26,70.0,0.006,0.07,1
2026-04-27 03:46:05,31.25,69.37,-0.002,-0.126,1
2026-04-27 03:46:10,31.18,69.87,-0.014,0.1,1
2026-04-27 03:46:15,31.3,69.79,0.024,-0.016,1
2026-04-27 03:46:20,31.07,69.81,-0.046,0.004,1
2026-04-27 03:46:25,31.27,70.33,0.04,0.104,1
2026-04-27 03:46:30,31.31,69.96,0.008,-0.074,1
2026-04-27 03:46:35,31.25,70.03,-0.012,0.014,1
2026-04-27 03:46:40,31.23,69.75,-0.004,-0.056,1
2026-04-27 03:46:45,31.35,69.6,0.024,-0.03,1
2026-04-27 03:46:50,31.32,70.24,-0.006,0.128,1
2026-04-27 03:46:55,31.37,70.17,0.01,-0.014,1
2026-04-27 03:47:00,31.24,69.98,-0.026,-0.038,1
2026-04-27 03:47:05,31.27,69.75,0.006,-0.046,1
2026-04-27 03:47:10,31.23,70.29,-0.008,0.108,1
2026-04-27 03:47:15,29.19,70.67,-0.408,0.076,0
2026-04-27 03:47:20,29.37,70.23,0.036,-0.088,0
2026-04-27 03:47:25,29.42,70.6,0.01,0.074,0
2026-04-27 03:47:30,29.38,70.65,-0.008,0.01,0
2026-04-27 03:47:35,29.43,70.82,0.01,0.034,0
2026-04-27 03:47:40,29.28,70.69,-0.03,-0.026,0
2026-04-27 03:47:45,29.3,70.75,0.004,0.012,0
2026-04-27 03:47:50,29.45,70.71,0.03,-0.008,0
2026-04-27 03:47:55,29.44,70.78,-0.002,0.014,0
2026-04-27 03:48:00,29.35,71.15,-0.018,0.074,0
2026-04-27 03:48:05,29.29,70.52,-0.012,-0.126,0
2026-04-27 03:48:10,29.46,70.99,0.034,0.094,0
2026-04-27 03:48:15,29.37,70.82,-0.018,-0.034,0
2026-04-27 03:48:20,29.27,70.8,-0.02,-0.004,0
2026-04-27 03:48:25,29.45,70.54,0.036,-0.052,0
2026-04-27 03:48:30,29.37,70.63,-0.016,0.018,0
2026-04-27 03:48:35,29.35,70.36,-0.004,-0.054,0
2026-04-27 03:48:40,29.42,70.8,0.014,0.088,0
2026-04-27 03:48:45,29.38,70.61,-0.008,-0.038,0
2026-04-27 03:48:50,29.42,70.82,0.008,0.042,0
2026-04-27 03:48:55,29.42,70.33,0.0,-0.098,0
2026-04-27 03:49:00,29.42,71.0,0.0,0.134,0
2026-04-27 03:49:05,29.26,70.99,-0.032,-0.002,0
2026-04-27 03:49:10,29.46,70.74,0.04,-0.05,0
2026-04-27 03:49:15,29.5,70.7,0.008,-0.008,0
2026-04-27 03:49:20,29.41,70.95,-0.018,0.05,0
2026-04-27 03:49:25,29.32,71.3,-0.018,0.07,0
2026-04-27 03:49:30,29.39,71.21,0.014,-0.018,0
2026-04-27 03:49:35,29.43,70.7,0.008,-0.102,0
2026-04-27 03:49:40,29.34,71.14,-0.018,0.088,0
2026-04-27 03:49:45,29.26,70.99,-0.016,-0.03,0
2026-04-27 03:49:50,29.42,70.56,0.032,-0.086,0
2026-04-27 03:49:55,29.48,71.15,0.012,0.118,0
2026-04-27 03:50:00,29.35,71.4,-0.026,0.05,0
2026-04-27 03:50:05,29.32,70.58,-0.006,-0.164,0
2026-04-27 03:50:10,29.24,70.93,-0.016,0.07,0
2026-04-27 03:50:15,29.31,71.12,0.014,0.038,0
2026-04-27 03:50:20,29.23,70.52,-0.016,-0.12,0
2026-04-27 03:50:25,29.38,70.95,0.03,0.086,0
2026-04-27 03:50:30,29.54,70.86,0.032,-0.018,0
2026-04-27 03:50:35,29.42,70.94,-0.024,0.016,0
2026-04-27 03:50:40,29.28,70.41,-0.028,-0.106,0
2026-04-27 03:50:45,29.37,70.52,0.018,0.022,0
2026-04-27 03:50:50,30.83,69.78,0.292,-0.148,2
2026-04-27 03:50:55,32.17,68.75,0.268,-0.206,2
2026-04-27 03:51:00,33.33,67.62,0.232,-0.226,2
2026-04-27 03:51:05,34.17,66.79,0.168,-0.166,2
2026-04-27 03:51:10,34.87,66.16,0.14,-0.126,2
2026-04-27 03:51:15,35.2,65.87,0.066,-0.058,2
2026-04-27 03:51:20,35.24,65.66,0.008,-0.042,2
2026-04-27 03:51:25,35.37,65.16,0.026,-0.1,2
2026-04-27 03:51:30,35.41,64.91,0.008,-0.05,2
2026-04-27 03:51:35,35.44,65.14,0.006,0.046,2
2026-04-27 03:51:40,35.42,64.72,-0.004,-0.084,2
2026-04-27 03:51:45,35.37,64.65,-0.01,-0.014,2
2026-04-27 03:51:50,35.39,64.6,0.004,-0.01,2
2026-04-27 03:51:55,35.55,64.71,0.032,0.022,2
2026-04-27 03:52:00,35.49,63.86,-0.012,-0.17,2
2026-04-27 03:52:05,35.57,63.76,0.016,-0.02,1
2026-04-27 03:52:10,35.8,63.51,0.046,-0.05,1
2026-04-27 03:52:15,35.99,63.25,0.038,-0.052,1
2026-04-27 03:52:20,36.03,63.39,0.008,0.028,1
2026-04-27 03:52:25,36.2,63.27,0.034,-0.024,1
2026-04-27 03:52:30,36.33,63.3,0.026,0.006,1
2026-04-27 03:52:35,36.37,63.14,0.008,-0.032,1
2026-04-27 03:52:40,36.37,62.46,0.0,-0.136,1
2026-04-27 03:52:45,36.26,63.15,-0.022,0.138,1
2026-04-27 03:52:50,36.41,62.59,0.03,-0.112,1
2026-04-27 03:52:55,36.31,62.79,-0.02,0.04,1
2026-04-27 03:53:00,36.32,62.44,0.002,-0.07,1
2026-04-27 03:53:05,36.33,62.8,0.002,0.072,1
2026-04-27 03:53:10,28.79,73.66,-1.508,2.172,0
2026-04-27 03:53:15,28.95,74.37,0.032,0.142,0
2026-04-27 03:53:20,28.89,74.55,-0.012,0.036,0
2026-04-27 03:53:25,29.05,73.62,0.032,-0.186,0
2026-04-27 03:53:30,29.0,73.91,-0.01,0.058,0
2026-04-27 03:53:35,29.04,73.73,0.008,-0.036,0
2026-04-27 03:53:40,29.02,73.76,-0.004,0.006,0
2026-04-27 03:53:45,29.02,74.03,0.0,0.054,0
2026-04-27 03:53:50,28.96,73.85,-0.012,-0.036,0
2026-04-27 03:53:55,28.88,73.92,-0.016,0.014,0
2026-04-27 03:54:00,29.05,73.84,0.034,-0.016,0
2026-04-27 03:54:05,29.07,73.66,0.004,-0.036,0
2026-04-27 03:54:10,29.06,73.66,-0.002,0.0,0
2026-04-27 03:54:15,28.94,74.11,-0.024,0.09,0
2026-04-27 03:54:20,28.98,74.17,0.008,0.012,0
2026-04-27 03:54:25,29.06,74.03,0.016,-0.028,0
2026-04-27 03:54:30,29.0,73.76,-0.012,-0.054,0
2026-04-27 03:54:35,28.93,73.86,-0.014,0.02,0
2026-04-27 03:54:40,28.97,73.97,0.008,0.022,0
2026-04-27 03:54:45,28.91,73.91,-0.012,-0.012,0
2026-04-27 03:54:50,29.07,73.82,0.032,-0.018,0
2026-04-27 03:54:55,28.99,73.99,-0.016,0.034,0
2026-04-27 03:55:00,28.91,73.83,-0.016,-0.032,0
2026-04-27 03:55:05,29.08,74.04,0.034,0.042,0
2026-04-27 03:55:10,29.19,74.07,0.022,0.006,0
2026-04-27 03:55:15,29.11,73.78,-0.016,-0.058,0
2026-04-27 03:55:20,29.11,73.66,0.0,-0.024,0
2026-04-27 03:55:25,29.02,74.32,-0.018,0.132,0
2026-04-27 03:55:30,29.07,74.18,0.01,-0.028,0
2026-04-27 03:55:35,29.05,74.37,-0.004,0.038,0
2026-04-27 03:55:40,29.18,73.92,0.026,-0.09,0
2026-04-27 03:55:45,29.04,74.07,-0.028,0.03,0
2026-04-27 03:55:50,29.02,74.24,-0.004,0.034,0
2026-04-27 03:55:55,29.13,73.59,0.022,-0.13,0
2026-04-27 03:56:00,28.98,73.83,-0.03,0.048,0
2026-04-27 03:56:05,28.93,74.08,-0.01,0.05,0
2026-04-27 03:56:10,28.93,73.62,0.0,-0.092,0
2026-04-27 03:56:15,28.99,73.84,0.012,0.044,0
2026-04-27 03:56:20,29.01,73.87,0.004,0.006,0
2026-04-27 03:56:25,29.06,74.02,0.01,0.03,0
2026-04-27 03:56:30,29.07,73.67,0.002,-0.07,0
2026-04-27 03:56:35,29.13,74.37,0.012,0.14,0
2026-04-27 03:56:40,28.89,73.76,-0.048,-0.122,0
2026-04-27 03:56:45,29.12,74.14,0.046,0.076,0
2026-04-27 03:56:50,29.15,74.08,0.006,-0.012,0
2026-04-27 03:56:55,29.11,73.59,-0.008,-0.098,0
2026-04-27 03:57:00,29.18,73.9,0.014,0.062,0
2026-04-27 03:57:05,29.06,74.16,-0.024,0.052,0
2026-04-27 03:57:10,29.14,74.08,0.016,-0.016,0
2026-04-27 03:57:15,29.38,73.71,0.048,-0.074,1
2026-04-27 03:57:20,29.59,73.19,0.042,-0.104,1
2026-04-27 03:57:25,29.79,72.8,0.04,-0.078,1
2026-04-27 03:57:30,30.19,72.74,0.08,-0.012,1
2026-04-27 03:57:35,30.29,72.21,0.02,-0.106,1
2026-04-27 03:57:40,30.62,72.14,0.066,-0.014,1
2026-04-27 03:57:45,30.62,71.7,0.0,-0.088,1
2026-04-27 03:57:50,30.72,71.92,0.02,0.044,1
2026-04-27 03:57:55,30.78,72.24,0.012,0.064,1
2026-04-27 03:58:00,30.82,72.08,0.008,-0.032,1
2026-04-27 03:58:05,30.86,72.36,0.008,0.056,1
2026-04-27 03:58:10,31.03,72.65,0.034,0.058,1
2026-04-27 03:58:15,31.14,72.72,0.022,0.014,1
2026-04-27 03:58:20,31.09,72.62,-0.01,-0.02,1
2026-04-27 03:58:25,31.07,72.18,-0.004,-0.088,1
2026-04-27 03:58:30,31.07,72.22,0.0,0.008,1
2026-04-27 03:58:35,31.02,72.55,-0.01,0.066,1
2026-04-27 03:58:40,29.13,70.84,-0.378,-0.342,0
2026-04-27 03:58:45,29.14,70.9,0.002,0.012,0
2026-04-27 03:58:50,29.11,70.84,-0.006,-0.012,0
2026-04-27 03:58:55,29.06,70.8,-0.01,-0.008,0
2026-04-27 03:59:00,29.19,70.9,0.026,0.02,0
2026-04-27 03:59:05,29.06,70.97,-0.026,0.014,0
2026-04-27 03:59:10,29.11,71.14,0.01,0.034,0
2026-04-27 03:59:15,29.07,70.72,-0.008,-0.084,0
2026-04-27 03:59:20,29.12,70.92,0.01,0.04,0
2026-04-27 03:59:25,29.03,71.11,-0.018,0.038,0
2026-04-27 03:59:30,29.19,70.87,0.032,-0.048,0
2026-04-27 03:59:35,29.02,70.42,-0.034,-0.09,0
2026-04-27 03:59:40,29.28,70.54,0.052,0.024,0
2026-04-27 03:59:45,28.95,71.39,-0.066,0.17,0
2026-04-27 03:59:50,29.06,71.13,0.022,-0.052,0
2026-04-27 03:59:55,29.14,71.22,0.016,0.018,0
2026-04-27 04:00:00,29.05,71.0,-0.018,-0.044,0
2026-04-27 04:00:05,29.0,70.41,-0.01,-0.118,0
2026-04-27 04:00:10,29.06,70.81,0.012,0.08,0
2026-04-27 04:00:15,29.22,70.85,0.032,0.008,0
2026-04-27 04:00:20,29.05,70.6,-0.034,-0.05,0
2026-04-27 04:00:25,29.17,71.08,0.024,0.096,0
2026-04-27 04:00:30,28.99,70.7,-0.036,-0.076,0
2026-04-27 04:00:35,29.11,71.08,0.024,0.076,0
2026-04-27 04:00:40,29.15,71.04,0.008,-0.008,0
2026-04-27 04:00:45,29.15,71.11,0.0,0.014,0
2026-04-27 04:00:50,29.11,70.76,-0.008,-0.07,0
2026-04-27 04:00:55,29.15,71.4,0.008,0.128,0
2026-04-27 04:01:00,29.07,70.81,-0.016,-0.118,0
2026-04-27 04:01:05,29.22,71.22,0.03,0.082,0
2026-04-27 04:01:10,29.08,71.4,-0.028,0.036,0
2026-04-27 04:01:15,29.21,71.37,0.026,-0.006,0
2026-04-27 04:01:20,29.03,70.94,-0.036,-0.086,0
2026-04-27 04:01:25,29.11,71.16,0.016,0.044,0
2026-04-27 04:01:30,29.11,70.99,0.0,-0.034,0
2026-04-27 04:01:35,29.15,70.97,0.008,-0.004,0
2026-04-27 04:01:40,29.17,70.57,0.004,-0.08,0
2026-04-27 04:01:45,29.1,71.15,-0.014,0.116,0
2026-04-27 04:01:50,28.92,71.13,-0.036,-0.004,0
2026-04-27 04:01:55,29.08,71.04,0.032,-0.018,0
2026-04-27 04:02:00,29.0,70.62,-0.016,-0.084,0
2026-04-27 04:02:05,29.1,70.88,0.02,0.052,0
2026-04-27 04:02:10,32.88,67.19,0.756,-0.738,2
2026-04-27 04:02:15,35.61,65.44,0.546,-0.35,2
2026-04-27 04:02:20,37.47,63.34,0.372,-0.42,2
2026-04-27 04:02:25,38.68,62.06,0.242,-0.256,2
2026-04-27 04:02:30,39.26,61.15,0.116,-0.182,2
2026-04-27 04:02:35,39.49,60.96,0.046,-0.038,1
2026-04-27 04:02:40,39.7,60.69,0.042,-0.054,1
2026-04-27 04:02:45,39.84,60.55,0.028,-0.028,1
2026-04-27 04:02:50,40.03,60.65,0.038,0.02,1
2026-04-27 04:02:55,39.94,59.59,-0.018,-0.212,1
2026-04-27 04:03:00,40.05,59.79,0.022,0.04,1
2026-04-27 04:03:05,40.08,59.89,0.006,0.02,1
2026-04-27 04:03:10,39.89,60.03,-0.038,0.028,1
2026-04-27 04:03:15,40.16,59.79,0.054,-0.048,1
2026-04-27 04:03:20,40.09,59.64,-0.014,-0.03,1
2026-04-27 04:03:25,40.06,59.75,-0.006,0.022,1
2026-04-27 04:03:30,40.01,59.36,-0.01,-0.078,1
2026-04-27 04:03:35,40.13,59.33,0.024,-0.006,1
2026-04-27 04:03:40,40.16,59.82,0.006,0.098,1
2026-04-27 04:03:45,40.15,59.41,-0.002,-0.082,1
2026-04-27 04:03:50,40.1,59.21,-0.01,-0.04,1
2026-04-27 04:03:55,40.06,59.84,-0.008,0.126,1
2026-04-27 04:04:00,40.09,59.45,0.006,-0.078,1
2026-04-27 04:04:05,28.88,74.31,-2.242,2.972,0
2026-04-27 04:04:10,28.9,74.03,0.004,-0.056,0
2026-04-27 04:04:15,28.89,74.15,-0.002,0.024,0
2026-04-27 04:04:20,28.89,73.94,0.0,-0.042,0
2026-04-27 04:04:25,28.86,74.01,-0.006,0.014,0
2026-04-27 04:04:30,28.96,73.82,0.02,-0.038,0
2026-04-27 04:04:35,28.86,74.38,-0.02,0.112,0
2026-04-27 04:04:40,28.92,74.21,0.012,-0.034,0
2026-04-27 04:04:45,29.04,73.69,0.024,-0.104,0
2026-04-27 04:04:50,28.8,74.18,-0.048,0.098,0
2026-04-27 04:04:55,29.07,73.97,0.054,-0.042,0
2026-04-27 04:05:00,28.96,73.69,-0.022,-0.056,0
2026-04-27 04:05:05,28.98,74.12,0.004,0.086,0
2026-04-27 04:05:10,28.94,73.51,-0.008,-0.122,0
2026-04-27 04:05:15,29.06,73.76,0.024,0.05,0
2026-04-27 04:05:20,29.05,74.38,-0.002,0.124,0
2026-04-27 04:05:25,28.86,74.17,-0.038,-0.042,0
2026-04-27 04:05:30,28.98,74.22,0.024,0.01,0
2026-04-27 04:05:35,29.14,74.52,0.032,0.06,0
2026-04-27 04:05:40,28.96,74.11,-0.036,-0.082,0
2026-04-27 04:05:45,29.03,74.07,0.014,-0.008,0
2026-04-27 04:05:50,28.89,74.13,-0.028,0.012,0
2026-04-27 04:05:55,28.86,73.81,-0.006,-0.064,0
2026-04-27 04:06:00,28.87,74.2,0.002,0.078,0
2026-04-27 04:06:05,29.05,73.79,0.036,-0.082,0
2026-04-27 04:06:10,28.97,73.58,-0.016,-0.042,0
2026-04-27 04:06:15,28.95,74.33,-0.004,0.15,0
2026-04-27 04:06:20,29.03,74.21,0.016,-0.024,0
2026-04-27 04:06:25,29.06,73.67,0.006,-0.108,0
2026-04-27 04:06:30,30.33,71.92,0.254,-0.35,2
2026-04-27 04:06:35,31.28,70.25,0.19,-0.334,2
2026-04-27 04:06:40,32.36,69.18,0.216,-0.214,2
2026-04-27 04:06:45,33.16,68.34,0.16,-0.168,2
2026-04-27 04:06:50,33.42,67.18,0.052,-0.232,2
2026-04-27 04:06:55,34.04,66.82,0.124,-0.072,2
2026-04-27 04:07:00,34.06,66.08,0.004,-0.148,2
2026-04-27 04:07:05,34.42,65.67,0.072,-0.082,2
2026-04-27 04:07:10,34.15,64.82,-0.054,-0.17,2
2026-04-27 04:07:15,34.05,64.62,-0.02,-0.04,2
2026-04-27 04:07:20,34.23,64.6,0.036,-0.004,2
2026-04-27 04:07:25,34.13,65.01,-0.02,0.082,2
2026-04-27 04:07:30,34.06,64.06,-0.014,-0.19,2
2026-04-27 04:07:35,33.96,64.21,-0.02,0.03,2
2026-04-27 04:07:40,34.14,64.39,0.036,0.036,1
2026-04-27 04:07:45,34.52,63.78,0.076,-0.122,1
2026-04-27 04:07:50,34.62,63.73,0.02,-0.01,1
2026-04-27 04:07:55,35.02,63.54,0.08,-0.038,1
2026-04-27 04:08:00,35.07,63.34,0.01,-0.04,1
2026-04-27 04:08:05,35.13,63.16,0.012,-0.036,1
2026-04-27 04:08:10,35.35,63.32,0.044,0.032,1
2026-04-27 04:08:15,35.39,63.07,0.008,-0.05,1
2026-04-27 04:08:20,35.34,62.98,-0.01,-0.018,1
2026-04-27 04:08:25,35.44,63.07,0.02,0.018,1
2026-04-27 04:08:30,35.34,63.43,-0.02,0.072,1
2026-04-27 04:08:35,28.94,71.85,-1.28,1.684,0
2026-04-27 04:08:40,29.15,71.82,0.042,-0.006,0
2026-04-27 04:08:45,29.15,71.38,0.0,-0.088,0
2026-04-27 04:08:50,29.23,71.31,0.016,-0.014,0
2026-04-27 04:08:55,29.15,71.31,-0.016,0.0,0
2026-04-27 04:09:00,29.06,71.35,-0.018,0.008,0
2026-04-27 04:09:05,29.09,71.76,0.006,0.082,0
2026-04-27 04:09:10,28.94,71.57,-0.03,-0.038,0
2026-04-27 04:09:15,28.96,71.49,0.004,-0.016,0
2026-04-27 04:09:20,29.02,71.66,0.012,0.034,0
2026-04-27 04:09:25,29.08,71.18,0.012,-0.096,0
2026-04-27 04:09:30,29.02,71.54,-0.012,0.072,0
2026-04-27 04:09:35,29.19,72.02,0.034,0.096,0
2026-04-27 04:09:40,29.12,71.35,-0.014,-0.134,0
2026-04-27 04:09:45,29.01,70.92,-0.022,-0.086,0
2026-04-27 04:09:50,29.09,71.37,0.016,0.09,0
2026-04-27 04:09:55,29.03,71.04,-0.012,-0.066,0
2026-04-27 04:10:00,29.02,71.0,-0.002,-0.008,0
2026-04-27 04:10:05,29.17,71.29,0.03,0.058,0
2026-04-27 04:10:10,29.04,71.11,-0.026,-0.036,0
2026-04-27 04:10:15,29.12,71.15,0.016,0.008,0
2026-04-27 04:10:20,29.12,71.18,0.0,0.006,0
2026-04-27 04:10:25,29.1,71.5,-0.004,0.064,0
2026-04-27 04:10:30,29.07,71.45,-0.006,-0.01,0
2026-04-27 04:10:35,29.17,71.29,0.02,-0.032,0
2026-04-27 04:10:40,29.11,71.49,-0.012,0.04,0
2026-04-27 04:10:45,28.99,71.2,-0.024,-0.058,0
2026-04-27 04:10:50,29.12,71.15,0.026,-0.01,0
2026-04-27 04:10:55,29.13,70.89,0.002,-0.052,0
2026-04-27 04:11:00,28.99,71.35,-0.028,0.092,0
2026-04-27 04:11:05,29.15,71.06,0.032,-0.058,0
2026-04-27 04:11:10,29.11,71.33,-0.008,0.054,0
2026-04-27 04:11:15,29.12,71.44,0.002,0.022,0
2026-04-27 04:11:20,29.02,71.48,-0.02,0.008,0
2026-04-27 04:11:25,29.13,71.41,0.022,-0.014,0
2026-04-27 04:11:30,29.12,71.72,-0.002,0.062,0
2026-04-27 04:11:35,29.06,71.11,-0.012,-0.122,0
2026-04-27 04:11:40,29.05,71.37,-0.002,0.052,0
2026-04-27 04:11:45,29.21,71.54,0.032,0.034,0
2026-04-27 04:11:50,29.05,71.66,-0.032,0.024,0
2026-04-27 04:11:55,29.01,71.46,-0.008,-0.04,0
2026-04-27 04:12:00,29.12,71.04,0.022,-0.084,0
2026-04-27 04:12:05,29.07,72.04,-0.01,0.2,0
2026-04-27 04:12:10,28.97,71.3,-0.02,-0.148,0
2026-04-27 04:12:15,29.0,71.55,0.006,0.05,0
2026-04-27 04:12:20,33.98,68.34,0.996,-0.642,2
2026-04-27 04:12:25,37.7,65.98,0.744,-0.472,2
2026-04-27 04:12:30,40.05,65.22,0.47,-0.152,2
2026-04-27 04:12:35,41.47,64.67,0.284,-0.11,2
2026-04-27 04:12:40,42.45,63.46,0.196,-0.242,2
2026-04-27 04:12:45,42.89,63.05,0.088,-0.082,2
2026-04-27 04:12:50,43.08,63.31,0.038,0.052,2
2026-04-27 04:12:55,43.16,62.42,0.016,-0.178,2
2026-04-27 04:13:00,43.09,62.98,-0.014,0.112,2
2026-04-27 04:13:05,43.23,62.53,0.028,-0.09,2
2026-04-27 04:13:10,43.36,62.93,0.026,0.08,1
2026-04-27 04:13:15,43.79,62.15,0.086,-0.156,1
2026-04-27 04:13:20,43.78,62.47,-0.002,0.064,1
2026-04-27 04:13:25,43.88,61.76,0.02,-0.142,1
2026-04-27 04:13:30,44.09,61.5,0.042,-0.052,1
2026-04-27 04:13:35,44.03,61.71,-0.012,0.042,1
2026-04-27 04:13:40,44.14,61.09,0.022,-0.124,1
2026-04-27 04:13:45,44.22,61.31,0.016,0.044,1
2026-04-27 04:13:50,44.18,61.13,-0.008,-0.036,1
2026-04-27 04:13:55,44.12,61.55,-0.012,0.084,1
2026-04-27 04:14:00,44.1,60.83,-0.004,-0.144,1
2026-04-27 04:14:05,44.14,61.2,0.008,0.074,1
2026-04-27 04:14:10,28.61,71.64,-3.106,2.088,0
2026-04-27 04:14:15,28.66,71.0,0.01,-0.128,0
2026-04-27 04:14:20,28.65,71.21,-0.002,0.042,0
2026-04-27 04:14:25,28.59,71.17,-0.012,-0.008,0
2026-04-27 04:14:30,28.67,71.99,0.016,0.164,0
2026-04-27 04:14:35,28.62,71.47,-0.01,-0.104,0
2026-04-27 04:14:40,28.69,72.01,0.014,0.108,0
2026-04-27 04:14:45,28.58,71.51,-0.022,-0.1,0
2026-04-27 04:14:50,28.68,71.55,0.02,0.008,0
2026-04-27 04:14:55,28.67,71.68,-0.002,0.026,0
2026-04-27 04:15:00,28.68,71.71,0.002,0.006,0
2026-04-27 04:15:05,28.54,71.48,-0.028,-0.046,0
2026-04-27 04:15:10,28.73,71.41,0.038,-0.014,0
2026-04-27 04:15:15,28.66,70.97,-0.014,-0.088,0
2026-04-27 04:15:20,28.74,71.2,0.016,0.046,0
2026-04-27 04:15:25,28.73,71.78,-0.002,0.116,0
2026-04-27 04:15:30,28.64,71.61,-0.018,-0.034,0
2026-04-27 04:15:35,28.73,71.57,0.018,-0.008,0
2026-04-27 04:15:40,28.64,71.74,-0.018,0.034,0
2026-04-27 04:15:45,28.71,71.76,0.014,0.004,0
2026-04-27 04:15:50,28.76,71.94,0.01,0.036,0
2026-04-27 04:15:55,28.69,71.48,-0.014,-0.092,0
2026-04-27 04:16:00,28.82,71.79,0.026,0.062,0
2026-04-27 04:16:05,28.55,71.79,-0.054,0.0,0
2026-04-27 04:16:10,28.77,71.29,0.044,-0.1,0
2026-04-27 04:16:15,28.6,71.34,-0.034,0.01,0
2026-04-27 04:16:20,28.78,71.51,0.036,0.034,0
2026-04-27 04:16:25,28.75,71.62,-0.006,0.022,0
2026-04-27 04:16:30,28.89,71.86,0.028,0.048,0
2026-04-27 04:16:35,28.63,72.04,-0.052,0.036,0
2026-04-27 04:16:40,28.61,71.59,-0.004,-0.09,0
2026-04-27 04:16:45,28.49,71.62,-0.024,0.006,0
2026-04-27 04:16:50,28.65,71.46,0.032,-0.032,0
2026-04-27 04:16:55,28.57,70.98,-0.016,-0.096,0
2026-04-27 04:17:00,28.7,71.79,0.026,0.162,0
2026-04-27 04:17:05,28.56,71.5,-0.028,-0.058,0
2026-04-27 04:17:10,28.68,71.5,0.024,0.0,0
2026-04-27 04:17:15,28.77,71.27,0.018,-0.046,0
2026-04-27 04:17:20,28.74,71.21,-0.006,-0.012,0
2026-04-27 04:17:25,28.63,71.54,-0.022,0.066,0
2026-04-27 04:17:30,28.79,71.69,0.032,0.03,1
2026-04-27 04:17:35,28.75,71.4,-0.008,-0.058,1
2026-04-27 04:17:40,28.67,71.43,-0.016,0.006,1
2026-04-27 04:17:45,28.71,71.72,0.008,0.058,1
2026-04-27 04:17:50,28.79,71.7,0.016,-0.004,1
2026-04-27 04:17:55,28.69,71.45,-0.02,-0.05,1
2026-04-27 04:18:00,28.55,70.95,-0.028,-0.1,1
2026-04-27 04:18:05,28.69,71.63,0.028,0.136,1
2026-04-27 04:18:10,28.56,71.21,-0.026,-0.084,1
2026-04-27 04:18:15,28.66,71.34,0.02,0.026,1
2026-04-27 04:18:20,28.79,71.77,0.026,0.086,1
2026-04-27 04:18:25,28.71,71.59,-0.016,-0.036,0
2026-04-27 04:18:30,28.71,71.77,0.0,0.036,0
2026-04-27 04:18:35,28.64,71.55,-0.014,-0.044,0
2026-04-27 04:18:40,28.76,71.4,0.024,-0.03,0
2026-04-27 04:18:45,28.72,71.63,-0.008,0.046,0
2026-04-27 04:18:50,28.73,71.69,0.002,0.012,0
2026-04-27 04:18:55,28.81,71.61,0.016,-0.016,0
2026-04-27 04:19:00,28.7,72.07,-0.022,0.092,0
2026-04-27 04:19:05,28.74,71.94,0.008,-0.026,0
2026-04-27 04:19:10,28.62,71.94,-0.024,0.0,0
2026-04-27 04:19:15,28.75,72.15,0.026,0.042,0
2026-04-27 04:19:20,28.66,71.12,-0.018,-0.206,0
2026-04-27 04:19:25,28.69,71.59,0.006,0.094,0
2026-04-27 04:19:30,28.85,71.07,0.032,-0.104,0
2026-04-27 04:19:35,28.84,70.78,-0.002,-0.058,0
2026-04-27 04:19:40,28.74,71.26,-0.02,0.096,0
2026-04-27 04:19:45,28.83,71.48,0.018,0.044,0
2026-04-27 04:19:50,28.76,71.21,-0.014,-0.054,0
2026-04-27 04:19:55,28.95,71.1,0.038,-0.022,0
2026-04-27 04:20:00,28.82,71.01,-0.026,-0.018,0
2026-04-27 04:20:05,28.84,71.05,0.004,0.008,0
2026-04-27 04:20:10,28.77,71.15,-0.014,0.02,0
2026-04-27 04:20:15,28.87,71.45,0.02,0.06,0
2026-04-27 04:20:20,28.89,71.21,0.004,-0.048,0
2026-04-27 04:20:25,28.78,71.22,-0.022,0.002,0
2026-04-27 04:20:30,28.88,71.23,0.02,0.002,0
2026-04-27 04:20:35,28.95,71.64,0.014,0.082,0
2026-04-27 04:20:40,28.83,70.95,-0.024,-0.138,0
2026-04-27 04:20:45,28.9,71.29,0.014,0.068,0
2026-04-27 04:20:50,28.76,71.04,-0.028,-0.05,0
2026-04-27 04:20:55,28.82,70.73,0.012,-0.062,0
2026-04-27 04:21:00,28.81,71.01,-0.002,0.056,0
2026-04-27 04:21:05,28.97,70.86,0.032,-0.03,0
2026-04-27 04:21:10,28.99,71.13,0.004,0.054,0
2026-04-27 04:21:15,28.84,70.94,-0.03,-0.038,0
2026-04-27 04:21:20,28.91,70.41,0.014,-0.106,0
2026-04-27 04:21:25,28.83,70.85,-0.016,0.088,0
2026-04-27 04:21:30,28.93,70.65,0.02,-0.04,0
2026-04-27 04:21:35,28.82,71.17,-0.022,0.104,0
2026-04-27 04:21:40,29.06,71.18,0.048,0.002,0
2026-04-27 04:21:45,28.91,70.72,-0.03,-0.092,0
2026-04-27 04:21:50,28.88,70.95,-0.006,0.046,0
2026-04-27 04:21:55,28.95,71.43,0.014,0.096,0
2026-04-27 04:22:00,28.88,71.15,-0.014,-0.056,0
2026-04-27 04:22:05,28.94,71.27,0.012,0.024,0
2026-04-27 04:22:10,28.82,70.84,-0.024,-0.086,0
2026-04-27 04:22:15,28.77,71.49,-0.01,0.13,0
2026-04-27 04:22:20,28.9,70.8,0.026,-0.138,0
2026-04-27 04:22:25,28.85,70.98,-0.01,0.036,0
2026-04-27 04:22:30,28.9,71.51,0.01,0.106,0
2026-04-27 04:22:35,28.92,70.81,0.004,-0.14,0
2026-04-27 04:22:40,28.81,71.53,-0.022,0.144,0
2026-04-27 04:22:45,28.87,71.38,0.012,-0.03,0
2026-04-27 04:22:50,28.96,71.87,0.018,0.098,0
2026-04-27 04:22:55,28.93,70.83,-0.006,-0.208,0
2026-04-27 04:23:00,28.88,70.63,-0.01,-0.04,0
2026-04-27 04:23:05,29.03,71.25,0.03,0.124,0
2026-04-27 04:23:10,29.01,70.99,-0.004,-0.052,0
2026-04-27 04:23:15,28.94,71.27,-0.014,0.056,1
2026-04-27 04:23:20,28.86,70.81,-0.016,-0.092,1
2026-04-27 04:23:25,28.95,71.03,0.018,0.044,1
2026-04-27 04:23:30,28.95,71.16,0.0,0.026,1
2026-04-27 04:23:35,28.91,71.42,-0.008,0.052,1
2026-04-27 04:23:40,28.95,70.79,0.008,-0.126,1
2026-04-27 04:23:45,28.95,71.09,0.0,0.06,1
2026-04-27 04:23:50,29.03,71.15,0.016,0.012,1
2026-04-27 04:23:55,28.86,71.32,-0.034,0.034,1
2026-04-27 04:24:00,28.98,71.01,0.024,-0.062,1
2026-04-27 04:24:05,28.94,70.87,-0.008,-0.028,1
2026-04-27 04:24:10,29.05,71.28,0.022,0.082,1
2026-04-27 04:24:15,28.93,71.29,-0.024,0.002,1
2026-04-27 04:24:20,29.03,71.06,0.02,-0.046,0
2026-04-27 04:24:25,28.89,71.04,-0.028,-0.004,0
2026-04-27 04:24:30,28.96,71.26,0.014,0.044,0
2026-04-27 04:24:35,28.99,71.37,0.006,0.022,0
2026-04-27 04:24:40,28.98,71.47,-0.002,0.02,0
2026-04-27 04:24:45,29.13,71.41,0.03,-0.012,0
2026-04-27 04:24:50,28.94,71.63,-0.038,0.044,0
2026-04-27 04:24:55,29.07,71.36,0.026,-0.054,0
2026-04-27 04:25:00,29.11,71.59,0.008,0.046,0
2026-04-27 04:25:05,29.09,71.88,-0.004,0.058,0
2026-04-27 04:25:10,29.14,71.4,0.01,-0.096,0
2026-04-27 04:25:15,29.04,71.71,-0.02,0.062,0
2026-04-27 04:25:20,29.14,71.38,0.02,-0.066,0
2026-04-27 04:25:25,28.95,71.73,-0.038,0.07,0
2026-04-27 04:25:30,28.89,71.26,-0.012,-0.094,0
2026-04-27 04:25:35,29.29,70.53,0.08,-0.146,0
2026-04-27 04:25:40,29.13,70.65,-0.032,0.024,0
2026-04-27 04:25:45,29.12,70.52,-0.002,-0.026,0
2026-04-27 04:25:50,29.13,70.82,0.002,0.06,0
2026-04-27 04:25:55,29.14,70.51,0.002,-0.062,0
2026-04-27 04:26:00,29.26,70.75,0.024,0.048,0
2026-04-27 04:26:05,29.16,70.54,-0.02,-0.042,0
2026-04-27 04:26:10,29.32,70.7,0.032,0.032,0
2026-04-27 04:26:15,29.36,70.91,0.008,0.042,0
2026-04-27 04:26:20,29.27,70.36,-0.018,-0.11,0
2026-04-27 04:26:25,29.08,70.87,-0.038,0.102,0
2026-04-27 04:26:30,29.1,70.45,0.004,-0.084,0
2026-04-27 04:26:35,29.15,70.36,0.01,-0.018,0
2026-04-27 04:26:40,29.29,70.31,0.028,-0.01,0
2026-04-27 04:26:45,29.09,70.67,-0.04,0.072,0
2026-04-27 04:26:50,29.29,70.2,0.04,-0.094,0
2026-04-27 04:26:55,29.35,70.63,0.012,0.086,0
2026-04-27 04:27:00,29.26,70.43,-0.018,-0.04,0
2026-04-27 04:27:05,29.3,70.64,0.008,0.042,0
2026-04-27 04:27:10,29.33,70.62,0.006,-0.004,0
2026-04-27 04:27:15,29.29,70.36,-0.008,-0.052,0
2026-04-27 04:27:20,29.28,70.58,-0.002,0.044,0
2026-04-27 04:27:25,29.46,70.58,0.036,0.0,0
2026-04-27 04:27:30,29.32,70.5,-0.028,-0.016,0
2026-04-27 04:27:35,29.32,69.95,0.0,-0.11,0
2026-04-27 04:27:40,29.41,70.54,0.018,0.118,0
2026-04-27 04:27:45,29.34,70.14,-0.014,-0.08,0
2026-04-27 04:27:50,29.18,70.27,-0.032,0.026,0
2026-04-27 04:27:55,29.17,70.3,-0.002,0.006,0
2026-04-27 04:28:00,29.27,70.88,0.02,0.116,0
2026-04-27 04:28:05,29.35,70.52,0.016,-0.072,0
2026-04-27 04:28:10,29.32,70.49,-0.006,-0.006,0
2026-04-27 04:28:15,29.42,71.09,0.02,0.12,0
2026-04-27 04:28:20,29.21,70.63,-0.042,-0.092,0
2026-04-27 04:28:25,29.4,70.13,0.038,-0.1,1
2026-04-27 04:28:30,29.62,69.84,0.044,-0.058,1
2026-04-27 04:28:35,29.81,69.71,0.038,-0.026,1
2026-04-27 04:28:40,29.92,69.41,0.022,-0.06,1
2026-04-27 04:28:45,30.29,68.53,0.074,-0.176,1
2026-04-27 04:28:50,30.18,68.89,-0.022,0.072,1
2026-04-27 04:28:55,30.33,68.88,0.03,-0.002,1
2026-04-27 04:29:00,30.38,68.64,0.01,-0.048,1
2026-04-27 04:29:05,30.57,68.1,0.038,-0.108,1
2026-04-27 04:29:10,30.85,67.83,0.056,-0.054,1
2026-04-27 04:29:15,30.83,68.24,-0.004,0.082,1
2026-04-27 04:29:20,30.89,67.91,0.012,-0.066,1
2026-04-27 04:29:25,31.0,67.65,0.022,-0.052,1
2026-04-27 04:29:30,30.95,67.72,-0.01,0.014,1
2026-04-27 04:29:35,31.11,67.56,0.032,-0.032,1
2026-04-27 04:29:40,31.16,67.74,0.01,0.036,1
2026-04-27 04:29:45,31.29,67.98,0.026,0.048,1
2026-04-27 04:29:50,31.21,67.46,-0.016,-0.104,1
2026-04-27 04:29:55,31.31,67.89,0.02,0.086,1
2026-04-27 04:30:00,31.37,67.39,0.012,-0.1,1
2026-04-27 04:30:05,31.22,67.64,-0.03,0.05,1
2026-04-27 04:30:10,31.36,67.89,0.028,0.05,1
2026-04-27 04:30:15,31.43,67.73,0.014,-0.032,1
2026-04-27 04:30:20,31.42,67.54,-0.002,-0.038,1
2026-04-27 04:30:25,31.32,67.88,-0.02,0.068,1
2026-04-27 04:30:30,31.24,68.11,-0.016,0.046,1
2026-04-27 04:30:35,31.39,68.17,0.03,0.012,1
2026-04-27 04:30:40,31.46,67.73,0.014,-0.088,1
2026-04-27 04:30:45,31.52,67.48,0.012,-0.05,1
2026-04-27 04:30:50,31.42,67.71,-0.02,0.046,1
2026-04-27 04:30:55,31.39,67.55,-0.006,-0.032,1
2026-04-27 04:31:00,31.29,67.8,-0.02,0.05,1
2026-04-27 04:31:05,31.5,67.4,0.042,-0.08,1
2026-04-27 04:31:10,31.3,67.84,-0.04,0.088,1
2026-04-27 04:31:15,28.75,72.64,-0.51,0.96,0
2026-04-27 04:31:20,28.78,72.16,0.006,-0.096,0
2026-04-27 04:31:25,28.88,72.11,0.02,-0.01,0
2026-04-27 04:31:30,28.89,72.04,0.002,-0.014,0
2026-04-27 04:31:35,28.75,72.1,-0.028,0.012,0
2026-04-27 04:31:40,28.74,72.12,-0.002,0.004,0
2026-04-27 04:31:45,28.94,72.24,0.04,0.024,0
2026-04-27 04:31:50,28.82,72.27,-0.024,0.006,0
2026-04-27 04:31:55,28.75,72.56,-0.014,0.058,0
2026-04-27 04:32:00,28.87,72.17,0.024,-0.078,0
2026-04-27 04:32:05,28.88,72.37,0.002,0.04,0
2026-04-27 04:32:10,28.76,72.4,-0.024,0.006,0
2026-04-27 04:32:15,28.71,72.27,-0.01,-0.026,0
2026-04-27 04:32:20,28.79,72.36,0.016,0.018,0
2026-04-27 04:32:25,28.8,72.63,0.002,0.054,0
2026-04-27 04:32:30,28.71,72.39,-0.018,-0.048,0
2026-04-27 04:32:35,28.69,72.28,-0.004,-0.022,0
2026-04-27 04:32:40,28.9,72.38,0.042,0.02,0
2026-04-27 04:32:45,28.83,72.28,-0.014,-0.02,0
2026-04-27 04:32:50,28.73,71.89,-0.02,-0.078,0
2026-04-27 04:32:55,28.72,72.64,-0.002,0.15,0
2026-04-27 04:33:00,28.81,72.65,0.018,0.002,0
2026-04-27 04:33:05,28.86,72.59,0.01,-0.012,0
2026-04-27 04:33:10,28.79,72.25,-0.014,-0.068,1
2026-04-27 04:33:15,28.72,72.23,-0.014,-0.004,1
2026-04-27 04:33:20,28.87,72.27,0.03,0.008,1
2026-04-27 04:33:25,28.77,72.21,-0.02,-0.012,1
2026-04-27 04:33:30,28.85,72.28,0.016,0.014,1
2026-04-27 04:33:35,28.86,72.12,0.002,-0.032,1
2026-04-27 04:33:40,28.75,72.34,-0.022,0.044,1
2026-04-27 04:33:45,28.71,72.67,-0.008,0.066,1
2026-04-27 04:33:50,28.81,72.03,0.02,-0.128,1
2026-04-27 04:33:55,28.79,72.53,-0.004,0.1,1
2026-04-27 04:34:00,28.82,72.34,0.006,-0.038,1
2026-04-27 04:34:05,28.82,72.65,0.0,0.062,1
2026-04-27 04:34:10,28.84,72.28,0.004,-0.074,1
2026-04-27 04:34:15,28.88,72.35,0.008,0.014,1
2026-04-27 04:34:20,28.71,72.43,-0.034,0.016,1
2026-04-27 04:34:25,29.05,72.69,0.068,0.052,0
2026-04-27 04:34:30,28.9,72.45,-0.03,-0.048,0
2026-04-27 04:34:35,28.95,72.7,0.01,0.05,0
2026-04-27 04:34:40,29.01,72.46,0.012,-0.048,0
2026-04-27 04:34:45,28.93,72.14,-0.016,-0.064,0
2026-04-27 04:34:50,28.89,73.06,-0.008,0.184,0
2026-04-27 04:34:55,28.89,72.88,0.0,-0.036,0
2026-04-27 04:35:00,28.96,72.49,0.014,-0.078,0
2026-04-27 04:35:05,28.97,72.11,0.002,-0.076,0
2026-04-27 04:35:10,28.95,72.84,-0.004,0.146,0
2026-04-27 04:35:15,28.79,73.67,-0.032,0.166,0
2026-04-27 04:35:20,28.79,73.98,0.0,0.062,0
2026-04-27 04:35:25,28.69,73.79,-0.02,-0.038,0
2026-04-27 04:35:30,28.93,74.22,0.048,0.086,0
2026-04-27 04:35:35,28.57,74.04,-0.072,-0.036,0
2026-04-27 04:35:40,28.76,73.38,0.038,-0.132,0
2026-04-27 04:35:45,28.69,74.01,-0.014,0.126,0
2026-04-27 04:35:50,28.86,73.84,0.034,-0.034,0
2026-04-27 04:35:55,28.76,73.85,-0.02,0.002,0
2026-04-27 04:36:00,28.71,73.9,-0.01,0.01,0
2026-04-27 04:36:05,28.85,73.64,0.028,-0.052,0
2026-04-27 04:36:10,28.65,74.05,-0.04,0.082,0
2026-04-27 04:36:15,28.84,73.7,0.038,-0.07,0
2026-04-27 04:36:20,28.78,73.96,-0.012,0.052,0
2026-04-27 04:36:25,28.86,74.12,0.016,0.032,0
2026-04-27 04:36:30,28.69,73.65,-0.034,-0.094,0
2026-04-27 04:36:35,28.69,73.49,0.0,-0.032,0
2026-04-27 04:36:40,28.8,73.55,0.022,0.012,0
2026-04-27 04:36:45,28.78,74.3,-0.004,0.15,0
2026-04-27 04:36:50,28.61,73.72,-0.034,-0.116,0
2026-04-27 04:36:55,28.71,74.0,0.02,0.056,0
2026-04-27 04:37:00,28.92,74.03,0.042,0.006,0
2026-04-27 04:37:05,28.71,73.73,-0.042,-0.06,0
2026-04-27 04:37:10,28.82,73.8,0.022,0.014,0
2026-04-27 04:37:15,28.75,73.72,-0.014,-0.016,0
2026-04-27 04:37:20,28.71,74.3,-0.008,0.116,0
2026-04-27 04:37:25,28.69,74.02,-0.004,-0.056,0
2026-04-27 04:37:30,28.84,73.64,0.03,-0.076,0
2026-04-27 04:37:35,28.83,74.07,-0.002,0.086,0
2026-04-27 04:37:40,28.68,73.88,-0.03,-0.038,0
2026-04-27 04:37:45,28.95,73.72,0.054,-0.032,0
2026-04-27 04:37:50,28.73,74.34,-0.044,0.124,0
2026-04-27 04:37:55,28.71,74.3,-0.004,-0.008,0
2026-04-27 04:38:00,28.82,73.59,0.022,-0.142,0
2026-04-27 04:38:05,28.87,74.11,0.01,0.104,0
2026-04-27 04:38:10,28.78,73.97,-0.018,-0.028,1
2026-04-27 04:38:15,28.69,73.62,-0.018,-0.07,1
2026-04-27 04:38:20,28.83,74.34,0.028,0.144,1
2026-04-27 04:38:25,28.74,74.17,-0.018,-0.034,1
2026-04-27 04:38:30,28.98,73.76,0.048,-0.082,1
2026-04-27 04:38:35,28.61,73.78,-0.074,0.004,0
2026-04-27 04:38:40,28.85,74.31,0.048,0.106,0
2026-04-27 04:38:45,28.94,73.99,0.018,-0.064,0
2026-04-27 04:38:50,28.75,74.25,-0.038,0.052,0
2026-04-27 04:38:55,28.9,74.12,0.03,-0.026,0
2026-04-27 04:39:00,28.97,74.0,0.014,-0.024,0
2026-04-27 04:39:05,28.84,73.69,-0.026,-0.062,0
2026-04-27 04:39:10,28.73,74.36,-0.022,0.134,0
2026-04-27 04:39:15,28.93,74.07,0.04,-0.058,0
2026-04-27 04:39:20,28.86,73.8,-0.014,-0.054,0
2026-04-27 04:39:25,28.82,73.91,-0.008,0.022,0
2026-04-27 04:39:30,28.93,74.32,0.022,0.082,0
2026-04-27 04:39:35,28.97,73.62,0.008,-0.14,0
2026-04-27 04:39:40,28.82,72.45,-0.03,-0.234,0
2026-04-27 04:39:45,28.8,72.65,-0.004,0.04,0
2026-04-27 04:39:50,28.87,71.94,0.014,-0.142,0
2026-04-27 04:39:55,28.97,72.59,0.02,0.13,0
2026-04-27 04:40:00,28.94,72.23,-0.006,-0.072,0
2026-04-27 04:40:05,28.94,72.45,0.0,0.044,0
2026-04-27 04:40:10,28.88,72.09,-0.012,-0.072,0
2026-04-27 04:40:15,28.89,71.95,0.002,-0.028,0
2026-04-27 04:40:20,28.86,72.72,-0.006,0.154,0
2026-04-27 04:40:25,28.8,72.97,-0.012,0.05,0
2026-04-27 04:40:30,29.08,72.52,0.056,-0.09,0
2026-04-27 04:40:35,28.82,71.83,-0.052,-0.138,0
2026-04-27 04:40:40,29.05,72.32,0.046,0.098,0
2026-04-27 04:40:45,28.83,72.11,-0.044,-0.042,0
2026-04-27 04:40:50,28.95,72.07,0.024,-0.008,0
2026-04-27 04:40:55,28.98,72.42,0.006,0.07,0
2026-04-27 04:41:00,28.95,72.22,-0.006,-0.04,0
2026-04-27 04:41:05,28.98,71.92,0.006,-0.06,0
2026-04-27 04:41:10,28.81,72.43,-0.034,0.102,0
2026-04-27 04:41:15,28.98,71.96,0.034,-0.094,0
2026-04-27 04:41:20,28.9,72.11,-0.016,0.03,0
2026-04-27 04:41:25,28.94,71.95,0.008,-0.032,0
2026-04-27 04:41:30,29.0,72.08,0.012,0.026,0
2026-04-27 04:41:35,28.96,72.34,-0.008,0.052,0
2026-04-27 04:41:40,28.84,72.14,-0.024,-0.04,0
2026-04-27 04:41:45,28.96,72.0,0.024,-0.028,0
2026-04-27 04:41:50,29.01,72.54,0.01,0.108,0
2026-04-27 04:41:55,29.08,72.84,0.014,0.06,1
2026-04-27 04:42:00,29.0,73.21,-0.016,0.074,1
2026-04-27 04:42:05,29.05,72.95,0.01,-0.052,1
2026-04-27 04:42:10,29.04,73.72,-0.002,0.154,1
2026-04-27 04:42:15,28.9,74.31,-0.028,0.118,1
2026-04-27 04:42:20,29.02,73.69,0.024,-0.124,1
2026-04-27 04:42:25,29.12,74.07,0.02,0.076,1
2026-04-27 04:42:30,29.01,74.74,-0.022,0.134,1
2026-04-27 04:42:35,29.17,74.49,0.032,-0.05,1
2026-04-27 04:42:40,29.21,74.69,0.008,0.04,1
2026-04-27 04:42:45,29.04,75.2,-0.034,0.102,1
2026-04-27 04:42:50,29.1,75.17,0.012,-0.006,1
2026-04-27 04:42:55,29.04,75.29,-0.012,0.024,1
2026-04-27 04:43:00,29.23,75.29,0.038,0.0,1
2026-04-27 04:43:05,29.31,75.34,0.016,0.01,1
2026-04-27 04:43:10,29.22,74.94,-0.018,-0.08,1
2026-04-27 04:43:15,29.22,75.65,0.0,0.142,1
2026-04-27 04:43:20,29.19,75.95,-0.006,0.06,1
2026-04-27 04:43:25,29.26,75.6,0.014,-0.07,1
2026-04-27 04:43:30,29.31,75.67,0.01,0.014,1
2026-04-27 04:43:35,29.2,75.92,-0.022,0.05,1
2026-04-27 04:43:40,29.33,75.95,0.026,0.006,1
2026-04-27 04:43:45,29.31,76.05,-0.004,0.02,1
2026-04-27 04:43:50,29.39,75.59,0.016,-0.092,1
2026-04-27 04:43:55,29.37,75.66,-0.004,0.014,1
2026-04-27 04:44:00,29.26,75.97,-0.022,0.062,1
2026-04-27 04:44:05,29.36,76.1,0.02,0.026,1
2026-04-27 04:44:10,29.39,75.86,0.006,-0.048,1
2026-04-27 04:44:15,29.34,75.65,-0.01,-0.042,1
2026-04-27 04:44:20,29.37,75.91,0.006,0.052,1
2026-04-27 04:44:25,29.31,75.92,-0.012,0.002,1
2026-04-27 04:44:30,29.22,76.2,-0.018,0.056,1
2026-04-27 04:44:35,29.26,76.12,0.008,-0.016,1
2026-04-27 04:44:40,29.36,75.79,0.02,-0.066,1
2026-04-27 04:44:45,28.81,71.5,-0.11,-0.858,0
2026-04-27 04:44:50,28.72,71.26,-0.018,-0.048,0
2026-04-27 04:44:55,28.83,71.37,0.022,0.022,0
2026-04-27 04:45:00,28.99,70.72,0.032,-0.13,0
2026-04-27 04:45:05,28.88,70.91,-0.022,0.038,0
2026-04-27 04:45:10,28.89,71.47,0.002,0.112,0
2026-04-27 04:45:15,29.03,70.94,0.028,-0.106,0
2026-04-27 04:45:20,28.96,70.91,-0.014,-0.006,0
2026-04-27 04:45:25,28.89,71.04,-0.014,0.026,0
2026-04-27 04:45:30,28.82,71.16,-0.014,0.024,0
2026-04-27 04:45:35,28.84,71.13,0.004,-0.006,0
2026-04-27 04:45:40,28.85,71.06,0.002,-0.014,0
2026-04-27 04:45:45,28.94,71.23,0.018,0.034,0
2026-04-27 04:45:50,28.9,71.15,-0.008,-0.016,0
2026-04-27 04:45:55,28.95,71.0,0.01,-0.03,0
2026-04-27 04:46:00,29.0,71.0,0.01,0.0,0
2026-04-27 04:46:05,28.83,70.55,-0.034,-0.09,0
2026-04-27 04:46:10,28.91,71.16,0.016,0.122,0
2026-04-27 04:46:15,29.08,70.79,0.034,-0.074,0
2026-04-27 04:46:20,29.02,70.94,-0.012,0.03,0
2026-04-27 04:46:25,29.08,71.06,0.012,0.024,0
2026-04-27 04:46:30,28.97,70.73,-0.022,-0.066,0
2026-04-27 04:46:35,29.04,70.68,0.014,-0.01,0
2026-04-27 04:46:40,28.94,70.94,-0.02,0.052,0
2026-04-27 04:46:45,28.98,70.94,0.008,0.0,0
2026-04-27 04:46:50,29.05,71.23,0.014,0.058,0
2026-04-27 04:46:55,28.97,71.11,-0.016,-0.024,0
2026-04-27 04:47:00,28.94,71.3,-0.006,0.038,0
2026-04-27 04:47:05,29.05,70.8,0.022,-0.1,0
2026-04-27 04:47:10,28.93,70.81,-0.024,0.002,0
2026-04-27 04:47:15,29.05,70.86,0.024,0.01,0
2026-04-27 04:47:20,29.01,71.37,-0.008,0.102,0
2026-04-27 04:47:25,28.84,71.12,-0.034,-0.05,0
2026-04-27 04:47:30,29.01,70.8,0.034,-0.064,0
2026-04-27 04:47:35,28.94,71.24,-0.014,0.088,0
2026-04-27 04:47:40,28.96,70.88,0.004,-0.072,0
2026-04-27 04:47:45,28.8,70.85,-0.032,-0.006,0
2026-04-27 04:47:50,28.93,71.49,0.026,0.128,0
2026-04-27 04:47:55,28.94,70.5,0.002,-0.198,0
2026-04-27 04:48:00,28.93,70.82,-0.002,0.064,0
2026-04-27 04:48:05,28.93,71.15,0.0,0.066,0
2026-04-27 04:48:10,28.95,71.06,0.004,-0.018,0
2026-04-27 04:48:15,29.04,71.22,0.018,0.032,0
2026-04-27 04:48:20,28.92,70.91,-0.024,-0.062,0
2026-04-27 04:48:25,29.01,70.9,0.018,-0.002,0
2026-04-27 04:48:30,28.93,71.34,-0.016,0.088,1
2026-04-27 04:48:35,28.97,71.99,0.008,0.13,1
2026-04-27 04:48:40,29.12,72.52,0.03,0.106,1
2026-04-27 04:48:45,29.08,73.01,-0.008,0.098,1
2026-04-27 04:48:50,29.02,73.52,-0.012,0.102,1
2026-04-27 04:48:55,29.07,73.42,0.01,-0.02,1
2026-04-27 04:49:00,29.05,73.76,-0.004,0.068,1
2026-04-27 04:49:05,29.21,74.19,0.032,0.086,1
2026-04-27 04:49:10,28.92,74.29,-0.058,0.02,1
2026-04-27 04:49:15,29.06,75.13,0.028,0.168,1
2026-04-27 04:49:20,29.15,75.28,0.018,0.03,1
2026-04-27 04:49:25,29.02,75.89,-0.026,0.122,1
2026-04-27 04:49:30,29.09,75.27,0.014,-0.124,1
2026-04-27 04:49:35,29.04,75.67,-0.01,0.08,1
2026-04-27 04:49:40,29.18,75.4,0.028,-0.054,1
2026-04-27 04:49:45,29.13,75.39,-0.01,-0.002,1
2026-04-27 04:49:50,29.06,75.9,-0.014,0.102,1
2026-04-27 04:49:55,29.35,75.74,0.058,-0.032,1
